{"type":"FeatureCollection", "features": [
{"type":"Feature","geometry":{"type":"Polygon","coordinates":[[[55.574049022504084,-20.993458233463805],[55.57498797002091,-20.992737989300544],[55.57645035597455,-20.99250812251114],[55.57723080400639,-20.9922707393224],[55.57743583171595,-20.991748505177124],[55.578085040525984,-20.991453109765022],[55.57895719167543,-20.990469407045882],[55.579030414291566,-20.99015203610127],[55.578755908378476,-20.989072039214154],[55.578893166037155,-20.988493228848476],[55.579487479574134,-20.987796277970084],[55.580208360230344,-20.987243110562993],[55.58097312681288,-20.986116672590946],[55.58127393087559,-20.9859412169002],[55.58234565134538,-20.9848010680101],[55.58279500261404,-20.983867120312816],[55.58434088478499,-20.98221779315628],[55.584875106835156,-20.981155363478567],[55.58531002391836,-20.980627799900017],[55.586767846458045,-20.97943752676125],[55.587263011823694,-20.978536465664074],[55.58852263081251,-20.97724696872852],[55.589576342626756,-20.976783236773176],[55.59005207733554,-20.976105135762868],[55.59104254075553,-20.975307529734934],[55.59144062660943,-20.974292730998645],[55.59243591981119,-20.972874544948244],[55.59327143577279,-20.972494804900926],[55.593138088607326,-20.971841475321792],[55.59352496089374,-20.970994603341076],[55.59402216576382,-20.970690659060633],[55.59478033000541,-20.97055869778084],[55.59581750140607,-20.969490436183886],[55.59712395754251,-20.969040479418705],[55.598888692197846,-20.967713498680773],[55.599529269471006,-20.967709729936267],[55.600745068474566,-20.966870551453326],[55.601989068083704,-20.967548347951755],[55.60311402898249,-20.966650591200867],[55.60348093707113,-20.966081766328237],[55.604106876518735,-20.966307315461542],[55.60489354888748,-20.966002094450488],[55.60550449195502,-20.965978186213697],[55.605867965773136,-20.965674917790913],[55.6071245386103,-20.965308486345226],[55.60756904802533,-20.965393421386185],[55.608094104977255,-20.964984870314947],[55.60864030239476,-20.965097733970655],[55.61055482043048,-20.963990462670257],[55.61106383586229,-20.9629223109804],[55.61104918219644,-20.96169722188607],[55.61203423374343,-20.960942800277184],[55.61249686004205,-20.96041809438996],[55.613572337655455,-20.95997244843688],[55.61408738681457,-20.960019997988013],[55.614523334826714,-20.959467064686212],[55.6151902583722,-20.95920960205833],[55.61570409363957,-20.958657297991333],[55.61641459543593,-20.958261968195515],[55.61712723895774,-20.95742400024233],[55.61755241093068,-20.95730910633839],[55.61895708901088,-20.957351204459226],[55.619897821528546,-20.956493390274677],[55.6198874221861,-20.955635101629554],[55.620162156513906,-20.95524977793394],[55.6207327003817,-20.95511708112067],[55.62168824312178,-20.95400462406727],[55.62229598224171,-20.953695161036762],[55.6226719528534,-20.95307035306963],[55.62317896457863,-20.952732971785867],[55.62427615425374,-20.953058911073235],[55.62483794495004,-20.95367231689553],[55.62480398638705,-20.95402074569592],[55.62567256240232,-20.954529121209884],[55.62569811184824,-20.955101163438915],[55.626492146346806,-20.955453553838975],[55.62701513227742,-20.955894999302537],[55.62789670278928,-20.955718710316145],[55.628523159338144,-20.955992956117143],[55.629627582276434,-20.955845551707988],[55.63043126002693,-20.955034453344044],[55.630633993925805,-20.954103797175694],[55.63100527225098,-20.95377975596602],[55.632095954382585,-20.95397821764955],[55.63259478539092,-20.95337514907435],[55.63406350529803,-20.953775372092462],[55.63431341044816,-20.952942652881106],[55.63511493826063,-20.95193999693121],[55.634513574066524,-20.95155034403567],[55.634472361779316,-20.95111097247694],[55.63541688208744,-20.95077615224123],[55.6357382756274,-20.951603507686748],[55.63698514100345,-20.951758018098083],[55.63715505437586,-20.951260711104556],[55.636738626625494,-20.950625921339793],[55.63714195273958,-20.949521602650904],[55.637783147823065,-20.948591727908077],[55.63830290756316,-20.94758409364065],[55.6383666114755,-20.946814019707688],[55.64034820828537,-20.945364544484338],[55.6410303367688,-20.944583135953145],[55.64076238966305,-20.943905272779773],[55.639957388849076,-20.94317253927777],[55.6402971995394,-20.942707297046436],[55.64087488348101,-20.94284198704479],[55.64189158642225,-20.944092232164515],[55.64243727601644,-20.944043276165914],[55.64251251990876,-20.943377179945795],[55.6435694274873,-20.942194930487986],[55.6438685854371,-20.94218466142031],[55.644872003987494,-20.942669620095465],[55.645603786428026,-20.942457716272955],[55.645492213340894,-20.94213974348314],[55.6448525114591,-20.941843774525218],[55.645376044976835,-20.94115684516104],[55.64521798480567,-20.93980684104641],[55.64571926144392,-20.939348289010965],[55.64625240076772,-20.939302833828343],[55.646409679446876,-20.938601250186565],[55.646062049304646,-20.937693303022918],[55.6462679319845,-20.936719283483676],[55.64584710471271,-20.93539700606843],[55.64460891096727,-20.935360978047296],[55.64449636118585,-20.934404305726137],[55.64362179189427,-20.934566289283335],[55.642626654230924,-20.934342468706184],[55.64197637306608,-20.93394432424691],[55.64239593277698,-20.933162623674992],[55.64183042022719,-20.93200179563729],[55.641650121635394,-20.93120267470696],[55.64172662138519,-20.93039656355938],[55.64156984156039,-20.92997524329415],[55.64104118376762,-20.929847271750525],[55.640076560117826,-20.93018829415419],[55.639394280038864,-20.929929006582352],[55.639072112043564,-20.929295878064725],[55.63822179866068,-20.928691961436652],[55.637537756321926,-20.928628686451194],[55.63634146568615,-20.929069017055582],[55.635784064257514,-20.928399675089185],[55.63584621293291,-20.927801230550003],[55.63616705185245,-20.92741082370675],[55.6359193912253,-20.92651540144281],[55.635225724483234,-20.925923563209324],[55.63374609759637,-20.925164632392935],[55.6326213169373,-20.925567568188068],[55.63054529568736,-20.925791225960175],[55.629705155962505,-20.92576641670298],[55.62947928142379,-20.92554598578568],[55.62973004056273,-20.92429862555019],[55.62977917525464,-20.92323032237449],[55.62967412889909,-20.920824683580644],[55.62998453260645,-20.919572380244702],[55.62999564988265,-20.91760852190661],[55.63021798866763,-20.914830605161576],[55.63076468813994,-20.91254130616501],[55.63060424581482,-20.911893199423425],[55.6286898426464,-20.910646533228185],[55.6266972372753,-20.9107064085509],[55.625110570005035,-20.910636731742727],[55.62241529569037,-20.910893256448464],[55.62151769864818,-20.910747798140235],[55.62002713340488,-20.910157600757014],[55.61787915001723,-20.908814076542527],[55.61563284255423,-20.907922321910938],[55.61429857691032,-20.907486917242437],[55.61218632090416,-20.90644985944795],[55.610248083623155,-20.90541509580719],[55.60779197451745,-20.904349894323463],[55.60510055716071,-20.902848215180583],[55.60474676015143,-20.902745955325834],[55.60255005977937,-20.901395527279448],[55.601695040268055,-20.90071009912147],[55.60045286564831,-20.8994785693216],[55.59865258588815,-20.898824227740683],[55.597125281184596,-20.89848648253657],[55.5952817763701,-20.897315023065158],[55.59319753701694,-20.896293329917988],[55.59204344488113,-20.895936028340643],[55.5910106767048,-20.895866991371555],[55.58898521783567,-20.895966816078015],[55.586063514468904,-20.897227260740312],[55.584502873444784,-20.897579302660876],[55.58362438123705,-20.897665071043875],[55.58153838572422,-20.897452642334674],[55.579886393819244,-20.897091126295653],[55.577818912169676,-20.896139852510288],[55.57526029841829,-20.89467225278921],[55.575437474345215,-20.89606672044301],[55.57562501537645,-20.896566941725222],[55.57545821333109,-20.89723042894015],[55.57562404553963,-20.897790091437386],[55.57609967751972,-20.898119266903862],[55.576109183175426,-20.898843845785464],[55.57656314247328,-20.899840427185374],[55.576410723039736,-20.900609728756187],[55.57730142198985,-20.90147444152166],[55.577073830125876,-20.90216181476937],[55.57638483482565,-20.902640279741828],[55.57630310034552,-20.903559225087214],[55.57573884904793,-20.90446872834952],[55.57531017487769,-20.9047641681966],[55.5750274726391,-20.905890113663723],[55.574531404908576,-20.9062970063536],[55.574065132550814,-20.907009483437033],[55.573924602369864,-20.907739132398685],[55.573012506434885,-20.90974421139077],[55.57277710827182,-20.910541721906664],[55.572080492963934,-20.911108632489608],[55.57205250299391,-20.91162783263017],[55.57253205383546,-20.912359048943223],[55.57252427507504,-20.9127745312484],[55.57199601251181,-20.913633730841244],[55.571957766108085,-20.914220597282675],[55.57223406814511,-20.914485786151637],[55.57212995845243,-20.915530107182366],[55.57184956349237,-20.916508814996295],[55.57216305556179,-20.917111269599616],[55.57264498975365,-20.91728784091849],[55.57237865013503,-20.918406688186394],[55.572490558436066,-20.91978796253673],[55.57227573430602,-20.920136671228704],[55.57170242286269,-20.920166204223083],[55.57151742771133,-20.920613627878232],[55.572293875569784,-20.921368106488366],[55.5720370525365,-20.922191632242612],[55.57240197524025,-20.9228469118383],[55.572311532889486,-20.923361072251403],[55.57182924805367,-20.923929770251313],[55.57215168870478,-20.924502489040457],[55.57201701038711,-20.9250171824819],[55.57265267089555,-20.925309767721554],[55.57283454223203,-20.926106247291855],[55.5726175440864,-20.92668348827346],[55.5731511351608,-20.926891205770893],[55.57399868665717,-20.927756482675175],[55.57401335287646,-20.92874669062439],[55.57365105302164,-20.929234189295123],[55.57369467241823,-20.930009638724968],[55.57425688385646,-20.93075057636046],[55.57454821231167,-20.931768389142505],[55.5754330141114,-20.932867038867567],[55.57572927471227,-20.933567810892153],[55.57636291999387,-20.933569484522124],[55.576197147238936,-20.93432240940559],[55.576717635133015,-20.935309609866785],[55.57683487005775,-20.935826407742372],[55.57741200004778,-20.936213342525605],[55.57727284914344,-20.93710018797515],[55.57683262574233,-20.93718323968997],[55.57674648723506,-20.937852816207933],[55.57757734395019,-20.93784709744537],[55.57769917152675,-20.938285340555186],[55.57716487341843,-20.93885994131816],[55.5776804709664,-20.939552602449208],[55.576900641134706,-20.940669882482755],[55.57678052214816,-20.941373502990693],[55.57617758285331,-20.942188724738298],[55.57545314598199,-20.9425304713276],[55.57484342595678,-20.943248068022637],[55.57439968555939,-20.944208246787213],[55.573948050182715,-20.944377013816567],[55.573033943512975,-20.945451595779883],[55.5727048799312,-20.94547142671674],[55.571647874845155,-20.94670650601966],[55.57077944639607,-20.94691694133378],[55.57005726877492,-20.947523366372746],[55.56960683085653,-20.948778872429273],[55.56861571723494,-20.949349610556116],[55.568300824748825,-20.94979955026204],[55.567944807981405,-20.950831810269808],[55.56692821391373,-20.951652553737276],[55.566889840589305,-20.952349623771443],[55.56659989487077,-20.95361188807172],[55.56639170326895,-20.953863078116992],[55.56659784893136,-20.95453329589963],[55.56570969861452,-20.956302731817864],[55.56512703097239,-20.957298749199357],[55.564079586224416,-20.95771812214335],[55.5639490522402,-20.958194898435778],[55.56324505753702,-20.959104067376117],[55.56303603139498,-20.960548579066565],[55.56336318632995,-20.960933456037253],[55.5634964385606,-20.961783733784227],[55.562757482195,-20.962424308062737],[55.562790693136115,-20.96277328344519],[55.561593709834696,-20.96434315594451],[55.56087379522401,-20.96510222105617],[55.56067194052065,-20.965994838065182],[55.56023847063416,-20.966668693083403],[55.55469417797479,-20.977248807463987],[55.55456812255804,-20.97815470339541],[55.55372002619806,-20.978629895393045],[55.552521646459084,-20.981019921348945],[55.55191497563282,-20.98129299716682],[55.5511884546809,-20.98292278716313],[55.55134718274108,-20.98361881370548],[55.55127277110104,-20.984452876521317],[55.55084043604108,-20.985696725072383],[55.55093813755014,-20.98623775970496],[55.550208041146256,-20.98673922871553],[55.55031863656529,-20.987239722590868],[55.55001990311291,-20.987695177641093],[55.55005666212755,-20.988371196105472],[55.5496840534964,-20.9890057878598],[55.54895107251561,-20.98910704221652],[55.549218026836854,-20.989850966434375],[55.54860479236639,-20.99020166020391],[55.54892245632886,-20.990675012344205],[55.548243323375665,-20.9916728440133],[55.54717450549357,-20.991189469914637],[55.54725714923296,-20.991993251751826],[55.546344490358024,-20.99296649847138],[55.546382885146016,-20.99357116605933],[55.54607914191478,-20.99414400509439],[55.545382674237196,-20.994445194268888],[55.54522225810778,-20.995116817491922],[55.54466792005896,-20.99544180152814],[55.54464022996007,-20.995916725451675],[55.544173422556526,-20.996440288888135],[55.54425096954012,-20.996776093756004],[55.54348602979516,-20.997787622586955],[55.54269183603842,-20.998244242255474],[55.542530145282036,-20.998549995705435],[55.54224613626795,-21.000059765219586],[55.54224663231499,-21.00070204848935],[55.54114489148258,-21.002117185258292],[55.540880973566274,-21.002745458038728],[55.54089210601268,-21.0035793412253],[55.54068783558366,-21.00410785348294],[55.54271386930776,-21.005684388576242],[55.54505918223112,-21.005689098966474],[55.54595383005619,-21.00578979005045],[55.547923195880536,-21.006470565489675],[55.55003920748674,-21.005815613864876],[55.553441535794974,-21.00664312871143],[55.554852790101,-21.006045358482346],[55.55493366379345,-21.005738906490457],[55.55631880826807,-21.00425381211298],[55.55670420606491,-21.003591311978102],[55.5571745202465,-21.003201439051363],[55.55820965949444,-21.003097292378648],[55.56116514160248,-21.002569452369276],[55.5616214039585,-21.001435989167547],[55.562108991798304,-21.000747238033526],[55.56339544560136,-20.999912562830225],[55.565365974970035,-20.9994666654944],[55.56810302970439,-20.998028084904668],[55.56914653079142,-20.996739642290155],[55.570438572519336,-20.995916700417876],[55.57124681245718,-20.995591954021783],[55.57163524687472,-20.995106498209598],[55.57247854517298,-20.9946347927591],[55.574049022504084,-20.993458233463805]]]},"properties":{"ID":"COMMUNE_0000001400385493","NOM":"Sainte-Suzanne","NOM_M":"SAINTE-SUZANNE","INSEE_COM":"97420","STATUT":"Commune simple","POPULATION":24855,"INSEE_CAN":"04","INSEE_ARR":"1","INSEE_DEP":"974","INSEE_REG":"04","SIREN_EPCI":"249740119"}},
{"type":"Feature","geometry":{"type":"Polygon","coordinates":[[[55.678812749932426,-21.239946876735306],[55.67870904255973,-21.240771736166216],[55.67842717794771,-21.241476859206454],[55.67833660267458,-21.24288177849437],[55.67813515112115,-21.24364534587831],[55.67830386463975,-21.24579666577614],[55.678518061467976,-21.24619762974465],[55.6789417255399,-21.24839521139234],[55.679205194517145,-21.24889051011378],[55.679236914271925,-21.25008861405711],[55.679401235432444,-21.2516536173631],[55.6798429852881,-21.254095245493684],[55.68035294255207,-21.255047766238746],[55.68052590986318,-21.25575193419107],[55.680573347739184,-21.25680923642873],[55.68044060390865,-21.25764741836796],[55.68111964619855,-21.259850607157627],[55.6812752344022,-21.26066755830275],[55.68148892906681,-21.26275147381615],[55.68205906125887,-21.263877002721806],[55.68270631229201,-21.264676116715275],[55.683304612449426,-21.266645599858993],[55.685434152232155,-21.270152810154297],[55.686229506704315,-21.271209621836796],[55.68759723153517,-21.271953810910915],[55.68781572711864,-21.272311436861337],[55.68941633877466,-21.273640996621733],[55.69124684683323,-21.27437069037925],[55.69304076523311,-21.274771257578788],[55.69367660200329,-21.275128500851576],[55.694708549821044,-21.275268391713336],[55.69447958297804,-21.276532226653686],[55.694113440018846,-21.27706688821777],[55.694226416990595,-21.277479696883205],[55.69320858822598,-21.278140289807684],[55.692550005965835,-21.279155976084194],[55.69221017878484,-21.27943789611897],[55.69176252650339,-21.28046876691176],[55.69121099709933,-21.28092971197498],[55.69108558249723,-21.28192333661285],[55.690625619459084,-21.282383184351854],[55.69052918401258,-21.28315119360498],[55.69102226725987,-21.283741307861735],[55.69032059976157,-21.286461287245956],[55.69042910842752,-21.287160428008363],[55.690770750182914,-21.287547012768318],[55.69094960499015,-21.288901635737755],[55.69025769450351,-21.28964604219086],[55.69046194482349,-21.291289034329427],[55.690166654569246,-21.29208891946936],[55.690447895558385,-21.29287522303158],[55.69100182676782,-21.293672680652236],[55.690781298632096,-21.293866994337368],[55.69062201354062,-21.29520001591539],[55.69001556232651,-21.296956845506298],[55.68894884750594,-21.298438176209984],[55.688491520945576,-21.299680342866317],[55.6885252345345,-21.30066074842346],[55.68771886493352,-21.301477420317738],[55.687491813180436,-21.30392374666741],[55.68725646263235,-21.304373588948277],[55.68729555492139,-21.30507309199023],[55.687618076784275,-21.305445080941514],[55.687946298029864,-21.308106219367485],[55.687526312765684,-21.309263756125738],[55.68802797838771,-21.309763612043902],[55.68835729611455,-21.311108567674076],[55.688448645550565,-21.31222040814121],[55.689255361950174,-21.31310927570468],[55.69019111941036,-21.313145472797224],[55.69075463538893,-21.3138481548674],[55.69147662979869,-21.316141072680345],[55.69194280741379,-21.318474455854115],[55.69310024139735,-21.31928382907294],[55.69306469936801,-21.319813823208225],[55.69262350927041,-21.319991064898932],[55.69315314492854,-21.320713350445686],[55.6931723972958,-21.32158794920307],[55.693443241140365,-21.322357907063584],[55.693511743264125,-21.323659272635098],[55.694053587455855,-21.32431118887497],[55.69483817297568,-21.324442848025573],[55.69505373578168,-21.325251218811797],[55.69565720886657,-21.326567575838403],[55.69570587954821,-21.32716958897347],[55.69630222391564,-21.328093831895405],[55.69639591574945,-21.32916593945655],[55.696626229050274,-21.32961579029875],[55.696473705833974,-21.330182818831247],[55.69684661656993,-21.330753018263945],[55.69731843616563,-21.330931926784498],[55.69757126897065,-21.331780331295864],[55.69828809971435,-21.332383906633364],[55.699125320913645,-21.33278425232899],[55.69888341230766,-21.333319877110192],[55.69898270044838,-21.333868983314634],[55.69940373919044,-21.33434108432731],[55.69949573091094,-21.334843159257336],[55.69915544822659,-21.335490942502663],[55.699368599940506,-21.335920783364898],[55.69923134118629,-21.337709270334834],[55.69898078644668,-21.338240310914806],[55.69806944695854,-21.338150143695348],[55.69753477943524,-21.338425137319504],[55.69797901560514,-21.339656240846953],[55.697760322689895,-21.34050912071018],[55.69814505411381,-21.341272727704546],[55.698630899447814,-21.34183295871793],[55.698623199491415,-21.342596234764073],[55.698316136126664,-21.34341048955585],[55.69857282272896,-21.34469885657654],[55.69842974763559,-21.345068123911105],[55.697750670155436,-21.345751217969035],[55.697494056758885,-21.346747435938035],[55.69807365850538,-21.34815754967385],[55.6980032162155,-21.348927565522814],[55.69880461699418,-21.35011897752574],[55.699283501057806,-21.35169000789123],[55.699185537304814,-21.352628738353193],[55.69924908419559,-21.353950838727577],[55.700135141861864,-21.354513262624558],[55.70025673303674,-21.3548312813417],[55.6999300373491,-21.355573116910808],[55.70026124792054,-21.3567247481431],[55.700985628055065,-21.357799022323373],[55.70207828810545,-21.358666562538723],[55.70232730279158,-21.359299029095137],[55.70318326274818,-21.35977990385534],[55.7035686318666,-21.36047936684143],[55.70412923915312,-21.36077186507159],[55.7044357239147,-21.36221779229869],[55.70501261249542,-21.362743479226793],[55.7049907108044,-21.363699060279405],[55.70537192790629,-21.36553129514821],[55.70565911554868,-21.365883108291275],[55.705732129296386,-21.366683140675025],[55.70504891907153,-21.36859569393754],[55.705334280487364,-21.369265474564394],[55.70511396292674,-21.369753393257913],[55.70577716322296,-21.371215619972215],[55.70546616689085,-21.371596243797473],[55.70506594219696,-21.37269163523935],[55.703861400254496,-21.372907271562806],[55.70342146994676,-21.373581388655516],[55.70226567242314,-21.37483082613038],[55.70158196973186,-21.375039632018918],[55.700429013889206,-21.37640109320493],[55.701449240244784,-21.376638443397333],[55.70184145920257,-21.37656469327822],[55.70274965300674,-21.3768201393275],[55.703739320752774,-21.3765856889855],[55.70436516248974,-21.376267121931964],[55.7051968679456,-21.376446985830594],[55.70583897817408,-21.376032783089297],[55.70631978210896,-21.376414092789425],[55.707219031505076,-21.376041614499798],[55.7077717561794,-21.37647044873518],[55.708289009983105,-21.376105862606956],[55.709011285003896,-21.37633725991284],[55.70919969106025,-21.37574881842622],[55.71001026737658,-21.375588834410202],[55.711271843530085,-21.374919204594974],[55.712512956397525,-21.375154570649208],[55.713522490864214,-21.37507197768057],[55.71446497939798,-21.375156889307274],[55.71550528704805,-21.375084457028994],[55.717241693616096,-21.374706585954822],[55.71800781713717,-21.374001498156808],[55.71862803528201,-21.373770458742452],[55.71976582879822,-21.373687903562292],[55.7207572520963,-21.373135381846573],[55.72159544972395,-21.37301258889212],[55.72249667450222,-21.372628297378434],[55.72267259641286,-21.372360435457665],[55.724522123761446,-21.37149914691326],[55.72569889667909,-21.370810692254715],[55.726004581638115,-21.37048057642869],[55.726560286122485,-21.370457692936373],[55.72718035983214,-21.369793909829657],[55.72793431469278,-21.369484352925788],[55.728252677561265,-21.369695441844183],[55.729335279029236,-21.369410952410366],[55.730331213437445,-21.369446493511806],[55.731434172463004,-21.370268762255403],[55.73163222506414,-21.369892653930556],[55.73284642681744,-21.369780774855023],[55.73286092160081,-21.36944122017614],[55.73404541875549,-21.368745535873195],[55.73487341127079,-21.369020980910065],[55.735963856488944,-21.368607326151192],[55.7379697204399,-21.368845550884497],[55.739060000490745,-21.36923857808697],[55.73973824135886,-21.36932136137286],[55.74015196850825,-21.36909681967106],[55.74114971303338,-21.36903384344653],[55.74316681088266,-21.369087804469928],[55.74457134993238,-21.36848131757645],[55.74535422656684,-21.368507948729388],[55.74623868520605,-21.368270648945074],[55.747569048305486,-21.368445896870202],[55.748439091165075,-21.36763484023838],[55.74999099846151,-21.367387138299453],[55.75045606248651,-21.36770226248405],[55.75115298949583,-21.36751503200683],[55.751238911105894,-21.367049533906005],[55.75221571551518,-21.366496710238994],[55.752815305928024,-21.36641444292079],[55.75318412167142,-21.365568017249743],[55.754088219834145,-21.364145601893746],[55.754785852408226,-21.36353016406845],[55.756053128124194,-21.363064387187425],[55.75717063853294,-21.363088924438916],[55.75803962794373,-21.36342237489954],[55.75897032202015,-21.36341480358031],[55.75955703656329,-21.363714541551055],[55.759786926288356,-21.36424380778748],[55.760505244437915,-21.364376488085103],[55.76118907027035,-21.36402380126259],[55.76265994421944,-21.363887399483737],[55.76333700517446,-21.363535557091726],[55.76404224778855,-21.36361753717432],[55.764425053953715,-21.363969056087516],[55.76526689849629,-21.3639770566865],[55.765989750369165,-21.364490066179805],[55.7667038336266,-21.364438401371164],[55.7669631116833,-21.364916382579583],[55.76772280654653,-21.3651767116336],[55.76810563336227,-21.36552731939199],[55.769101327826505,-21.364783018107744],[55.769793118743074,-21.36543761349254],[55.770382823055094,-21.365151951648777],[55.77107839713969,-21.3654696119232],[55.77262115077892,-21.364809693160883],[55.7739862628849,-21.365330074157466],[55.7746500707223,-21.365409900856992],[55.77501085075418,-21.364586850901404],[55.77548459570842,-21.364559592496953],[55.77615376746674,-21.363761373203904],[55.77661467332125,-21.363770152838743],[55.77688231308736,-21.36336106793102],[55.77798649072013,-21.363134231631513],[55.77988776753734,-21.36191314705959],[55.78097163506526,-21.36169156310009],[55.78192020589366,-21.360804106268766],[55.78251177077345,-21.361338678333567],[55.783261223632344,-21.361205894853054],[55.78281920236148,-21.360312866041195],[55.78314975240372,-21.35987351129127],[55.783134830597106,-21.35934492834489],[55.78400406990233,-21.358835397987775],[55.784199770296276,-21.35849262883031],[55.785936895923705,-21.357283832627065],[55.786487403369065,-21.357300459161966],[55.78693118392166,-21.356692982839764],[55.78795632006002,-21.35563349663144],[55.78860358748245,-21.355257845110337],[55.7885168361457,-21.3547838494755],[55.78911769442244,-21.354422314977157],[55.79019409341868,-21.354397551037234],[55.79134864697472,-21.35401470148132],[55.79200509608286,-21.35310520548774],[55.79234963799638,-21.35318898740299],[55.79270756016196,-21.35211021629047],[55.793579989395504,-21.351908708075015],[55.79565033144205,-21.3506163761973],[55.796372038921156,-21.350803128882024],[55.79652378652184,-21.350405825687698],[55.797160567615926,-21.35048265746669],[55.79739200653876,-21.35012747953016],[55.79714101928203,-21.34968754293377],[55.7977390486742,-21.349076622434836],[55.798521772669275,-21.348638663044845],[55.79943158424342,-21.347514135257647],[55.79978866632996,-21.346411851811435],[55.80017568526423,-21.346014418522394],[55.80037578708311,-21.345360896039313],[55.801101300032585,-21.34448437468909],[55.80181357022679,-21.343931166067858],[55.802077704374994,-21.342990822141275],[55.802401289659905,-21.34280341873075],[55.80312393225345,-21.341564610571744],[55.80374601103965,-21.34083459059814],[55.80414693454646,-21.340740782523127],[55.80460608518226,-21.339292313192388],[55.80554174737464,-21.33841545790427],[55.80628808609872,-21.33734031448423],[55.80689447020867,-21.33675832464537],[55.80732415901206,-21.335848053447556],[55.80806801583588,-21.3335253092178],[55.80805764126304,-21.333138587058663],[55.80855001157252,-21.331747252042653],[55.80905000068135,-21.331083193942575],[55.8080200349309,-21.32955820664324],[55.80762964468871,-21.329187760296186],[55.80640982906262,-21.327297353172955],[55.80589878861646,-21.32575254968768],[55.80594949469435,-21.324966965006343],[55.80560680982647,-21.322992441620787],[55.80539079528734,-21.322402803372942],[55.80510144207354,-21.32074935950806],[55.80519709894664,-21.320366100526773],[55.80489280690726,-21.31960599801733],[55.8054385359263,-21.31936234801766],[55.80558619628995,-21.317794216337987],[55.80552068010118,-21.317312246510898],[55.805000916856834,-21.317326621749707],[55.80470849947537,-21.31652956450485],[55.804691084527924,-21.313797602707513],[55.80424446511589,-21.312757341421918],[55.8043990465157,-21.311644565543876],[55.80419304805424,-21.311129978067775],[55.8045522683996,-21.31034206856004],[55.80394842250779,-21.310266408771717],[55.80376739344504,-21.309406904932658],[55.80438530211006,-21.308578375651653],[55.804152994812846,-21.308098833205644],[55.80474956900632,-21.307642345705965],[55.804380710672454,-21.306644192974165],[55.804928993644396,-21.30584046086793],[55.804904634591196,-21.30515732754775],[55.80434712527475,-21.30483808473584],[55.8046270564096,-21.30419686244753],[55.804641164719335,-21.302929511041544],[55.80451440113492,-21.30251214914501],[55.804760334924005,-21.301425314937696],[55.80470246018714,-21.300118606149624],[55.8048766117976,-21.299205615156904],[55.80540219586416,-21.29846314877543],[55.80552789001444,-21.297700678457417],[55.80516337810805,-21.29724007354702],[55.805304465544765,-21.296600573296264],[55.80512112576289,-21.2951926971883],[55.80526369184947,-21.29389283071002],[55.80548644065656,-21.29292868980556],[55.805820183188196,-21.29278199874689],[55.80613188301303,-21.29214190066479],[55.80647919165054,-21.292105517786176],[55.807126452696615,-21.291450632035623],[55.80782068923783,-21.289750855230906],[55.80761995158518,-21.28942240679219],[55.80802924274989,-21.288870624258855],[55.80811338741519,-21.287519749756672],[55.807858987072265,-21.287032828606087],[55.80662751501232,-21.28579007519986],[55.80612824562656,-21.284831653690226],[55.80599688505721,-21.283910168799803],[55.80547232835999,-21.283339120162598],[55.805287304910436,-21.28226006440818],[55.804884795621994,-21.281854296793966],[55.804541004212325,-21.279907763332155],[55.80377860057211,-21.279192286024912],[55.803318329947416,-21.278302791636662],[55.80337021855557,-21.277249808612993],[55.80305600840165,-21.276773296705215],[55.80309228292684,-21.27526760465899],[55.80352094394064,-21.273151298274907],[55.80385884056568,-21.27272368437216],[55.80400688431152,-21.272055323637925],[55.80361331299963,-21.27030898666632],[55.80359144674152,-21.269556307549376],[55.803158750694756,-21.268597447771437],[55.803166718480036,-21.26761190583243],[55.80332247594956,-21.266942696633304],[55.803218871068104,-21.266167755374823],[55.80277887250095,-21.26480231726102],[55.80219215811233,-21.26370414225003],[55.80160354330313,-21.262246402576178],[55.801632320048704,-21.261072199778287],[55.80136949778479,-21.26008563525463],[55.80192157077341,-21.257839214430536],[55.802295067570974,-21.257414564917454],[55.802500735998315,-21.256530702993402],[55.80322322699717,-21.25668489369379],[55.80322083813916,-21.255907056852294],[55.80291883225611,-21.25523730627713],[55.80316868180136,-21.254490168885958],[55.80389739703548,-21.25351425758401],[55.804302679306325,-21.252014791882512],[55.79612503280294,-21.251298927687515],[55.785717651244866,-21.250222434969785],[55.754892275157935,-21.24726579067872],[55.72664312495597,-21.244533516100596],[55.70467054389248,-21.2424049612744],[55.678812749932426,-21.239946876735306]]]},"properties":{"ID":"COMMUNE_0000001400385514","NOM":"Saint-Philippe","NOM_M":"SAINT-PHILIPPE","INSEE_COM":"97417","STATUT":"Commune simple","POPULATION":5093,"INSEE_CAN":"08","INSEE_ARR":"2","INSEE_DEP":"974","INSEE_REG":"04","SIREN_EPCI":"249740085"}},
{"type":"Feature","geometry":{"type":"Polygon","coordinates":[[[55.700816071002116,-21.004892437257833],[55.69932051288658,-21.00495509216638],[55.698528018785154,-21.005150489703816],[55.69642125361574,-21.006134417918723],[55.69577670454187,-21.00668506385212],[55.69481698850333,-21.00674817043177],[55.69344115445115,-21.005654450240016],[55.692420877606665,-21.00560234829915],[55.69177512678893,-21.006179167564223],[55.69140040067387,-21.00789001330085],[55.691036122630315,-21.008402142613228],[55.68989518450049,-21.008504479165172],[55.686605048050446,-21.009150333057082],[55.6859027474111,-21.009149427890755],[55.684813892957266,-21.008796825668593],[55.6835656440054,-21.008629081104125],[55.68204946152864,-21.008844998023473],[55.67983907151365,-21.009561412169777],[55.67827354870962,-21.01013465198116],[55.67758182844044,-21.010679438212165],[55.677283049789935,-21.011176687007328],[55.67719793707103,-21.012318805479023],[55.677625739615486,-21.013010509220408],[55.677267465307786,-21.013271512156077],[55.675309160994594,-21.012886792364483],[55.67448076511462,-21.012891181094208],[55.674099225517395,-21.013497991364265],[55.67490734077654,-21.016225275604043],[55.67481664383112,-21.017234550596093],[55.67459102973532,-21.017724232810405],[55.6739080546062,-21.01825371209152],[55.67215757441645,-21.0179708490031],[55.67104521631204,-21.017879051216102],[55.66980258545368,-21.018373425111083],[55.66929831067436,-21.01958001098958],[55.66936368501654,-21.021103621962922],[55.66983731928321,-21.02270088990186],[55.6704532819459,-21.023439251277033],[55.671074827842034,-21.024633861451946],[55.67138857198483,-21.026904701367588],[55.67195990174512,-21.028230810002814],[55.67216176254829,-21.028253164220892],[55.67267290938745,-21.029314110307347],[55.67191517882602,-21.029803245867708],[55.67152675610477,-21.03085445602962],[55.671133735411786,-21.031229900853262],[55.669336621363755,-21.03206502166121],[55.66818679858917,-21.03271277479097],[55.66638644295976,-21.032935346748054],[55.66580287180251,-21.033420398943132],[55.66517020187438,-21.033691866211683],[55.66410226739572,-21.033569651982976],[55.66266948524036,-21.03400555875494],[55.662106430599636,-21.03391530762346],[55.66151891734484,-21.034193439895258],[55.66092516535812,-21.034846422237997],[55.66012223790634,-21.03532520869989],[55.65901122745504,-21.035499833367748],[55.65782901429899,-21.03459977457693],[55.6568209666529,-21.03413018774672],[55.65547198286378,-21.033803342533034],[55.655033111183634,-21.033921826596806],[55.65244197713094,-21.034230135170205],[55.65189814034076,-21.03414361628133],[55.650376728125856,-21.0343736487149],[55.64946563566921,-21.034786481715198],[55.64901973223216,-21.03525720964766],[55.648455307549334,-21.035426170672086],[55.64716607051262,-21.034664309110504],[55.64644752568316,-21.034425519160187],[55.645040127591216,-21.034176720316566],[55.64389684772387,-21.034089010620043],[55.64292979883693,-21.03366664587614],[55.64246132701483,-21.033865260811492],[55.642344300310974,-21.034462358282816],[55.641284495759756,-21.035249761035324],[55.63846376924799,-21.035406059187043],[55.63577756653052,-21.036639303099243],[55.634405527409676,-21.037578630260068],[55.63472292020529,-21.038227992239065],[55.634326234558074,-21.038993572408756],[55.6334533968754,-21.039846563846577],[55.632536574140595,-21.04014091475722],[55.63168849723304,-21.04102029312764],[55.63034802621576,-21.040815271446856],[55.629672718224334,-21.04089926117687],[55.628618988131464,-21.041536669161648],[55.62679185777922,-21.041725172970867],[55.6264523204749,-21.04160499146155],[55.62557332454757,-21.04071077934298],[55.62401481832992,-21.040464196695062],[55.62212393540024,-21.040784929176347],[55.62045769437792,-21.040639520868602],[55.619249117511515,-21.04084741720548],[55.618689159373865,-21.041778752383593],[55.61878096291562,-21.042258281573044],[55.61855539796776,-21.043031534537338],[55.61743196884015,-21.044124502054533],[55.616493259845235,-21.044594741278253],[55.61586235227337,-21.045598659999445],[55.61596110078061,-21.046054759328833],[55.61571944724901,-21.04669237176044],[55.61502031590037,-21.047683986893194],[55.61414354401061,-21.048113161734502],[55.613508577696884,-21.04820102763226],[55.61325625811696,-21.048534115716418],[55.6132092521867,-21.050076674198365],[55.61302212597451,-21.050747247766047],[55.61254053514812,-21.051313336464386],[55.61194986891444,-21.051292250890576],[55.61239155389043,-21.052851447485278],[55.61211746137115,-21.053974796391685],[55.612198133509594,-21.05482280822902],[55.61165097016781,-21.05571266415722],[55.61010945266978,-21.056524825191133],[55.609410833998204,-21.057659147288724],[55.60876932408031,-21.058239270820746],[55.607862797203296,-21.058754887706275],[55.607095025947146,-21.05966459874405],[55.60702302377504,-21.060162662395822],[55.60608582344446,-21.060766546393157],[55.60569064543711,-21.06165762725525],[55.60503639339089,-21.06194945899825],[55.605145120519296,-21.062467976439194],[55.60462884764171,-21.06375282686886],[55.60309285718898,-21.06560924432834],[55.601728533897784,-21.06577597549595],[55.6008840594546,-21.066235150896095],[55.60033461164381,-21.06674011535523],[55.59966884717768,-21.06702460292223],[55.59913634894874,-21.068082556816343],[55.59833102498927,-21.068469772978712],[55.59787089259885,-21.06889055050998],[55.59760590960764,-21.069950707771643],[55.59715533258101,-21.070685929522874],[55.59669393015081,-21.070933248617525],[55.59586566863749,-21.072018555484686],[55.595189451289805,-21.072387852628605],[55.594892418900386,-21.073168602315544],[55.59348026085957,-21.074524584233394],[55.59216826024261,-21.075258070051035],[55.591763971720944,-21.076081284209714],[55.59155523823048,-21.07872456939656],[55.59003946607813,-21.079321745338227],[55.5884756640058,-21.080519236494077],[55.58851592645756,-21.080944146687187],[55.58797205798481,-21.08125579489102],[55.58772505466105,-21.081727095418493],[55.58737791463767,-21.083322234031577],[55.587107177670305,-21.083758105008812],[55.58766912804186,-21.083978684518446],[55.58750736432883,-21.084596133366606],[55.58767087959971,-21.085321078742215],[55.586736211429034,-21.085021513272928],[55.58600305287903,-21.085093092709265],[55.58564388700148,-21.08490491212372],[55.58444217928897,-21.084955414545],[55.58363882315636,-21.084816820854634],[55.58219913378871,-21.085501278491414],[55.5809984552759,-21.08473333057102],[55.57972719298828,-21.084506793104854],[55.57847354981964,-21.083440279855143],[55.577148406488305,-21.083314447297493],[55.576672701553974,-21.082933761321552],[55.575877643378995,-21.082633502043507],[55.575443070026424,-21.08228025849433],[55.57459918812807,-21.082154832993336],[55.57450851932453,-21.081569605483224],[55.57292198169686,-21.079891401013306],[55.57250810211343,-21.07918692254365],[55.57185976433371,-21.079046868859166],[55.57095184901673,-21.07827228431949],[55.569810159319495,-21.07748759527677],[55.56904070348071,-21.07713151410986],[55.568247412559984,-21.077355176749986],[55.56767884131404,-21.077027884593843],[55.566548697403675,-21.077451045347637],[55.5654203301344,-21.076685410881353],[55.56543754808296,-21.07639558256468],[55.56400203713976,-21.07604468824199],[55.563517954251246,-21.075640409950957],[55.562876352891614,-21.075503090070185],[55.56134606198692,-21.074301324372303],[55.560888774064736,-21.074214340068863],[55.55925792121527,-21.072864459099645],[55.55792202776861,-21.072867568357843],[55.557055992817084,-21.073349820499264],[55.55556633190961,-21.073827665342645],[55.55462905091534,-21.073813363085858],[55.55347588708093,-21.07313325951716],[55.55221984319588,-21.073040346630094],[55.55179993241415,-21.0740638638992],[55.550710623328726,-21.075435774745092],[55.54784263645324,-21.075324539651074],[55.54476195965608,-21.076794986488128],[55.54355373707151,-21.07742237926229],[55.542614592511285,-21.077696158524695],[55.54057456681569,-21.07735974901405],[55.53998764735678,-21.077341150693766],[55.53986299436158,-21.076997713276974],[55.538746830902504,-21.076771305591112],[55.538265333849445,-21.076897239720836],[55.53754552447718,-21.07757486456744],[55.53694202032231,-21.077874087299147],[55.53540305740425,-21.079051409854653],[55.53504844611962,-21.080862247584196],[55.53486778134456,-21.081128075154837],[55.53329420967111,-21.081609508691734],[55.53257536051184,-21.081694530366164],[55.5319241490337,-21.082046617939042],[55.53141361373719,-21.082578780739322],[55.53046219443837,-21.08292103697395],[55.53031494596803,-21.08321334521214],[55.52942176809215,-21.0837006331619],[55.528940822414704,-21.083474243825368],[55.5284417066839,-21.08362709572363],[55.52554335691314,-21.079654368245023],[55.524196185231105,-21.07933281430361],[55.52360261411701,-21.08027976359497],[55.52284164888818,-21.080731130489546],[55.5224962184292,-21.081305352280012],[55.522630317803525,-21.082442008233418],[55.52167744550973,-21.083221414054666],[55.52152232717766,-21.08391833771036],[55.521102625582294,-21.084799041236252],[55.52037537205922,-21.085633701495603],[55.52056789982787,-21.08747817558433],[55.52041522324418,-21.088121822201025],[55.52004297098132,-21.0883886708589],[55.519365624263074,-21.089429719992896],[55.51872430606023,-21.09120458436896],[55.51685979674897,-21.092956106700047],[55.51539664233827,-21.09373823494335],[55.5135988347109,-21.094293391674967],[55.51304336807151,-21.094203609683795],[55.51218027801249,-21.094460715314543],[55.51153968252619,-21.09431688526202],[55.51040236321829,-21.09466010071953],[55.50997908166821,-21.094538949905214],[55.50960974224555,-21.09499278793956],[55.50965656274725,-21.095413246327933],[55.50882428823222,-21.09634267983099],[55.50830202746956,-21.096590114729324],[55.50686191566977,-21.097562969303056],[55.50500338895643,-21.098118399324886],[55.50410273980173,-21.09923870910583],[55.50270651840207,-21.099957175194294],[55.50276241728305,-21.100334354962133],[55.502201299674994,-21.100710601923367],[55.50208979209603,-21.101079076320563],[55.501100226563324,-21.101751437065627],[55.501258530122314,-21.10333816911021],[55.49982786319657,-21.10479702869161],[55.49871154232577,-21.105626333102716],[55.49843491593564,-21.10633118439094],[55.49716173484981,-21.10772727725449],[55.49529893541829,-21.11088682818087],[55.49522732634113,-21.11140108524194],[55.49586208209257,-21.11184302370156],[55.49596833899047,-21.112189035257106],[55.49709659710907,-21.112761813175364],[55.497535683881544,-21.113324862241072],[55.49816112995547,-21.1136411485455],[55.500662549081376,-21.116286544618276],[55.50062959411521,-21.11650034031068],[55.50161068147088,-21.11744937676739],[55.50196733395057,-21.118267326782885],[55.50267024923359,-21.11921299496947],[55.50320964990393,-21.120528481580916],[55.504158397483145,-21.122306469280257],[55.50409453261333,-21.123298656581287],[55.504208864523164,-21.124857896917955],[55.504695157231566,-21.125807968569983],[55.50532642881837,-21.12612608946192],[55.50603880640919,-21.127766484246724],[55.50631916523174,-21.129188979672698],[55.50670333403791,-21.130052330174113],[55.50724894009559,-21.133254901171735],[55.50730658452991,-21.13567089265159],[55.50695997594855,-21.136054458574954],[55.507304353219446,-21.13848923719533],[55.50704316416147,-21.139476071407117],[55.50670668574457,-21.139712484110767],[55.507750372852584,-21.140197737059555],[55.509112774335605,-21.139816795049846],[55.509921090697944,-21.139479745402827],[55.511156941982364,-21.138272035346187],[55.51128484649829,-21.13790189428238],[55.51231688989478,-21.138203642256997],[55.51321635426224,-21.13799384214808],[55.514481083879275,-21.13852164461548],[55.51548350949941,-21.138511467069847],[55.51629189559109,-21.138068697493097],[55.51759051266018,-21.13780455832008],[55.518196810753906,-21.13744672887455],[55.518781296786656,-21.13753946562816],[55.51947879549684,-21.137305281462442],[55.52022532456275,-21.13746627618029],[55.52073812747394,-21.13731177175994],[55.5219061476329,-21.136622797649302],[55.52259382279579,-21.136601699473868],[55.52368764047431,-21.136015044131817],[55.52556266044159,-21.135684503730015],[55.52694985680768,-21.13580678310107],[55.52813402484962,-21.135526208747685],[55.52941164884542,-21.136019686917813],[55.52980490670105,-21.135977032093795],[55.53087513615448,-21.136315132833023],[55.53109606620872,-21.135977397782426],[55.53178640179394,-21.135783749184355],[55.532407913402324,-21.13583249685654],[55.53375898350155,-21.136300383005274],[55.534339529002644,-21.136892573698344],[55.535183744611004,-21.137304571159422],[55.536392266625526,-21.137191265728163],[55.53756701752467,-21.1368888637036],[55.53819804655823,-21.137047879031066],[55.540123900368485,-21.136638121969472],[55.5418526604772,-21.136493128346988],[55.542703220828315,-21.136258357699948],[55.54356126627757,-21.13565147384539],[55.544588436151855,-21.135373948940234],[55.5456591870649,-21.134478008337208],[55.54614171650882,-21.134363815064393],[55.54658021202932,-21.133828288788788],[55.546952551694595,-21.134251534445834],[55.54811360891086,-21.135153084187934],[55.54954048601821,-21.135949406946565],[55.550599039423425,-21.136305351789467],[55.550965172328986,-21.136774606322103],[55.551564944603676,-21.136981181743145],[55.553152519127856,-21.138287428194044],[55.554011699337934,-21.138553122061747],[55.55531869146892,-21.13861215603837],[55.55791263269647,-21.13771738238614],[55.558590434209975,-21.137125144638873],[55.56177332984606,-21.137155823606935],[55.562905275807736,-21.13759361710364],[55.56524592199386,-21.137199737830333],[55.56604139954412,-21.137283260340155],[55.56745178671661,-21.136802878623637],[55.56842245645128,-21.13618959000347],[55.56973641579453,-21.135120298231918],[55.5708351474689,-21.13450446288749],[55.57258221493754,-21.134253616080574],[55.57270676386801,-21.133513925647403],[55.572887934943594,-21.132893953298208],[55.57349981632709,-21.13173650718114],[55.57332279225807,-21.130917491323977],[55.57556473780532,-21.129352801976058],[55.57672691457652,-21.129143962861423],[55.57804355820304,-21.1291938654501],[55.57846357736062,-21.129068212963887],[55.57962222630178,-21.126904486813515],[55.579949629273564,-21.126595577988553],[55.58170865978813,-21.12588583247789],[55.58198773194193,-21.125596388297367],[55.583353387018136,-21.125146204914763],[55.58488218260366,-21.124852748522894],[55.586779872355514,-21.12464456040301],[55.58748339147358,-21.124775089799275],[55.589638635610584,-21.12543081031763],[55.590061601826875,-21.126009763706655],[55.59152636767006,-21.126073439991114],[55.59267220134905,-21.127999868397318],[55.593179668308714,-21.128604810564653],[55.59373994476846,-21.128715154930973],[55.595312632443495,-21.13010129500375],[55.596458280898624,-21.13062389497604],[55.59691038951476,-21.130668291730665],[55.598112234570266,-21.129925753905656],[55.60000692255913,-21.129940522408962],[55.60030426222311,-21.128522913369277],[55.600677958470335,-21.127483534635928],[55.60114918454427,-21.126823464096727],[55.60225492136469,-21.126262577305553],[55.60295616672311,-21.125610722377335],[55.60370701729633,-21.125727121932815],[55.60510572275824,-21.125340267034183],[55.60632209026956,-21.125404479750472],[55.606932134932414,-21.125752771522397],[55.60768491456783,-21.125766187268184],[55.608498328096125,-21.126194736733154],[55.60923177182043,-21.126217020404166],[55.60983606451238,-21.127080166248646],[55.610565058735446,-21.126443863205296],[55.611597122360315,-21.126346633086897],[55.611879558394605,-21.125379649075757],[55.61281219940198,-21.12489496082017],[55.61321538909637,-21.124504399418118],[55.61385227172571,-21.123209684523122],[55.61394588570654,-21.12266753423985],[55.61455925594808,-21.122140475189585],[55.615444476548326,-21.121782756215325],[55.617163959542516,-21.120643213934],[55.61795057719456,-21.120015476170018],[55.61916359144636,-21.119502322681893],[55.62012761491694,-21.119469525154603],[55.620415148853795,-21.119088843169965],[55.621148228735585,-21.119147204995922],[55.62249829939611,-21.119011842073764],[55.623534079161495,-21.11819278356623],[55.624041015333546,-21.117404655700355],[55.62452810432004,-21.118142137081417],[55.62512550048612,-21.11798438079875],[55.62642776195863,-21.11802113947581],[55.62706264385528,-21.117765213969033],[55.6275843718446,-21.11787874680898],[55.628604994948304,-21.117447977326506],[55.63004968934378,-21.11759516717475],[55.63098499803924,-21.11701825218375],[55.63124596509432,-21.11575204245161],[55.6319755811728,-21.115242115066717],[55.633211053675346,-21.11384464742473],[55.63318543075898,-21.11159687809028],[55.63419428409942,-21.110867867613063],[55.63430401878802,-21.11002772203451],[55.634980980733225,-21.108849770785763],[55.63599837932047,-21.108130753871908],[55.636426134479265,-21.1072525133685],[55.63667794951449,-21.10603228885516],[55.63749293728867,-21.105232137671276],[55.6381270578199,-21.10484065629413],[55.63974804000845,-21.104857283315088],[55.64047898909367,-21.10450902773948],[55.64144324708819,-21.10443997141092],[55.64314377352698,-21.10343640084101],[55.644289447688706,-21.103212497501126],[55.645370070395195,-21.10241262262348],[55.64817558032422,-21.102907474646347],[55.649341921754164,-21.102845404013756],[55.65024255952722,-21.10321030958263],[55.65090802849167,-21.103286972069196],[55.65139618398745,-21.10402348645657],[55.65187990598439,-21.104292020112318],[55.653686024785834,-21.104595449812866],[55.65429651558691,-21.104898408081493],[55.65532897246064,-21.105166770176854],[55.6597036438368,-21.109961263511845],[55.66642531416639,-21.117497799623504],[55.67161941435184,-21.12322622089099],[55.67305472280244,-21.124874377302174],[55.67932471126697,-21.13181158767168],[55.68399356225682,-21.137050455906],[55.68647893309442,-21.13976451627145],[55.689869325922515,-21.143598505973603],[55.71569873270519,-21.172450713780574],[55.71830828302265,-21.17105853257433],[55.71896315524681,-21.170952379060633],[55.719905229145915,-21.170487949026],[55.72130020868236,-21.16943432166778],[55.72308716831457,-21.169052142874722],[55.72397904154934,-21.16904803380355],[55.725089868130276,-21.168780880253763],[55.72548176268638,-21.168229158349902],[55.72648033822188,-21.16791055999512],[55.728096303390735,-21.167924526971827],[55.73024785874452,-21.168039162188187],[55.7309290991362,-21.168226758450352],[55.731635208501515,-21.166513822234908],[55.73321177031017,-21.16470622431699],[55.73377532279827,-21.164349090623745],[55.73426388079458,-21.164316611765308],[55.73482376229063,-21.16314459500444],[55.73533159679227,-21.162543125312858],[55.73584543208163,-21.162255172939705],[55.73616777571106,-21.16160804834283],[55.73622329692203,-21.16096706041203],[55.73565670019453,-21.160097384970463],[55.73531114454692,-21.158375662296528],[55.7353122726602,-21.15778937439522],[55.73559349549566,-21.157220537330137],[55.73578555709448,-21.15615055851929],[55.74016459154118,-21.156133533280347],[55.74018695407308,-21.15531161880941],[55.73972864070516,-21.154163616333484],[55.7402378221415,-21.153624472807056],[55.74094971179136,-21.153711979024536],[55.74128698606191,-21.153230273077163],[55.74112096961835,-21.152249767485003],[55.741495365849815,-21.15170509996157],[55.74290116638431,-21.152068772452854],[55.74366404164702,-21.15124874181365],[55.743570490565055,-21.150580444291148],[55.74368000289734,-21.1495848212238],[55.7423415382729,-21.148433902976805],[55.742272391229506,-21.14795549745295],[55.74343837480447,-21.147292037382194],[55.74357759093018,-21.146656182670988],[55.74422440164366,-21.14577837272266],[55.74550312306982,-21.146018218156396],[55.74557420948993,-21.145238217656647],[55.74635701388011,-21.144675785507417],[55.746754152432466,-21.14382683073016],[55.746564883443746,-21.1428597070562],[55.74612380873741,-21.14240745669012],[55.74511503825973,-21.14201784905612],[55.74450885087374,-21.141962765013748],[55.74361205209119,-21.142227128519284],[55.74258339553144,-21.14316804853151],[55.74223857558297,-21.141923329135103],[55.742520309026176,-21.14083051602265],[55.74206939542113,-21.140405284316355],[55.74151031286268,-21.14036047708244],[55.7407150037176,-21.1398965462001],[55.74008592780024,-21.138905367237594],[55.740299898702055,-21.13819780012786],[55.73971403037127,-21.137222299033567],[55.74026547650749,-21.13657415658595],[55.741018389916604,-21.136697196526384],[55.741420593762555,-21.136389420960683],[55.7429933997385,-21.136571843915227],[55.74314276979789,-21.135986653577394],[55.74291453948641,-21.13541853491546],[55.74213649639539,-21.134508465734896],[55.74114942660088,-21.13383714091231],[55.74080014377696,-21.132668270143586],[55.74115483149477,-21.13194277593179],[55.741962760774946,-21.13193342156763],[55.742156588547125,-21.131442514409617],[55.74148964279422,-21.13049171207921],[55.74166226326941,-21.12988953100991],[55.74304957781058,-21.128995539500885],[55.74367444642566,-21.128084138558325],[55.74392741035645,-21.127086865766497],[55.744294223773466,-21.126518643028255],[55.74501204430118,-21.12600089973877],[55.7461814597613,-21.126052018447115],[55.74640314446227,-21.125795289457727],[55.74622362298864,-21.125159780900297],[55.746537394679265,-21.124600193952595],[55.747178388784405,-21.124171307882893],[55.74794789849792,-21.122998974878914],[55.749273722138476,-21.121962640470258],[55.749387395301255,-21.12103659986672],[55.750038772984986,-21.120514729086185],[55.7502977993327,-21.118671913387164],[55.75067313233049,-21.1176556546742],[55.75109887109645,-21.117058036977777],[55.752475001969074,-21.115638102406997],[55.75389181983946,-21.114761393904733],[55.75514852858616,-21.11380219138724],[55.75646210232493,-21.112949093110167],[55.75849236832322,-21.110887975777604],[55.760010186083896,-21.10989631733977],[55.76210926892421,-21.108116611699806],[55.76289992684884,-21.10773663327452],[55.763364622871194,-21.10719166210862],[55.76457363267044,-21.10639735730548],[55.766328194401396,-21.10470632668181],[55.76733278139601,-21.10359793723198],[55.76647082436951,-21.103289933552205],[55.76557514313485,-21.10275312052361],[55.76376888885373,-21.101387575101665],[55.76215059489778,-21.099997185273754],[55.76176277337837,-21.09951645684613],[55.76114547464236,-21.097919259595535],[55.76046238728931,-21.096943116594904],[55.75995125665708,-21.095895053345462],[55.759773118085995,-21.095205362396676],[55.7590064550417,-21.093631457714817],[55.75824555715164,-21.092408110113958],[55.757736726819864,-21.091318501551935],[55.75555873779131,-21.08861131965579],[55.755165552599415,-21.087971540548587],[55.75381718678197,-21.08690557131263],[55.753025765129244,-21.086119222099175],[55.751882394748975,-21.084484702280143],[55.75110666016492,-21.08366684140732],[55.74990095083193,-21.08270036340444],[55.74839110425909,-21.08184726899614],[55.74718421623713,-21.081025307366637],[55.74568574906901,-21.079278816636645],[55.743819898677195,-21.07750068637868],[55.74338970214069,-21.076922039433704],[55.742649947958306,-21.076299542402946],[55.74160332919092,-21.074856292370598],[55.74092365074957,-21.073731043248728],[55.73908759308493,-21.07197296084611],[55.737289719827444,-21.06991521741546],[55.73599689338973,-21.06766427757347],[55.735454725862134,-21.06633405877569],[55.733825145603994,-21.064419368346744],[55.73261757478888,-21.06279509277262],[55.731479347114295,-21.060600383026337],[55.73100962370434,-21.058678970402624],[55.73082181449492,-21.05722039389773],[55.73097239316218,-21.05444358427761],[55.731237107939435,-21.05284655481742],[55.73223913761505,-21.050548573763734],[55.73233038449067,-21.050114721962803],[55.73203357706477,-21.049367206806917],[55.73094270622741,-21.048295767343095],[55.729768271091594,-21.047774767040348],[55.72877673199472,-21.04713497600999],[55.728149395054075,-21.046443702328403],[55.72716549816279,-21.046038841963327],[55.72648688785251,-21.045267679898856],[55.726025810287446,-21.04381247080987],[55.725504396502856,-21.042889810203622],[55.72489066506546,-21.041508435187517],[55.723881047467614,-21.038931607256753],[55.72343787807557,-21.03921917198933],[55.722624521702,-21.038795693716487],[55.72176887130827,-21.037690735508676],[55.720809551188786,-21.035430457359844],[55.72008267489995,-21.03491185906269],[55.71871623280614,-21.033118268902697],[55.7182831358932,-21.032341700360767],[55.71754250279281,-21.032309013391128],[55.7175594599534,-21.031676766696613],[55.716856045189964,-21.03111858337286],[55.71637519753035,-21.030975831364845],[55.71567503561934,-21.031274083536402],[55.71553959123514,-21.030573835032033],[55.715155507740135,-21.0301436286803],[55.712898209117114,-21.029354156411298],[55.70932491388313,-21.028533893115537],[55.7076151878996,-21.027741281173704],[55.706269221646984,-21.025718293469065],[55.70550049783483,-21.024040268975693],[55.70444361587798,-21.021082653420024],[55.70444999446223,-21.020455749381256],[55.704975810932375,-21.02028810950216],[55.70515058938667,-21.01965797036124],[55.70395614330935,-21.01859461735824],[55.70319804497181,-21.018253681936354],[55.70287059339254,-21.01773534969742],[55.702250716300895,-21.015764845671185],[55.70212712020157,-21.014370875556498],[55.70150311290461,-21.010323443748305],[55.70102397063014,-21.00610366413134],[55.70043357758507,-21.005401739404988],[55.700816071002116,-21.004892437257833]]]},"properties":{"ID":"COMMUNE_0000001400385500","NOM":"Saint-Benoît","NOM_M":"SAINT-BENOIT","INSEE_COM":"97410","STATUT":"Sous-préfecture","POPULATION":37585,"INSEE_CAN":"92","INSEE_ARR":"3","INSEE_DEP":"974","INSEE_REG":"04","SIREN_EPCI":"249740093"}},
{"type":"Feature","geometry":{"type":"Polygon","coordinates":[[[55.32057305626929,-21.249050796368717],[55.32129246190394,-21.24848439734223],[55.32283338193766,-21.247947847311696],[55.32310748307982,-21.247225263099875],[55.32302295060766,-21.246181167078422],[55.32338136053667,-21.24541516122709],[55.32384844884124,-21.244836304576804],[55.323925080420636,-21.24410904537421],[55.32332677675167,-21.243597276221625],[55.32328169341263,-21.242387373857884],[55.32370496273697,-21.241337486901212],[55.32440854548096,-21.240291287024906],[55.32506790893574,-21.239917567627757],[55.32558495290134,-21.239349136380113],[55.3251424377083,-21.238522782317062],[55.32530708708984,-21.23716682815896],[55.326135528853555,-21.236663810521463],[55.32664648096426,-21.23560936406301],[55.32755167377122,-21.235219103514865],[55.32788957264182,-21.234558561727987],[55.32880529965616,-21.233745675167942],[55.32886060750023,-21.232684898944854],[55.32865001527447,-21.23239377112397],[55.32862657480518,-21.231396345748546],[55.32914032777781,-21.231116006345793],[55.329807407628586,-21.231249970882185],[55.33107557284164,-21.229934735552668],[55.331744076667555,-21.230198775173726],[55.33249687506085,-21.229820527085206],[55.33230097054816,-21.22899391782809],[55.33338248794826,-21.22748171409257],[55.33330941982867,-21.22669696550213],[55.33377968316939,-21.225912163432625],[55.33391018014399,-21.225357948906396],[55.334624093662576,-21.224150115189016],[55.33531791521795,-21.22395914768155],[55.335553570460746,-21.22364804176407],[55.335526330841226,-21.222898972332118],[55.33615561127115,-21.222019984913985],[55.3355685965189,-21.221106422098902],[55.33571150404506,-21.21978817122317],[55.33555068429606,-21.218237497370882],[55.33503558139269,-21.217355353257073],[55.33490162214175,-21.216588068825214],[55.33515245410761,-21.216382793556242],[55.336680460725525,-21.21644843985659],[55.33720143891551,-21.216290986113624],[55.337479723943574,-21.21569847938852],[55.33703417859915,-21.214368106192925],[55.33726756326293,-21.213225975503875],[55.33780690850778,-21.212631522400617],[55.337541880438856,-21.2116109391683],[55.33816491724425,-21.211542102514535],[55.33850453092031,-21.210804771861785],[55.33920228540017,-21.21103112929718],[55.339696579784494,-21.21067378348431],[55.33958898889386,-21.210130769116752],[55.34010806081933,-21.209624627488427],[55.340886770310924,-21.209502211665804],[55.34120523242007,-21.208673437175015],[55.341113762355626,-21.208238973152977],[55.34145871758825,-21.207711244169303],[55.34313849067377,-21.20668537080147],[55.34328515286921,-21.20614485251111],[55.34297183522363,-21.205392070739972],[55.34319594681565,-21.204643658771637],[55.344279915142984,-21.204266790339474],[55.34559119392733,-21.20319843547392],[55.34621995211426,-21.20313142939921],[55.347437783385,-21.20171619353992],[55.3479120182535,-21.200992802177595],[55.3480290185721,-21.199912739195202],[55.34830732654844,-21.19931117701314],[55.34886709406699,-21.199643631676995],[55.34993057798438,-21.199025351877957],[55.351179692564365,-21.19686790572038],[55.35226202901604,-21.195762932936347],[55.3524259065276,-21.195055467255692],[55.353394455803596,-21.19456901700764],[55.35436340079284,-21.193785389802308],[55.35473356078572,-21.193757380668167],[55.356057330618704,-21.191979990312618],[55.35670828898502,-21.191294419520663],[55.357960025947435,-21.190714948232493],[55.358438122463724,-21.190767467077297],[55.3599933990734,-21.189998532374425],[55.359885070811686,-21.189603655467568],[55.36059021930473,-21.188892399125926],[55.36105203590748,-21.18876138857622],[55.36178555313264,-21.187572571860432],[55.362243226389744,-21.187380095194698],[55.36233353591423,-21.186788425008256],[55.36309698307371,-21.185678475832837],[55.36390238018013,-21.184781197291397],[55.36504578308978,-21.184411985246825],[55.366572238815266,-21.18336449719117],[55.367364577377934,-21.18339021839396],[55.3680351037425,-21.18275627389421],[55.367864528284734,-21.182152143859486],[55.36847234925967,-21.18179038005999],[55.36927412102154,-21.18016499920328],[55.37028788973942,-21.179668943056],[55.3706026449716,-21.179244728801102],[55.3713807824202,-21.178894531019758],[55.372332116617265,-21.177414194008843],[55.37323779490428,-21.176848428765474],[55.373948195445415,-21.17573339522387],[55.37490209882894,-21.175247572140936],[55.3753302245679,-21.174757594904065],[55.37617424141982,-21.174368261858405],[55.376180541999304,-21.17379112878663],[55.37705823931159,-21.172609037344387],[55.378219119661345,-21.170448697558164],[55.378970177517786,-21.170456802477172],[55.380151516230534,-21.169597363135946],[55.38064287526164,-21.16895712851303],[55.3812476346506,-21.168957498934734],[55.38204096347312,-21.168531517318982],[55.38249399022687,-21.16769580158223],[55.382990073678826,-21.167505437370114],[55.383881461581694,-21.16620691250184],[55.38415681860583,-21.165325232610762],[55.38418706952839,-21.16431294484136],[55.38465303826193,-21.16343579431887],[55.38541764252844,-21.16281350825809],[55.38594506958645,-21.16150697833867],[55.386540820107356,-21.160736743461705],[55.386558355567765,-21.159918538006156],[55.387144936937254,-21.15954926985014],[55.38771061128085,-21.158620668883124],[55.38822174149489,-21.15828229228173],[55.38843383544938,-21.157636659638396],[55.389800942289625,-21.157125773020375],[55.389769548829605,-21.15691229955491],[55.39176780421433,-21.156271006339804],[55.392377045525286,-21.15567340305654],[55.39330559245519,-21.155646091968784],[55.39385999974573,-21.15522139264954],[55.395788165983454,-21.15455770541712],[55.397018802201856,-21.152765508187635],[55.39771225344746,-21.152839822411597],[55.39885195139489,-21.151710663659895],[55.39921078941415,-21.151023947967044],[55.39996956968821,-21.15075291182354],[55.40078017945487,-21.150048784255404],[55.40169919142345,-21.149471233072134],[55.40241935152161,-21.148490739796575],[55.40271885242581,-21.147139538513514],[55.40356620340366,-21.146328250993427],[55.403795574730715,-21.145769472337058],[55.40547739815756,-21.144986817335887],[55.40565931838675,-21.144812389661237],[55.404993706910204,-21.144029290438738],[55.40466038528389,-21.142427328124274],[55.404074230759505,-21.14114906919613],[55.40368574355682,-21.13966491613182],[55.40371619738273,-21.139069032647207],[55.40449901064428,-21.13726622015964],[55.40603164227644,-21.135839908498724],[55.406698374859886,-21.135614941417334],[55.40783250761913,-21.135618383281138],[55.40853420669828,-21.134643102856913],[55.408509434812345,-21.133716996845543],[55.40829634163241,-21.133386196078586],[55.40831597759666,-21.132539093715785],[55.408849033108005,-21.130494535216688],[55.409252182464634,-21.130066549077004],[55.4096752150772,-21.12885740114859],[55.40976698221549,-21.127926065563646],[55.41049690203465,-21.127007945914166],[55.412576499590486,-21.12636714150628],[55.413053699922216,-21.125220817480436],[55.4135735942374,-21.125037802291576],[55.414080089799185,-21.12412299210678],[55.41464728894486,-21.123474316510553],[55.41536005447334,-21.123259678342173],[55.41603184714637,-21.122733017364734],[55.41477261060605,-21.122733884875903],[55.413982332900986,-21.12236155730575],[55.41338541236781,-21.122636892196923],[55.4125811254649,-21.122405340860478],[55.41173055096293,-21.122362140143764],[55.411264413301964,-21.121927801845576],[55.41034435148652,-21.12217209304092],[55.40880535213242,-21.12195711407404],[55.4084800556665,-21.1221283938056],[55.407370865711094,-21.121872274608926],[55.40603690878789,-21.121389114182502],[55.4056400909928,-21.120595903645597],[55.404863098126256,-21.119884926090915],[55.40340327603371,-21.119291262981463],[55.40290232914221,-21.119413905588264],[55.40215845122905,-21.119208168002988],[55.40147415724898,-21.119371531775943],[55.40077764693536,-21.12013546510249],[55.39902954456146,-21.11994281399805],[55.39815629614794,-21.11905475657047],[55.39765596988463,-21.11920900443756],[55.39595863825714,-21.118951765787],[55.39496065100958,-21.11838588926502],[55.39384365227719,-21.118055540508234],[55.39291960440173,-21.118580621404238],[55.39205413300666,-21.118314973348397],[55.391538511710905,-21.118369696224306],[55.39068864667873,-21.1178178476602],[55.38951421475499,-21.117993669167426],[55.38883931356563,-21.117465153580426],[55.38714600752323,-21.11746259321262],[55.38617455121809,-21.11765206614497],[55.38395487798065,-21.11860736070767],[55.38310916616066,-21.118829629645443],[55.381309942516495,-21.119094274421133],[55.380519386104915,-21.11875792468466],[55.37975596050707,-21.11902612718737],[55.37898722304914,-21.118631265776152],[55.37823531619157,-21.118548194635768],[55.37778399759803,-21.1180010014353],[55.37730772297387,-21.117978375169],[55.37689342824012,-21.11756793000977],[55.37646935914912,-21.117613547699534],[55.37581311075447,-21.11723329971238],[55.37544400689393,-21.117270408916795],[55.374301398770726,-21.116733740288602],[55.37388248707213,-21.116041420301165],[55.371507891476845,-21.115222825658837],[55.37010892409015,-21.11489232414722],[55.36920794341284,-21.115415687574107],[55.36752429094264,-21.11497403139629],[55.366888848664736,-21.11533463984254],[55.366152356661786,-21.11516495007888],[55.36451576166894,-21.115437308128275],[55.363974461559515,-21.114849468508414],[55.362069779083235,-21.114463434956253],[55.3606514155503,-21.114937489120198],[55.35924960927407,-21.11504315440296],[55.35900999328092,-21.11529826790353],[55.35834700101884,-21.115273780621617],[55.35787175944163,-21.114983740613734],[55.35731750408088,-21.11505063066574],[55.35650602912165,-21.11452337885911],[55.354960606494046,-21.114209399377728],[55.354045407890695,-21.11462143859316],[55.35341661927629,-21.11472552941422],[55.350981974677374,-21.114214990230998],[55.350690040168985,-21.114064012264567],[55.34837828383267,-21.11428086410146],[55.34699821826667,-21.11477053043609],[55.34311668935312,-21.115046960776],[55.34257087412882,-21.11496032864032],[55.34146547152993,-21.115333403017612],[55.34076693982335,-21.11599498448519],[55.337440519374645,-21.116557633604774],[55.336188428746595,-21.116702512304215],[55.33519660514348,-21.117160663225565],[55.33420243394277,-21.11739748429415],[55.33238705526114,-21.117553957514456],[55.331586984290894,-21.11739162260102],[55.33056308107154,-21.116929904094185],[55.3293866000916,-21.11659764906281],[55.32896774119289,-21.116951212154788],[55.326987440031665,-21.117564859648766],[55.32603491000612,-21.11760693777971],[55.32521367566143,-21.117015313303604],[55.324276316684816,-21.117763884374988],[55.32308186949348,-21.118003174325015],[55.32238585226913,-21.11903232756987],[55.32144942818578,-21.11952436381797],[55.32104585794233,-21.119201513129724],[55.31965847264899,-21.119390089662826],[55.31929933429047,-21.11931065330837],[55.31831391543509,-21.119536626416814],[55.317581095039905,-21.11947244537429],[55.315316381821845,-21.119861828017907],[55.31426827262265,-21.121119580441796],[55.31319480115885,-21.121639109180624],[55.31074704014211,-21.122207257150688],[55.30926741905595,-21.12263148007447],[55.307716661418596,-21.123215758858723],[55.30708058077199,-21.123787488226878],[55.306185350802494,-21.123697245801168],[55.30536198593281,-21.124060249500292],[55.30423238426982,-21.124770647084194],[55.303878717438465,-21.125394869394395],[55.303126219994695,-21.125535466624022],[55.30259953472358,-21.126220277075745],[55.301198690936545,-21.126907159162485],[55.299792809031736,-21.12676840329291],[55.29919729515655,-21.127071337505207],[55.297550015802884,-21.127248987507713],[55.29543519212058,-21.12731352604578],[55.293547440941005,-21.127725368538467],[55.292925534963445,-21.127641421723833],[55.29181011385289,-21.12803121957149],[55.29042817853107,-21.129246601299258],[55.28931988894433,-21.129852330564347],[55.28873112448061,-21.130654791719742],[55.28777706392424,-21.130823088567475],[55.28679721304727,-21.13147616423148],[55.28620152783449,-21.131622785989926],[55.28482234674479,-21.132926663156976],[55.283774440135225,-21.13288262548424],[55.28250203152233,-21.13394097706483],[55.280704917640854,-21.133913706770606],[55.27943741827699,-21.13371024707934],[55.27777892981443,-21.134100751066132],[55.27692632000134,-21.133735294712743],[55.27503710848244,-21.134762017968445],[55.274619571011804,-21.134903186279878],[55.273564323311554,-21.134661199262695],[55.27299572634579,-21.134711401964005],[55.27193406862519,-21.135686913010808],[55.27148877011273,-21.13556494587226],[55.270982751597124,-21.136859547253522],[55.27069015929026,-21.1370182395881],[55.27125241121229,-21.137847739968816],[55.27139285567391,-21.138355893812218],[55.27109321326533,-21.139453888110854],[55.27131083065509,-21.139783084640655],[55.27131144326191,-21.140726077246963],[55.27106582197223,-21.14164849011239],[55.27118230487901,-21.142230465312135],[55.27164309493252,-21.142595565008538],[55.2714739243891,-21.143318238812462],[55.270626117100385,-21.14336558001699],[55.2712755388623,-21.14448410633985],[55.27127105089456,-21.145534532292043],[55.27229287409431,-21.146589115488382],[55.27246824331161,-21.147407437651893],[55.272202028967286,-21.147780469206968],[55.272064879598176,-21.149477165945964],[55.272864523797324,-21.150347926393405],[55.27395858687131,-21.15065625649378],[55.27546141427436,-21.150421380197276],[55.27676960953467,-21.15152943948116],[55.27879598061014,-21.1527324114154],[55.27975709193628,-21.15305019208247],[55.28147056655059,-21.153419869792696],[55.28224488187894,-21.154322849509295],[55.282543948414954,-21.155441394557215],[55.283738140062894,-21.15667470206113],[55.28448546513967,-21.157582818635678],[55.284752723124,-21.158121153839208],[55.2856435446122,-21.15927911373868],[55.28576628067199,-21.159741916691008],[55.28683379775817,-21.16069210838664],[55.28695310420798,-21.161536949476186],[55.28745952834568,-21.163216697785924],[55.28704735251649,-21.164475263101693],[55.2859532174731,-21.16549929846755],[55.28590372179636,-21.166201522442375],[55.2861022307287,-21.167526790091635],[55.286047425411994,-21.170194423479767],[55.286412429015684,-21.172866311283983],[55.28683062071635,-21.174934465907004],[55.28658156676768,-21.175237238986675],[55.28670356724433,-21.176851672030246],[55.286869437123634,-21.17775117906928],[55.286696111522005,-21.17958842994099],[55.28732245515809,-21.18264955302782],[55.28719109972279,-21.183602048682037],[55.28674436075439,-21.184009400213384],[55.28659331874441,-21.18458052613786],[55.28689746361985,-21.18551575805772],[55.286771827094924,-21.18630572673501],[55.286151341378655,-21.18733094006336],[55.286433084970646,-21.187870324486497],[55.286100283013674,-21.188585028425834],[55.28491303203386,-21.192569834649486],[55.28472540289785,-21.195057267972647],[55.28450878738201,-21.195800243812734],[55.28378810756157,-21.19682262016536],[55.282821174832065,-21.19756700067773],[55.28276021083814,-21.19825826434196],[55.28302170192142,-21.200050245090925],[55.282707481215944,-21.200986422006622],[55.28214400881173,-21.2014043120146],[55.28177290305113,-21.20126234100603],[55.28077125892094,-21.20192325583657],[55.28047837828212,-21.202345700579983],[55.2805608647218,-21.20295803445642],[55.28190801946522,-21.203819888516513],[55.282016311958,-21.204699843905704],[55.28282366921821,-21.2047658630292],[55.28312286532111,-21.205546596124137],[55.28363347428479,-21.205703531416262],[55.28500115793181,-21.20704338666578],[55.285393330332525,-21.207114209289106],[55.28539614069685,-21.20770495814468],[55.2857635635428,-21.20791733770934],[55.285843548141884,-21.20916552710508],[55.28634444322232,-21.209664685186418],[55.28632259484431,-21.210305765357276],[55.28583984596404,-21.211571726058445],[55.28602985519288,-21.212050566907475],[55.28667403768927,-21.21257105046921],[55.28690856775508,-21.21311537577241],[55.286802693268555,-21.213692376227158],[55.2871342761959,-21.214507755579582],[55.28798800697905,-21.21606999276366],[55.287725237911246,-21.216553271646788],[55.28821742303582,-21.216724460310594],[55.28824876102437,-21.21751511498175],[55.28848947829531,-21.218025178125238],[55.28814253667433,-21.218373020832892],[55.28887274673524,-21.21870378606651],[55.28896758508674,-21.219334307344198],[55.28959217086561,-21.220221299464043],[55.290164705765804,-21.22044297582875],[55.29139071828193,-21.222223038595494],[55.29136924114962,-21.222582311743285],[55.29210807641902,-21.223839878929446],[55.29243209967828,-21.224060839611298],[55.292630303252935,-21.225086219401263],[55.29224289311573,-21.22576876344873],[55.29237811316954,-21.22657492119172],[55.292152503691156,-21.227176907028376],[55.29291249120416,-21.228021903966116],[55.29323530904109,-21.228599632295055],[55.29285314046901,-21.229328295516513],[55.293744116576875,-21.230093322946328],[55.29392986396505,-21.2305278547592],[55.295382973636904,-21.23125158947922],[55.29556471629415,-21.231783629599228],[55.2969502547453,-21.2323531176951],[55.29741115975161,-21.233408242701707],[55.297932083767996,-21.233515566279205],[55.298686377435686,-21.234274674694042],[55.29930334401131,-21.234324252032312],[55.29958059352584,-21.23467840920766],[55.300320563101714,-21.234839418710443],[55.300596118974255,-21.2354256912005],[55.30145678449033,-21.235563524354422],[55.30183419935418,-21.236341405522403],[55.30332313459614,-21.23672130094154],[55.303959256740576,-21.236444982878595],[55.30522159997328,-21.23692645648611],[55.30586758360637,-21.236714360652876],[55.30666286996242,-21.237010482588943],[55.30753605353334,-21.237909848278452],[55.30815584220765,-21.239148998778763],[55.30893497112254,-21.239005067449433],[55.3096254149526,-21.239541292118904],[55.31021654588076,-21.23974683378607],[55.31090306236022,-21.240290240264052],[55.31119094625809,-21.240898299455722],[55.31073096104948,-21.241611774201196],[55.311143788367005,-21.242331281290927],[55.31203802591523,-21.242063841012754],[55.312674300460856,-21.243467533619253],[55.31320488553451,-21.24391543373091],[55.31306600217661,-21.244689934461654],[55.31341247606546,-21.244892115066783],[55.31447971518328,-21.244832333587258],[55.31498881126877,-21.24429005318933],[55.315665398256975,-21.245201868500214],[55.31622471109449,-21.245242681519603],[55.3165240504279,-21.24603240052042],[55.31700315170756,-21.246010086033227],[55.31928513255014,-21.24758282591728],[55.319890210634604,-21.24809196708844],[55.32057305626929,-21.249050796368717]]]},"properties":{"ID":"COMMUNE_0000001400385507","NOM":"Saint-Leu","NOM_M":"SAINT-LEU","INSEE_COM":"97413","STATUT":"Commune simple","POPULATION":35597,"INSEE_CAN":"95","INSEE_ARR":"4","INSEE_DEP":"974","INSEE_REG":"04","SIREN_EPCI":"249740101"}},
{"type":"Feature","geometry":{"type":"Polygon","coordinates":[[[55.804302679306325,-21.252014791882512],[55.80457173264186,-21.251513510484493],[55.80477378765519,-21.249760555336742],[55.80469161133767,-21.24776257218955],[55.804823788027214,-21.24583115227394],[55.805345772489865,-21.24395579368591],[55.805725928436196,-21.243416450340128],[55.80571742292937,-21.24243891861665],[55.80592253506855,-21.24185768222167],[55.80697145797587,-21.240715085033667],[55.80718464877091,-21.240086927356653],[55.8079037218947,-21.2387396300458],[55.80821826942259,-21.23700914235424],[55.80827424064899,-21.23615944353946],[55.80862146210916,-21.23551777569732],[55.80832440021492,-21.234474063444868],[55.807886817714355,-21.23377084106148],[55.80778806078506,-21.232391562806587],[55.80799279850792,-21.231134580264545],[55.80798711286477,-21.229803839152584],[55.808518372944,-21.227240141627426],[55.80912997623196,-21.22654794069664],[55.809422376200686,-21.225890524866614],[55.81038195223406,-21.224577429978222],[55.81053515185057,-21.223975944434706],[55.8110228635198,-21.2234716721666],[55.81123052216251,-21.222445972966653],[55.81157483338084,-21.222402324440232],[55.812699198937516,-21.221561044279824],[55.81270357880419,-21.22101361640939],[55.81318873485705,-21.220706259672983],[55.81299189988469,-21.220260404103865],[55.81310106736321,-21.21913915216017],[55.813444592095614,-21.218349287522646],[55.813406223831386,-21.217484466251225],[55.81417409847542,-21.216759916355688],[55.81412215177233,-21.216147047616868],[55.813700505021075,-21.215742976586],[55.8140653639588,-21.214210666543156],[55.81577092934707,-21.2121195259323],[55.81608914423755,-21.211358385328865],[55.816692679644525,-21.210577562026028],[55.817230330703865,-21.210326570235072],[55.81765706123612,-21.20948668694139],[55.818589783613476,-21.208982794086857],[55.819072083242915,-21.208543501581563],[55.82010428146018,-21.208370939980043],[55.82230058235292,-21.206941732992448],[55.82279043135266,-21.206398590577443],[55.82274132633873,-21.20603056402606],[55.82405153947154,-21.20432413242072],[55.82411463316913,-21.20389906950441],[55.8247489998037,-21.2031084910714],[55.82489717147905,-21.201792361813908],[55.82525786954454,-21.201253732786228],[55.82496514876543,-21.20074940519214],[55.82549532301722,-21.200463100128196],[55.82500593975111,-21.19961140204211],[55.82490747407782,-21.198663048039805],[55.82537441022903,-21.197967061743476],[55.82479816405836,-21.1970153849326],[55.824549207984106,-21.19633790789264],[55.824779068850056,-21.19577578370051],[55.82549941648851,-21.195070718116167],[55.82505033614709,-21.193997063367707],[55.82471550962362,-21.1935809762107],[55.82469207888323,-21.192767750591543],[55.82486421253522,-21.191952271424743],[55.82495552057499,-21.189906698074477],[55.824775017250076,-21.189466388884203],[55.82503831345677,-21.188937921882857],[55.82560853792985,-21.187234452458856],[55.82579290190751,-21.186088410533184],[55.826165349972115,-21.18576396536377],[55.82682519201003,-21.185639359868063],[55.827363248831375,-21.18605594946781],[55.82881251127781,-21.186354184280937],[55.830291009944446,-21.186365326442115],[55.83081576612831,-21.186147623070827],[55.83172399080223,-21.186407760232463],[55.83237803853599,-21.185794350551944],[55.83323902100068,-21.185691887532663],[55.834011164828595,-21.184511947294776],[55.83583867004308,-21.183988823892832],[55.83661448924342,-21.183320223945238],[55.836613344812655,-21.182604717856226],[55.83509474362331,-21.179970766635577],[55.83462007569708,-21.17945436021355],[55.834623095922865,-21.17845430973874],[55.83415548035407,-21.177530514329003],[55.83370772839889,-21.176285241952336],[55.833914929275316,-21.175901819729845],[55.83356893443452,-21.17470061226792],[55.83371815533292,-21.17335827527131],[55.83345206743875,-21.17314504259341],[55.83306527647452,-21.17211158642079],[55.83307520905691,-21.171090804878485],[55.833389823893015,-21.170887902043898],[55.83340046152757,-21.17014537459081],[55.83318143189604,-21.168967627153332],[55.83289514429189,-21.168138130604543],[55.83282149036821,-21.166354295860053],[55.83258390779229,-21.16545557249601],[55.8334649818179,-21.165355048930092],[55.83410414133543,-21.165030615094718],[55.83499293094166,-21.16431310871506],[55.83500850506555,-21.16330772241317],[55.83459403259431,-21.162489993159635],[55.83477651226235,-21.161570676858968],[55.83434462699787,-21.16088653160987],[55.83496960946418,-21.160524956070123],[55.834480266278284,-21.160168352851574],[55.83371049448118,-21.15995707098062],[55.833728399358876,-21.159269700512535],[55.832858096842344,-21.15910650601027],[55.83162776160119,-21.158187378861935],[55.83158197276808,-21.157763364225985],[55.83107542972586,-21.15653303724573],[55.83059877556451,-21.155789852483757],[55.83084353105794,-21.15540398162804],[55.83063438012364,-21.15468974729868],[55.82980365701298,-21.154763504605324],[55.82921816610728,-21.15353353009877],[55.82936497668659,-21.152988887211755],[55.82877346033749,-21.152403903055937],[55.82754025117878,-21.152349290070553],[55.82764705755665,-21.151259616684595],[55.82759312459384,-21.15040371573797],[55.82732287798644,-21.14962400920742],[55.82758001811315,-21.14913252979512],[55.82713625664778,-21.148008325887375],[55.826219359591924,-21.14753490810538],[55.825769676379046,-21.146797318547804],[55.82620604929842,-21.14665760662607],[55.826750652732976,-21.145002724646197],[55.82610137537215,-21.14454290570262],[55.82538763586705,-21.14346560937434],[55.824081270663854,-21.143172870229897],[55.82323642481492,-21.14260417681149],[55.82244187371481,-21.142617623709512],[55.82179594863843,-21.141127927822808],[55.82049199321119,-21.141264297198212],[55.81911155066414,-21.139994421738685],[55.818290274426765,-21.139372568269074],[55.81806030750187,-21.13959320120613],[55.81729809438461,-21.13881004563456],[55.81675178055366,-21.138851399129162],[55.81608324983156,-21.13936799149913],[55.816030883122195,-21.139656715354977],[55.81460431301709,-21.139713585920514],[55.81386249650549,-21.139031739835048],[55.811847412367456,-21.138505380792655],[55.81104661884459,-21.138217897276363],[55.810580689112214,-21.137839711887338],[55.809701285328146,-21.137509209994214],[55.80943468273175,-21.137131519261175],[55.80815858795761,-21.136195649121973],[55.80730860413434,-21.13507847698152],[55.80737303830601,-21.133644324043455],[55.806879427782334,-21.133358984976176],[55.806511716288284,-21.13262282946126],[55.805357545822275,-21.132219904392034],[55.80462124583198,-21.131580519343604],[55.80372399917725,-21.131080022266147],[55.80378270728133,-21.13060343948283],[55.80274665413772,-21.13024288818808],[55.80180042332502,-21.1292496800621],[55.800627323356984,-21.128212400870662],[55.80053863583472,-21.127985921967866],[55.79945222406658,-21.127066691497358],[55.79854071794394,-21.126907553906452],[55.79765833553794,-21.126480307462298],[55.796930798973456,-21.1258364362216],[55.79560172934483,-21.125639987990215],[55.79525943628569,-21.125342141441504],[55.79434669140787,-21.12521910914009],[55.79327173105366,-21.124795890438968],[55.79263400649971,-21.124954862489897],[55.79202031858383,-21.12464242766821],[55.79121990500236,-21.124559929384297],[55.789572508113196,-21.124794795646412],[55.78895870514244,-21.125090338182446],[55.78772995442467,-21.12487376772148],[55.78646793623767,-21.125077934843915],[55.78641697429348,-21.12542447557381],[55.78793685956916,-21.12512368340796],[55.78813492532402,-21.125513562771197],[55.786892620954255,-21.12577930510733],[55.78596061176213,-21.125776242067168],[55.784403605742824,-21.125314280107247],[55.78307341943247,-21.124667833314835],[55.78174318275727,-21.12367537413784],[55.78147359728647,-21.12284953507703],[55.78093247868105,-21.122615275564478],[55.78002892232695,-21.12184359268337],[55.77842134021617,-21.119335015051316],[55.7772945891092,-21.11666637840456],[55.7762026925806,-21.115152530774328],[55.77565201959046,-21.113975038231697],[55.774609931128445,-21.112379331875637],[55.77206316915681,-21.10773188658823],[55.77169375747902,-21.107464514559073],[55.77004810730514,-21.10540457886465],[55.76914331323955,-21.104568692825637],[55.76833928876441,-21.104005457195658],[55.76733278139601,-21.10359793723198],[55.766328194401396,-21.10470632668181],[55.76457363267044,-21.10639735730548],[55.763364622871194,-21.10719166210862],[55.76289992684884,-21.10773663327452],[55.76210926892421,-21.108116611699806],[55.760010186083896,-21.10989631733977],[55.75849236832322,-21.110887975777604],[55.75646210232493,-21.112949093110167],[55.75514852858616,-21.11380219138724],[55.75389181983946,-21.114761393904733],[55.752475001969074,-21.115638102406997],[55.75109887109645,-21.117058036977777],[55.75067313233049,-21.1176556546742],[55.7502977993327,-21.118671913387164],[55.750038772984986,-21.120514729086185],[55.749387395301255,-21.12103659986672],[55.749273722138476,-21.121962640470258],[55.74794789849792,-21.122998974878914],[55.747178388784405,-21.124171307882893],[55.746537394679265,-21.124600193952595],[55.74622362298864,-21.125159780900297],[55.74640314446227,-21.125795289457727],[55.7461814597613,-21.126052018447115],[55.74501204430118,-21.12600089973877],[55.744294223773466,-21.126518643028255],[55.74392741035645,-21.127086865766497],[55.74367444642566,-21.128084138558325],[55.74304957781058,-21.128995539500885],[55.74166226326941,-21.12988953100991],[55.74148964279422,-21.13049171207921],[55.742156588547125,-21.131442514409617],[55.741962760774946,-21.13193342156763],[55.74115483149477,-21.13194277593179],[55.74080014377696,-21.132668270143586],[55.74114942660088,-21.13383714091231],[55.74213649639539,-21.134508465734896],[55.74291453948641,-21.13541853491546],[55.74314276979789,-21.135986653577394],[55.7429933997385,-21.136571843915227],[55.741420593762555,-21.136389420960683],[55.741018389916604,-21.136697196526384],[55.74026547650749,-21.13657415658595],[55.73971403037127,-21.137222299033567],[55.740299898702055,-21.13819780012786],[55.74008592780024,-21.138905367237594],[55.7407150037176,-21.1398965462001],[55.74151031286268,-21.14036047708244],[55.74206939542113,-21.140405284316355],[55.742520309026176,-21.14083051602265],[55.74223857558297,-21.141923329135103],[55.74258339553144,-21.14316804853151],[55.74361205209119,-21.142227128519284],[55.74450885087374,-21.141962765013748],[55.74511503825973,-21.14201784905612],[55.74612380873741,-21.14240745669012],[55.746564883443746,-21.1428597070562],[55.746754152432466,-21.14382683073016],[55.74635701388011,-21.144675785507417],[55.74557420948993,-21.145238217656647],[55.74550312306982,-21.146018218156396],[55.74422440164366,-21.14577837272266],[55.74357759093018,-21.146656182670988],[55.74343837480447,-21.147292037382194],[55.742272391229506,-21.14795549745295],[55.7423415382729,-21.148433902976805],[55.74368000289734,-21.1495848212238],[55.743570490565055,-21.150580444291148],[55.74366404164702,-21.15124874181365],[55.74290116638431,-21.152068772452854],[55.741495365849815,-21.15170509996157],[55.74112096961835,-21.152249767485003],[55.74128698606191,-21.153230273077163],[55.74094971179136,-21.153711979024536],[55.7402378221415,-21.153624472807056],[55.73972864070516,-21.154163616333484],[55.74018695407308,-21.15531161880941],[55.74016459154118,-21.156133533280347],[55.73578555709448,-21.15615055851929],[55.73559349549566,-21.157220537330137],[55.7353122726602,-21.15778937439522],[55.73531114454692,-21.158375662296528],[55.73565670019453,-21.160097384970463],[55.73622329692203,-21.16096706041203],[55.73616777571106,-21.16160804834283],[55.73584543208163,-21.162255172939705],[55.73533159679227,-21.162543125312858],[55.73482376229063,-21.16314459500444],[55.73426388079458,-21.164316611765308],[55.73377532279827,-21.164349090623745],[55.73321177031017,-21.16470622431699],[55.731635208501515,-21.166513822234908],[55.7309290991362,-21.168226758450352],[55.73024785874452,-21.168039162188187],[55.728096303390735,-21.167924526971827],[55.72648033822188,-21.16791055999512],[55.72548176268638,-21.168229158349902],[55.725089868130276,-21.168780880253763],[55.72397904154934,-21.16904803380355],[55.72308716831457,-21.169052142874722],[55.72130020868236,-21.16943432166778],[55.719905229145915,-21.170487949026],[55.71896315524681,-21.170952379060633],[55.71830828302265,-21.17105853257433],[55.71569873270519,-21.172450713780574],[55.71404384223275,-21.173035269225604],[55.71311556418436,-21.173125771943745],[55.71184147631247,-21.17355511181777],[55.710787024924706,-21.174090004744105],[55.70949780643274,-21.175151573892645],[55.708656834034464,-21.17516864094111],[55.70724232198066,-21.175461365911225],[55.70596036183671,-21.1761272836909],[55.70524342111312,-21.176721635624755],[55.704261999169034,-21.177160383854925],[55.70328428682181,-21.177835838494357],[55.70260419481356,-21.17850995778788],[55.70191569241354,-21.17948483274087],[55.70141830674691,-21.179860429527917],[55.70072336398879,-21.180799114474187],[55.69942536410024,-21.18196893746993],[55.69924431658379,-21.182515891357376],[55.698430852270015,-21.183347055438382],[55.69813260489003,-21.183417931709908],[55.6970479531323,-21.184198217514442],[55.69560765939038,-21.185551198823],[55.69468103582853,-21.1859921168073],[55.69263655145995,-21.185945599813337],[55.691651804030215,-21.186532396945214],[55.69051632639179,-21.186624780406568],[55.68892087456013,-21.187103843943092],[55.688068167978244,-21.18658772677689],[55.68706338246224,-21.186278198980887],[55.686694743579096,-21.18635663800351],[55.68561865533033,-21.186159468752244],[55.68528151359759,-21.185725939883785],[55.68429492826193,-21.185429184825356],[55.682632720632505,-21.184636630945903],[55.68140686189001,-21.184495180357548],[55.67950222766895,-21.184973549107266],[55.678764002224746,-21.18556219503059],[55.67724791389188,-21.186320907656548],[55.676223810032354,-21.1874267391715],[55.67563806257284,-21.188844950421704],[55.675067305675555,-21.18966073201177],[55.674243819126666,-21.192460124101654],[55.67320895592562,-21.193037381244793],[55.67208117196121,-21.194526298772374],[55.67094787536637,-21.19490583400468],[55.67083186900314,-21.195275300370415],[55.670085661497325,-21.19620802236711],[55.669086110315114,-21.196279646975636],[55.66849849278313,-21.1966047441308],[55.66725275381052,-21.197704250057093],[55.66717755645949,-21.19792588386162],[55.66589029922536,-21.198926584642134],[55.665291422966824,-21.199537946388595],[55.66463964969983,-21.200568047132755],[55.66419436538951,-21.201023433722458],[55.66366986836425,-21.20096779350509],[55.66238281973137,-21.201618866153858],[55.66154730961006,-21.202724283806752],[55.661279321911955,-21.203279533008594],[55.660670189874786,-21.20352854790078],[55.65980991618942,-21.203639160593678],[55.65894792554529,-21.204579942264726],[55.658355052696045,-21.204521032056437],[55.65799422604668,-21.204794593115924],[55.65647846037426,-21.207294781283064],[55.65641575944385,-21.207942893551177],[55.65524340934296,-21.209640907786746],[55.65509597534564,-21.210177231297106],[55.65459100702616,-21.21062127375662],[55.65413671376761,-21.212276216944844],[55.65425520901599,-21.213126317028316],[55.65471559903087,-21.2146259452569],[55.65500066036895,-21.21697604107289],[55.6544990816751,-21.218531237398924],[55.65409896476512,-21.219201951429643],[55.65466908840372,-21.219969832537057],[55.65394834463692,-21.222318232274656],[55.65386283755595,-21.222929122235488],[55.65410184890967,-21.223239072800087],[55.65326826754643,-21.224429369310364],[55.653123927686096,-21.225364997012342],[55.65200725911299,-21.225898094017726],[55.65113720455639,-21.22759938557486],[55.65104334547271,-21.22806747630008],[55.65053654776555,-21.22806884415019],[55.65029849830342,-21.228606242749436],[55.65057972719653,-21.229359179497667],[55.65043629535153,-21.229874750964047],[55.64984177871509,-21.230409297027077],[55.64964507549157,-21.230955155325525],[55.64910528401956,-21.23129862541335],[55.64892950248618,-21.232191537937386],[55.648338132911064,-21.232696292434508],[55.6477731254758,-21.233479488710007],[55.64742017039804,-21.233619389045177],[55.64697318038276,-21.234350230557705],[55.647147928598265,-21.235050827092582],[55.64719886014896,-21.23612170852642],[55.64744471080313,-21.236527478639953],[55.6483635660049,-21.237094019223974],[55.65460998048889,-21.237640801020238],[55.67515235575397,-21.239606505030093],[55.678812749932426,-21.239946876735306],[55.70467054389248,-21.2424049612744],[55.72664312495597,-21.244533516100596],[55.754892275157935,-21.24726579067872],[55.785717651244866,-21.250222434969785],[55.79612503280294,-21.251298927687515],[55.804302679306325,-21.252014791882512]]]},"properties":{"ID":"COMMUNE_0000001400385498","NOM":"Sainte-Rose","NOM_M":"SAINTE-ROSE","INSEE_COM":"97419","STATUT":"Commune simple","POPULATION":6450,"INSEE_CAN":"08","INSEE_ARR":"3","INSEE_DEP":"974","INSEE_REG":"04","SIREN_EPCI":"249740093"}},
{"type":"Feature","geometry":{"type":"Polygon","coordinates":[[[55.45549089251002,-21.285833014893793],[55.45307110043973,-21.286083592225005],[55.45016457521609,-21.286611480527082],[55.449942784991855,-21.286990626637355],[55.4481224598814,-21.287974700224048],[55.44332565727446,-21.28998810027709],[55.44081115336917,-21.29126104346869],[55.436996898935185,-21.29166737481685],[55.43381735275818,-21.292660336887835],[55.429656449571006,-21.292668538490293],[55.427507742009176,-21.29360776248826],[55.423086394562446,-21.293634142000062],[55.420456395997434,-21.294600377436744],[55.41877008081907,-21.294744422834395],[55.418124790664436,-21.29515025375286],[55.41742096642021,-21.296161631006346],[55.41616862256866,-21.297000736821968],[55.40871186161667,-21.300177664638593],[55.40526220828794,-21.30187387108338],[55.40420608694974,-21.303275673236463],[55.403999917061554,-21.303623284155663],[55.40574456634822,-21.30496131409752],[55.40701003322772,-21.30622433522024],[55.408535517301004,-21.30751148650557],[55.40913037847379,-21.30902106437179],[55.410327707309364,-21.310709764233582],[55.410483617544486,-21.311449212638863],[55.41058311341944,-21.312952297595526],[55.41145930329857,-21.314389555444986],[55.41359506853455,-21.316307495958185],[55.41518169792977,-21.31819946181486],[55.416307117301,-21.31914585825543],[55.41747025405537,-21.319992339242958],[55.41883709763122,-21.32081182379251],[55.41923240110176,-21.321166011895578],[55.42419472174469,-21.324000108126402],[55.42565707094279,-21.3247301081746],[55.42721622080935,-21.325243311862064],[55.42984311707907,-21.326248829118548],[55.430626329755995,-21.326210075735403],[55.43185988557531,-21.326339917201764],[55.43376080480803,-21.326810182723555],[55.435273580630266,-21.32697421573513],[55.435998538173905,-21.326701848714674],[55.4379377896899,-21.327104678413672],[55.43963218849673,-21.32759825154259],[55.4409308979055,-21.32785960808832],[55.4431287020643,-21.32806515172062],[55.44329575662019,-21.328222063587138],[55.44475973435631,-21.32835394555566],[55.445540152915385,-21.328306967591068],[55.446245368157406,-21.327894364152133],[55.44698482090718,-21.328075531527457],[55.448647911380085,-21.328158635292134],[55.44917471214617,-21.328301699062177],[55.450577964794846,-21.329076109377013],[55.45139221679109,-21.32975565762989],[55.45250670994783,-21.330028778517047],[55.452886462467454,-21.33040533149483],[55.4545481161638,-21.330996915242356],[55.454979465484705,-21.331786740113216],[55.45458821646639,-21.332690945457326],[55.4544032602594,-21.333504911787696],[55.45407473363404,-21.334126963778445],[55.45410875590669,-21.334836356035236],[55.45445097506758,-21.33520804440866],[55.45519410470998,-21.33550302573943],[55.45604416565408,-21.336543294230935],[55.45618183714267,-21.33812801963361],[55.45662787297961,-21.338254060829428],[55.45734971312694,-21.339295855737806],[55.458110139858945,-21.339875519425277],[55.45981835680066,-21.341375287561593],[55.461401908821735,-21.341797179773675],[55.46215564395133,-21.341819436787596],[55.46362044178317,-21.342073113268242],[55.465315025280496,-21.342852783754772],[55.46721657169151,-21.34348076735027],[55.467720149413104,-21.34401017223136],[55.469603672089335,-21.34433355699103],[55.47044092113185,-21.344671786469274],[55.47171602947842,-21.34453344570645],[55.47362476377429,-21.34447221358643],[55.474951092386995,-21.344601687598225],[55.47488498684372,-21.346331793230874],[55.475028132646,-21.34638187056691],[55.47721824637737,-21.34596544947152],[55.47715233941917,-21.345625214274495],[55.47566969401683,-21.34587914080479],[55.47527775780096,-21.345459166439625],[55.47529039943822,-21.344423206068978],[55.47563273117605,-21.343952084814017],[55.476988344301716,-21.3440465799306],[55.47712038332876,-21.344238371557324],[55.47824978982913,-21.344390423143825],[55.47854689484269,-21.34372287131126],[55.47898533131264,-21.344215522791835],[55.479960940680115,-21.34497679626534],[55.48032630694289,-21.345730738291188],[55.48033501771706,-21.346849996780666],[55.48018553258072,-21.3473210663326],[55.48140537199441,-21.347682576882463],[55.48167625587614,-21.348530507942293],[55.48206044404812,-21.348862779110398],[55.4828560508543,-21.348943134302104],[55.48379845909224,-21.350499889239956],[55.48358687183454,-21.351197127946246],[55.48402675546177,-21.351271556066646],[55.48402620649682,-21.35179365466255],[55.485243090975644,-21.352072009782976],[55.48518390575756,-21.351544855731397],[55.48666227922965,-21.35096020317109],[55.48702837110373,-21.350990600395505],[55.48774311543357,-21.350495709283106],[55.488358425888435,-21.350670164680732],[55.488890130703666,-21.350347053455035],[55.48987556228709,-21.350817500709432],[55.49036845173522,-21.350612367346088],[55.49125480520159,-21.35068356281515],[55.49180467820508,-21.35018626914521],[55.492801142642904,-21.349955840890154],[55.49391184030561,-21.350246729755487],[55.49462692055945,-21.350282949441734],[55.49538337866068,-21.35004403121783],[55.496471449617545,-21.350852290048287],[55.49729041219601,-21.350913817552783],[55.49768379463379,-21.350348259378908],[55.4979997724663,-21.350754859581354],[55.498909916339095,-21.350762996739743],[55.49934525938378,-21.350526609884906],[55.50124346613098,-21.350655568935395],[55.5018617905059,-21.351104605394546],[55.50345815611617,-21.351713208879644],[55.50439810782737,-21.352870579169554],[55.505836756693135,-21.353726164119877],[55.50624875908084,-21.35446059903668],[55.50676110134868,-21.354047831095084],[55.50675003914415,-21.353045972916124],[55.50718450461838,-21.35327656393373],[55.50701220306429,-21.353723069086527],[55.50734058942611,-21.354050273085132],[55.50796978541177,-21.35390501346356],[55.50855231454997,-21.35475025769278],[55.50950398319268,-21.35475509423445],[55.51043182945698,-21.35501805817581],[55.51186549715934,-21.355895229044748],[55.512997312503046,-21.356299998634608],[55.513534477450555,-21.356866608522843],[55.51387594512177,-21.356759428260933],[55.51457069829124,-21.357094377824385],[55.514920789682854,-21.35689694149376],[55.51541004772271,-21.357146966260938],[55.51541097365457,-21.3575335878518],[55.516126127717996,-21.358141509031288],[55.516786134923294,-21.35809765904144],[55.5172029949407,-21.358356072357193],[55.51865220806999,-21.357982250851766],[55.519279798047315,-21.35847737711595],[55.52004789629918,-21.35842453120422],[55.5201568580581,-21.358712742167974],[55.52113210944027,-21.359060977363278],[55.52193492955893,-21.359680487023155],[55.52204852128331,-21.360084360627546],[55.52275994723349,-21.36020263158371],[55.52305864721385,-21.360706593448384],[55.52396652896471,-21.361140034313067],[55.52467167760287,-21.360634058682674],[55.52530570076438,-21.360778738009202],[55.52643340353452,-21.361602517895626],[55.52874470912128,-21.362484543154316],[55.53318113402304,-21.36348990380716],[55.535228266100695,-21.36321059063717],[55.53638042114649,-21.363328133541113],[55.535924291163,-21.36255273106422],[55.535786449435996,-21.36177107077029],[55.53633289207808,-21.36063857075466],[55.537013633642715,-21.35996431284765],[55.53727353898679,-21.359233090777767],[55.53748813865634,-21.35772282122525],[55.538287880866314,-21.356423600157132],[55.53825284842621,-21.355678064998852],[55.53753298669011,-21.355438743250467],[55.537422421417375,-21.354920184118686],[55.537699268904696,-21.35461817993549],[55.537863756989054,-21.35349228207515],[55.537851197906264,-21.351745172055285],[55.53880435623825,-21.3503343677043],[55.53890103592197,-21.349822128644508],[55.53864650667535,-21.34904126091776],[55.53920489683773,-21.348349666006364],[55.54011764961654,-21.34789962321077],[55.54060324354477,-21.346768381198636],[55.5405203216098,-21.346086564271886],[55.54124291115947,-21.34555898392628],[55.54124247560475,-21.344531011861296],[55.54174991527174,-21.344016013355958],[55.54163983295367,-21.34335022044126],[55.54189342266244,-21.342764365696958],[55.541728450352984,-21.34189665784171],[55.542640699718305,-21.341297547823782],[55.54246926996144,-21.3406926482413],[55.543315254002884,-21.33996830199962],[55.5430089231342,-21.339452564473365],[55.54324044088819,-21.338659656886648],[55.54340762636145,-21.337253745115866],[55.54368322697113,-21.336584972428078],[55.544348800404606,-21.33626012667759],[55.54433105841212,-21.335908584178146],[55.543724664355864,-21.334926848887882],[55.5444099431003,-21.334265237354007],[55.54453643806375,-21.33317061372878],[55.54517092504489,-21.332183365567424],[55.54492354533901,-21.331849707890548],[55.544949820470684,-21.33123839193917],[55.54448783410839,-21.33008357011954],[55.54412061067156,-21.32821685342108],[55.543808300691296,-21.327722745472236],[55.54368661750362,-21.326766888586906],[55.54417119209743,-21.326021335194383],[55.54479450917192,-21.325479323551072],[55.54576544233442,-21.32419598533838],[55.54570036361392,-21.323853969416888],[55.546870127901975,-21.32244678261305],[55.54781546491148,-21.322095430784668],[55.54875073652863,-21.321002364152623],[55.54948200151532,-21.32134199792272],[55.55028500245862,-21.321052635687654],[55.551125672824746,-21.320460982958963],[55.5517620267108,-21.320550473622145],[55.55219627783089,-21.320014933047183],[55.55274717606035,-21.319970896457406],[55.55282000981252,-21.319425016365198],[55.55345010117851,-21.31926784089949],[55.55391197881259,-21.318666590797815],[55.55517550442947,-21.318502208324368],[55.55585006998711,-21.318035567462317],[55.55675027115706,-21.317957480710405],[55.557103024237115,-21.31757117750411],[55.557558329923516,-21.317837949386842],[55.55783690301145,-21.31715020298186],[55.55890140315215,-21.316831423724114],[55.55922019737153,-21.316960620039062],[55.55995313885245,-21.316536014499878],[55.561924283089226,-21.315772413296337],[55.563182100812575,-21.315894272804343],[55.564294109927246,-21.316140439896248],[55.56505666707739,-21.315940087665133],[55.565732751996,-21.316206011612106],[55.56674259196096,-21.316252560627813],[55.56711745888751,-21.316465325722618],[55.567947902950614,-21.316421813402194],[55.56981499854239,-21.314950833168464],[55.570278330817885,-21.31389246489154],[55.570798478879546,-21.313736094254892],[55.57174887138848,-21.31394741547695],[55.57203438082921,-21.31323260091916],[55.57257078944764,-21.313089009171637],[55.57236266640187,-21.312480209179327],[55.57310462260623,-21.312114335769923],[55.574205112181076,-21.311855380787268],[55.574965452016635,-21.311281889940954],[55.57594279943976,-21.311196221506712],[55.57724219161985,-21.31090279686513],[55.57757240033519,-21.311148584128606],[55.57814575725186,-21.310870690875756],[55.57908117587302,-21.31073406328984],[55.57967798500683,-21.309721055239756],[55.58035894356581,-21.309881272395508],[55.58063776151137,-21.309456351870402],[55.58074244865965,-21.307289251346166],[55.58109804218277,-21.306999573037544],[55.5811856104781,-21.30550982214959],[55.581871210251904,-21.304783004208485],[55.58251435701228,-21.303557188620516],[55.583242538075126,-21.30371598418372],[55.584470712530184,-21.304308064807987],[55.58443950467456,-21.303540876678436],[55.5851564217677,-21.303366241114652],[55.585936130273105,-21.302069292601637],[55.58673063688508,-21.301440927425226],[55.587320531278536,-21.301444074259148],[55.58765844128555,-21.300782963793353],[55.587663595269895,-21.299638488687158],[55.58827114135904,-21.29930664469175],[55.58831480854065,-21.298166105545697],[55.58904870347428,-21.297825381524216],[55.58951622081581,-21.297822977264122],[55.58963964594852,-21.297010111115107],[55.590532226117595,-21.296807112818176],[55.59078774649078,-21.296191374401936],[55.591945232863395,-21.29610621254813],[55.592213879574366,-21.295933213674132],[55.5926178154494,-21.294812847808807],[55.592724930687474,-21.29297727051521],[55.59307491326095,-21.292460780505202],[55.59390571735221,-21.29216239646604],[55.594141416865284,-21.291702762488548],[55.59389164068535,-21.29019662820142],[55.59651313563843,-21.288999005219708],[55.59802737520343,-21.28889418913591],[55.604396759409696,-21.28784594627945],[55.60460423879886,-21.28720629785931],[55.604653713724105,-21.285844477743048],[55.60419079030296,-21.284853294748714],[55.60363929401629,-21.284158573572647],[55.60337115979627,-21.282851933109658],[55.60349641768307,-21.281018296990936],[55.60338958735785,-21.27957297687957],[55.6037993063797,-21.278438170639724],[55.602745275881915,-21.277482733015194],[55.60197092180129,-21.275999352835054],[55.602026641008884,-21.27530424659364],[55.60170256444256,-21.273699038386233],[55.601656810570354,-21.272625495219877],[55.60074258120903,-21.272383036199752],[55.60037352046739,-21.27247933712104],[55.600023851479904,-21.273072633017456],[55.59958814772166,-21.273285811841415],[55.59837603282074,-21.273052606543978],[55.59799845213307,-21.273335821571244],[55.597970687721585,-21.27402844846025],[55.59571586111368,-21.275108119786005],[55.595537542224655,-21.275516746719997],[55.59467420265237,-21.27559807232057],[55.593821830385735,-21.275945065099858],[55.59376006255128,-21.276461256212354],[55.59291825021652,-21.27792665874702],[55.59190334226568,-21.2786408426421],[55.591233774677185,-21.27881590956232],[55.59112925797559,-21.27956931790119],[55.5902643790367,-21.279708419998357],[55.59001931804249,-21.28034231420531],[55.5889577386109,-21.280692045227834],[55.588812626007446,-21.28165829744958],[55.588389951335195,-21.281410855255704],[55.58783085745643,-21.281723236869855],[55.58730034488242,-21.28136377789614],[55.5859481406746,-21.282169942864332],[55.58509814834718,-21.282262169243378],[55.584818717233304,-21.28336278741257],[55.5828761192866,-21.283618351669393],[55.58174874964116,-21.28429177666932],[55.580778556861276,-21.285056851410086],[55.58089125917104,-21.285364933206345],[55.58018321694689,-21.285828694858356],[55.57946546858038,-21.285797347400624],[55.5790584131639,-21.28613175730848],[55.57914684564798,-21.286557971282097],[55.5780716855202,-21.288212824262907],[55.57816330950298,-21.28920906537849],[55.577512507273966,-21.290132188137203],[55.57669913918538,-21.290419797738505],[55.57650928238049,-21.291118270900892],[55.576125621350414,-21.291523329836817],[55.57591532328988,-21.292542310145343],[55.57551728240209,-21.293138750956867],[55.57502497079172,-21.293315249089787],[55.574655286486006,-21.293769202055966],[55.57475673809747,-21.29434367334996],[55.57438492787068,-21.294917749878113],[55.574323346515165,-21.295806101075907],[55.573969116189275,-21.296056031276954],[55.57280810386641,-21.296106712651596],[55.57236692250038,-21.296277312625243],[55.5709002824026,-21.29793059615768],[55.57004931924487,-21.29841206619262],[55.56909400808244,-21.298221474510875],[55.56821265536489,-21.298356703400362],[55.566926584125824,-21.298777545113694],[55.566287918193375,-21.299133434426512],[55.56535353426847,-21.299964658134964],[55.563978329705066,-21.29993395826291],[55.56332601339855,-21.300106344772292],[55.563261252737085,-21.30091787859159],[55.56256093360052,-21.301367171848305],[55.56151782081333,-21.301382647320157],[55.5610477980228,-21.302136515244506],[55.560097350166636,-21.302138320932244],[55.55960797852792,-21.303096169258453],[55.55896789732813,-21.303198183605556],[55.557574965942216,-21.302907121892606],[55.55693261241391,-21.30264958754383],[55.55540032044281,-21.30350091574727],[55.555870648595146,-21.304297164751105],[55.55549409246518,-21.305149375842397],[55.554858564391246,-21.305376071115735],[55.55367861007426,-21.30548336289675],[55.55325259021483,-21.305872643627364],[55.55348053020348,-21.306811345268603],[55.55284020591401,-21.307428224749106],[55.55212131058787,-21.307701164308032],[55.55185183083727,-21.30844408222531],[55.5507542922734,-21.309482478913843],[55.55033383416539,-21.31018705688067],[55.54976841982137,-21.3104369185333],[55.54870145264176,-21.31012691150854],[55.548029954589836,-21.31038127176592],[55.54761354096142,-21.31106510073478],[55.54726889203762,-21.31121478492452],[55.546391359776884,-21.310952468360885],[55.54538059554606,-21.311396291636058],[55.544576949673164,-21.311560066360347],[55.54323497577909,-21.31137591576035],[55.54268239918988,-21.311690902610223],[55.54207083177686,-21.312610597147444],[55.541120534877,-21.311810150214743],[55.54072762974701,-21.311769705964483],[55.54029135624932,-21.312606002662054],[55.53828794352503,-21.312631059296674],[55.53698759462403,-21.315348662414312],[55.53673424529055,-21.315621968701507],[55.53525962791346,-21.316173701983047],[55.53481828625578,-21.316544731967618],[55.533107088343165,-21.31490294959934],[55.532974420611424,-21.31447813910072],[55.532059301645894,-21.313246166731137],[55.52907588984887,-21.30994198539253],[55.52723905923325,-21.308152713994037],[55.52481125174296,-21.306086346838043],[55.520951860105676,-21.30250155174949],[55.52062186168383,-21.302246627260725],[55.51883761015292,-21.300424312089614],[55.51724269558109,-21.30067854821687],[55.51667782216619,-21.299912983952925],[55.515715673013446,-21.300218851101505],[55.51469433410188,-21.300371531055575],[55.51272570806013,-21.29983112767574],[55.511823163834855,-21.300056201352625],[55.51095909410979,-21.300576088494815],[55.50977334575221,-21.300782384879387],[55.5092235665381,-21.29928886631699],[55.5094725267363,-21.298879163990062],[55.5095449566466,-21.29790965437345],[55.509987816459414,-21.29757935261603],[55.510721864908014,-21.297430481485677],[55.51109206004004,-21.29761532186214],[55.511966357826445,-21.29760950527967],[55.51258341242989,-21.297209375230704],[55.514091128774844,-21.29584605288932],[55.51445726366541,-21.29566772015009],[55.51573521097434,-21.294529986825626],[55.516622099142694,-21.293267753238176],[55.51633502439541,-21.292099954231546],[55.51649874267414,-21.291729233833642],[55.51421091566205,-21.289393874785112],[55.514168205511346,-21.288560647086346],[55.51380993779176,-21.288341593796513],[55.513084914600334,-21.288843754299954],[55.51203420289786,-21.288379203110555],[55.51116825340405,-21.287561279695687],[55.50981484062692,-21.28691337659329],[55.508965055505605,-21.2863105730008],[55.50697296409125,-21.285155655222056],[55.50585232865103,-21.284748259046204],[55.504014302597376,-21.283611838194677],[55.5037222467999,-21.283614662921018],[55.50316467084778,-21.282998168894164],[55.503108025666045,-21.282595694129554],[55.50253936323325,-21.282313322930115],[55.500044025008826,-21.27947370378765],[55.49994920251005,-21.27875021480267],[55.4981934648421,-21.27844370254355],[55.49787879770133,-21.27744726071576],[55.49737046206676,-21.277016366119447],[55.49696698974685,-21.2754654046448],[55.4969577823761,-21.27475893800701],[55.497534565471234,-21.27404776305461],[55.49761868040673,-21.27335658148877],[55.497040491521446,-21.272972938571687],[55.49643071639832,-21.27180945957865],[55.496171136035294,-21.270894804264195],[55.49549866255927,-21.270876153418598],[55.49489308532567,-21.27053381119569],[55.493123525369064,-21.268945338854245],[55.492827557436,-21.267915634255065],[55.49278593493723,-21.267271205846672],[55.492035460399805,-21.267437924862232],[55.49141661442869,-21.26688678911537],[55.49166759378082,-21.266655983717463],[55.49019938530957,-21.265952709263825],[55.48937556109117,-21.264714122261346],[55.488593898278246,-21.264066670423894],[55.488707368074124,-21.26371268989586],[55.48608307124608,-21.260723588821666],[55.486947178894525,-21.260372737931885],[55.48643539579305,-21.260005014332734],[55.48220568760596,-21.256560621248735],[55.480888415273505,-21.25552982935284],[55.47944074604327,-21.254531273887935],[55.478216979980544,-21.25518867291145],[55.47691525287527,-21.255086585377292],[55.47604685146431,-21.256230444284697],[55.47374322547931,-21.256945789319662],[55.472524237475156,-21.25704223897354],[55.47115452733213,-21.25736404058216],[55.47074678607108,-21.257750566453975],[55.46995933759779,-21.260193164370023],[55.47014196143554,-21.26098430486284],[55.46980901467923,-21.26289717670982],[55.47051618460786,-21.26356390776913],[55.470982879633375,-21.2647487537735],[55.470662983802946,-21.265678053880226],[55.47071175593711,-21.2661807301125],[55.47129302189976,-21.267656573931962],[55.470716288573165,-21.26882020680472],[55.470808439028026,-21.269228430437245],[55.470476608659666,-21.269632805127586],[55.467168577698594,-21.271000137392548],[55.46668926313594,-21.27205805125693],[55.4667226199251,-21.273675254378606],[55.46694606659328,-21.273967246200385],[55.466758128789856,-21.275084718849396],[55.46547845954007,-21.277300590547576],[55.46520849519918,-21.277590798064953],[55.46325503220686,-21.27888727728097],[55.462707438303774,-21.27964736934495],[55.462382902911216,-21.280921663693572],[55.46137562406069,-21.282604331223784],[55.456157584678095,-21.285672020866304],[55.45549089251002,-21.285833014893793]]]},"properties":{"ID":"COMMUNE_0000001400385515","NOM":"Saint-Pierre","NOM_M":"SAINT-PIERRE","INSEE_COM":"97416","STATUT":"Sous-préfecture","POPULATION":85254,"INSEE_CAN":"98","INSEE_ARR":"2","INSEE_DEP":"974","INSEE_REG":"04","SIREN_EPCI":"249740077"}},
{"type":"Feature","geometry":{"type":"Polygon","coordinates":[[[55.47944074604327,-21.254531273887935],[55.480888415273505,-21.25552982935284],[55.48220568760596,-21.256560621248735],[55.48643539579305,-21.260005014332734],[55.486947178894525,-21.260372737931885],[55.48608307124608,-21.260723588821666],[55.488707368074124,-21.26371268989586],[55.488593898278246,-21.264066670423894],[55.48937556109117,-21.264714122261346],[55.49019938530957,-21.265952709263825],[55.49166759378082,-21.266655983717463],[55.49141661442869,-21.26688678911537],[55.492035460399805,-21.267437924862232],[55.49278593493723,-21.267271205846672],[55.492827557436,-21.267915634255065],[55.493123525369064,-21.268945338854245],[55.49489308532567,-21.27053381119569],[55.49549866255927,-21.270876153418598],[55.496171136035294,-21.270894804264195],[55.49643071639832,-21.27180945957865],[55.497040491521446,-21.272972938571687],[55.49761868040673,-21.27335658148877],[55.497534565471234,-21.27404776305461],[55.4969577823761,-21.27475893800701],[55.49696698974685,-21.2754654046448],[55.49737046206676,-21.277016366119447],[55.49787879770133,-21.27744726071576],[55.4981934648421,-21.27844370254355],[55.49994920251005,-21.27875021480267],[55.500044025008826,-21.27947370378765],[55.50253936323325,-21.282313322930115],[55.503108025666045,-21.282595694129554],[55.50316467084778,-21.282998168894164],[55.5037222467999,-21.283614662921018],[55.504014302597376,-21.283611838194677],[55.50585232865103,-21.284748259046204],[55.50697296409125,-21.285155655222056],[55.508965055505605,-21.2863105730008],[55.50981484062692,-21.28691337659329],[55.51116825340405,-21.287561279695687],[55.51203420289786,-21.288379203110555],[55.513084914600334,-21.288843754299954],[55.51380993779176,-21.288341593796513],[55.514168205511346,-21.288560647086346],[55.51421091566205,-21.289393874785112],[55.51649874267414,-21.291729233833642],[55.51633502439541,-21.292099954231546],[55.516622099142694,-21.293267753238176],[55.51573521097434,-21.294529986825626],[55.51445726366541,-21.29566772015009],[55.514091128774844,-21.29584605288932],[55.51258341242989,-21.297209375230704],[55.511966357826445,-21.29760950527967],[55.51109206004004,-21.29761532186214],[55.510721864908014,-21.297430481485677],[55.509987816459414,-21.29757935261603],[55.5095449566466,-21.29790965437345],[55.5094725267363,-21.298879163990062],[55.5092235665381,-21.29928886631699],[55.50977334575221,-21.300782384879387],[55.51095909410979,-21.300576088494815],[55.511823163834855,-21.300056201352625],[55.51272570806013,-21.29983112767574],[55.51469433410188,-21.300371531055575],[55.515715673013446,-21.300218851101505],[55.51667782216619,-21.299912983952925],[55.51724269558109,-21.30067854821687],[55.51883761015292,-21.300424312089614],[55.52062186168383,-21.302246627260725],[55.520951860105676,-21.30250155174949],[55.52481125174296,-21.306086346838043],[55.52723905923325,-21.308152713994037],[55.52907588984887,-21.30994198539253],[55.532059301645894,-21.313246166731137],[55.532974420611424,-21.31447813910072],[55.533107088343165,-21.31490294959934],[55.53481828625578,-21.316544731967618],[55.53525962791346,-21.316173701983047],[55.53673424529055,-21.315621968701507],[55.53698759462403,-21.315348662414312],[55.53828794352503,-21.312631059296674],[55.54029135624932,-21.312606002662054],[55.54072762974701,-21.311769705964483],[55.541120534877,-21.311810150214743],[55.54207083177686,-21.312610597147444],[55.54268239918988,-21.311690902610223],[55.54323497577909,-21.31137591576035],[55.544576949673164,-21.311560066360347],[55.54538059554606,-21.311396291636058],[55.546391359776884,-21.310952468360885],[55.54726889203762,-21.31121478492452],[55.54761354096142,-21.31106510073478],[55.548029954589836,-21.31038127176592],[55.54870145264176,-21.31012691150854],[55.54976841982137,-21.3104369185333],[55.55033383416539,-21.31018705688067],[55.5507542922734,-21.309482478913843],[55.55185183083727,-21.30844408222531],[55.55212131058787,-21.307701164308032],[55.55284020591401,-21.307428224749106],[55.55348053020348,-21.306811345268603],[55.55325259021483,-21.305872643627364],[55.55367861007426,-21.30548336289675],[55.554858564391246,-21.305376071115735],[55.55549409246518,-21.305149375842397],[55.555870648595146,-21.304297164751105],[55.55540032044281,-21.30350091574727],[55.55693261241391,-21.30264958754383],[55.557574965942216,-21.302907121892606],[55.55896789732813,-21.303198183605556],[55.55960797852792,-21.303096169258453],[55.560097350166636,-21.302138320932244],[55.5610477980228,-21.302136515244506],[55.56151782081333,-21.301382647320157],[55.56256093360052,-21.301367171848305],[55.563261252737085,-21.30091787859159],[55.56332601339855,-21.300106344772292],[55.563978329705066,-21.29993395826291],[55.56535353426847,-21.299964658134964],[55.566287918193375,-21.299133434426512],[55.566926584125824,-21.298777545113694],[55.56821265536489,-21.298356703400362],[55.56909400808244,-21.298221474510875],[55.57004931924487,-21.29841206619262],[55.5709002824026,-21.29793059615768],[55.57236692250038,-21.296277312625243],[55.57280810386641,-21.296106712651596],[55.573969116189275,-21.296056031276954],[55.574323346515165,-21.295806101075907],[55.57438492787068,-21.294917749878113],[55.57475673809747,-21.29434367334996],[55.574655286486006,-21.293769202055966],[55.57502497079172,-21.293315249089787],[55.57551728240209,-21.293138750956867],[55.57591532328988,-21.292542310145343],[55.576125621350414,-21.291523329836817],[55.57650928238049,-21.291118270900892],[55.57669913918538,-21.290419797738505],[55.577512507273966,-21.290132188137203],[55.57816330950298,-21.28920906537849],[55.5780716855202,-21.288212824262907],[55.57914684564798,-21.286557971282097],[55.5790584131639,-21.28613175730848],[55.57946546858038,-21.285797347400624],[55.58018321694689,-21.285828694858356],[55.58089125917104,-21.285364933206345],[55.580778556861276,-21.285056851410086],[55.58174874964116,-21.28429177666932],[55.5828761192866,-21.283618351669393],[55.584818717233304,-21.28336278741257],[55.58509814834718,-21.282262169243378],[55.5859481406746,-21.282169942864332],[55.58730034488242,-21.28136377789614],[55.58783085745643,-21.281723236869855],[55.588389951335195,-21.281410855255704],[55.588812626007446,-21.28165829744958],[55.5889577386109,-21.280692045227834],[55.59001931804249,-21.28034231420531],[55.5902643790367,-21.279708419998357],[55.59112925797559,-21.27956931790119],[55.591233774677185,-21.27881590956232],[55.59190334226568,-21.2786408426421],[55.59291825021652,-21.27792665874702],[55.59376006255128,-21.276461256212354],[55.593821830385735,-21.275945065099858],[55.59467420265237,-21.27559807232057],[55.595537542224655,-21.275516746719997],[55.59571586111368,-21.275108119786005],[55.597970687721585,-21.27402844846025],[55.59799845213307,-21.273335821571244],[55.59837603282074,-21.273052606543978],[55.59958814772166,-21.273285811841415],[55.600023851479904,-21.273072633017456],[55.60037352046739,-21.27247933712104],[55.60074258120903,-21.272383036199752],[55.601656810570354,-21.272625495219877],[55.601489275267234,-21.271793035092426],[55.60168128809764,-21.27105479660305],[55.60157663680434,-21.270502892723655],[55.60162452008476,-21.26931088605782],[55.602213823325606,-21.26793457452803],[55.60243377874465,-21.265154121146967],[55.60282919357871,-21.26450970748084],[55.6019231066387,-21.262389286348682],[55.60178277209292,-21.26133031401472],[55.60117327928793,-21.26076609027605],[55.600198381579254,-21.258385832261965],[55.60020060575149,-21.256926961002748],[55.600386833955675,-21.256493098855852],[55.60042910701544,-21.25497674611782],[55.60025964169156,-21.25292295575568],[55.600635548380446,-21.251790580784903],[55.60080070947395,-21.250627548822678],[55.60112511247987,-21.249335757010446],[55.60151313677701,-21.248959573821722],[55.60132584686269,-21.247567782178386],[55.601031594162045,-21.246789373173684],[55.60135787926809,-21.246317827125313],[55.60215867903519,-21.244675873775968],[55.603392094209624,-21.243443098284253],[55.60374096451338,-21.242822682721265],[55.60450805560527,-21.24219759736024],[55.60486302480292,-21.241644980015447],[55.604791258132444,-21.240670585509626],[55.60495250408986,-21.239713475168692],[55.604949699944,-21.23857795294814],[55.605360014849566,-21.23767168201398],[55.60514578181613,-21.236887617458233],[55.60472044835052,-21.236113550111103],[55.60448444699495,-21.234776460223568],[55.604616678112706,-21.233420735979138],[55.6049732330246,-21.23279947604717],[55.604862599419384,-21.2313477952157],[55.60510940748983,-21.229282087356335],[55.60544055970289,-21.229106866378118],[55.60525858971112,-21.22837636558046],[55.606490328034795,-21.226586181631447],[55.606905377915304,-21.226196654685882],[55.60685328405548,-21.22487011793776],[55.60718939518925,-21.224370633816704],[55.60721545952585,-21.223749349165672],[55.60821733723943,-21.221807296780206],[55.60899751609841,-21.22100523615959],[55.610112805948674,-21.21877864782175],[55.611219904863646,-21.21732072880686],[55.61180960297915,-21.216176524783766],[55.61305723891352,-21.214726973910466],[55.61362157675258,-21.214541906670046],[55.61344455161872,-21.21348534535522],[55.613505475834344,-21.21294474170739],[55.614019383977826,-21.21176286820032],[55.61483984832145,-21.210557310667905],[55.615060283501535,-21.20985270205869],[55.61611215338715,-21.208829704285108],[55.61694727192428,-21.208322541933054],[55.617508020075235,-21.207485214097378],[55.61840028389961,-21.206736414567317],[55.61942310088349,-21.206139536259535],[55.62052997545426,-21.20582608597188],[55.62209427892116,-21.205112564053746],[55.623004916451855,-21.20435214460692],[55.62396387768256,-21.203053717157],[55.624639434655485,-21.202398870975806],[55.625111510878554,-21.20218410370792],[55.62624107775439,-21.20118334901311],[55.62732227524855,-21.20093287734129],[55.62798231321914,-21.200286923889614],[55.62845935280752,-21.199011652735262],[55.6298679042626,-21.197627404900114],[55.632373077998,-21.195983729113216],[55.6336207118098,-21.19533166651995],[55.63466676670506,-21.19502123956502],[55.63503146315065,-21.195062127218637],[55.63692999068553,-21.194646555093602],[55.63775199493349,-21.194923287718822],[55.63903402502086,-21.195560547850906],[55.63982540215826,-21.19634290265826],[55.6403134753252,-21.196586220498865],[55.64033284342704,-21.197101288580704],[55.64080493033918,-21.19740771130439],[55.64157599404969,-21.197569290306504],[55.64251668371145,-21.19835373738831],[55.6425887468613,-21.198900846346586],[55.643218783663556,-21.198895067587646],[55.64401150878763,-21.199745166785384],[55.64456630232582,-21.199857118722456],[55.64657558797723,-21.20071696412844],[55.64681807179079,-21.200534622193366],[55.649048847079925,-21.201722325128255],[55.65139640315671,-21.205648104411768],[55.65328160011168,-21.21000648949523],[55.65413671376761,-21.212276216944844],[55.65459100702616,-21.21062127375662],[55.65509597534564,-21.210177231297106],[55.65524340934296,-21.209640907786746],[55.65641575944385,-21.207942893551177],[55.65647846037426,-21.207294781283064],[55.65799422604668,-21.204794593115924],[55.658355052696045,-21.204521032056437],[55.65894792554529,-21.204579942264726],[55.65980991618942,-21.203639160593678],[55.660670189874786,-21.20352854790078],[55.65867580989716,-21.201217285123803],[55.655350906874624,-21.196809559865905],[55.65429274333434,-21.195587923595927],[55.653619124709365,-21.194132666150967],[55.65354781835801,-21.193391343769182],[55.65257550858783,-21.19311619856354],[55.65215528049881,-21.19282557890433],[55.652021551525145,-21.191958191358026],[55.65228560099027,-21.191094880092656],[55.65133464109723,-21.189848788405154],[55.65042161771867,-21.188245264956652],[55.65005450006648,-21.186562989548705],[55.64942279023396,-21.186440505970594],[55.648453277263194,-21.185121982943222],[55.64783074686651,-21.184626480263848],[55.64766964070146,-21.18401903807213],[55.64680358105626,-21.183401436685767],[55.64672614938583,-21.183019599732965],[55.64617239297329,-21.182588780484178],[55.64637643636115,-21.182287789722544],[55.64630481516139,-21.18073886064471],[55.645590124935644,-21.18021280179334],[55.64512258777496,-21.1785658473248],[55.6453041387219,-21.17819602209989],[55.64506187093712,-21.177724334468394],[55.64428889676613,-21.17714902236295],[55.643839609097746,-21.176460673853924],[55.64300818101116,-21.175748480452366],[55.642159297182936,-21.175366771904564],[55.63995468852807,-21.1716814232741],[55.63925822820837,-21.170959458260793],[55.6390898696466,-21.170307686386067],[55.638521612564894,-21.169679796115616],[55.638778216300516,-21.169317808845168],[55.63878692543744,-21.168155258301688],[55.638203988585346,-21.167238174822145],[55.63770298096734,-21.16705075861878],[55.63597818302393,-21.167359355439444],[55.63425251803659,-21.167866665629205],[55.63279491523613,-21.16854685906892],[55.63181940317686,-21.16916589856496],[55.630352978816475,-21.16975566290506],[55.62988876730514,-21.17006988342893],[55.629530054988216,-21.170745395971302],[55.6294561418239,-21.171973358757736],[55.6291724673793,-21.17286628324464],[55.62858226315375,-21.173369182339005],[55.626689416288905,-21.174553472775298],[55.62638970431332,-21.174886182198023],[55.62602804321016,-21.175877835217094],[55.625771446736074,-21.177276849853005],[55.62523208361003,-21.179153244508406],[55.624405403389275,-21.180955933775984],[55.62196532975142,-21.18162260661745],[55.62006480078629,-21.182372240201047],[55.61659639224911,-21.182895835893298],[55.61525214331747,-21.180998635475888],[55.614374817930525,-21.181193796491982],[55.613939246131565,-21.18101136243309],[55.61279395048864,-21.181022744612815],[55.61179852302468,-21.18148792733366],[55.611240755070924,-21.181498702711234],[55.6110510471171,-21.182423075721267],[55.610818919631114,-21.182629841500763],[55.61005154828124,-21.18249796774116],[55.60895497337865,-21.1817274251233],[55.607517436029156,-21.181164547362243],[55.607108302434625,-21.181348169388208],[55.60670575932346,-21.180931119046775],[55.606283051364294,-21.181021582461536],[55.605533704994464,-21.180201487253175],[55.60455129532493,-21.179688409808392],[55.6031890728377,-21.17982711496773],[55.60112894237844,-21.178287942779882],[55.60053591914947,-21.177543194853165],[55.600235556298784,-21.176403396357863],[55.60036674281284,-21.174027780077868],[55.59919048831706,-21.174264652590022],[55.59804917620384,-21.174881211367666],[55.596496578681744,-21.175092360028213],[55.595768603122416,-21.17477195174693],[55.59499653608672,-21.173613774008473],[55.594437602255645,-21.173955109487288],[55.59336939702879,-21.17417206230799],[55.59265975125616,-21.174053239225405],[55.59138818466639,-21.17347173789554],[55.591036413183375,-21.1728870540537],[55.59110636883791,-21.172517266228123],[55.59089617988108,-21.17101686834331],[55.59128322112364,-21.169300126958454],[55.59107312273293,-21.168909035640716],[55.590103706010325,-21.168461028385995],[55.58860011442819,-21.167268720842806],[55.58789564291212,-21.16610114147751],[55.58696184343776,-21.16393345002444],[55.58719313160613,-21.16351081079553],[55.58885984795326,-21.163135382433275],[55.58920042700225,-21.16256098671136],[55.58957879758453,-21.16135185448915],[55.589458425194,-21.15982690958516],[55.58980158830158,-21.157148644648853],[55.58869930175293,-21.156096994547205],[55.58800708816657,-21.155266466265605],[55.58602328339407,-21.152434177966555],[55.585953410334064,-21.1518825544051],[55.58691956388189,-21.15093669332027],[55.58705837059122,-21.150312738055092],[55.58615085424707,-21.149849873481298],[55.585710763740146,-21.149446918319654],[55.58492102307956,-21.149257841519688],[55.58405021874293,-21.14939147992693],[55.58266914560351,-21.14870602575094],[55.58270291087272,-21.14728263952696],[55.5825765873215,-21.14669440852899],[55.58178090860659,-21.146423063942926],[55.580911500430545,-21.145906291685467],[55.580246444730186,-21.145266568051497],[55.5800060647066,-21.14452290725971],[55.58017798517623,-21.14355867577625],[55.58049450436561,-21.142779035118096],[55.58136882236053,-21.142575885224634],[55.581247340543264,-21.14148001491601],[55.581496116608186,-21.141038557872573],[55.5817834380106,-21.139784413868803],[55.58175150240815,-21.13929543733859],[55.581062591773964,-21.13823094630695],[55.58069031183705,-21.137992053332635],[55.5804613038945,-21.13716718743755],[55.57969542365881,-21.13680575084465],[55.5788731093754,-21.137112311338466],[55.577634368684784,-21.13686252417521],[55.575451532677825,-21.136665311964084],[55.574726178844465,-21.13619579345231],[55.57454196343093,-21.135624233909713],[55.573195810805984,-21.134426808712355],[55.57270676386801,-21.133513925647403],[55.57258221493754,-21.134253616080574],[55.5708351474689,-21.13450446288749],[55.56973641579453,-21.135120298231918],[55.56842245645128,-21.13618959000347],[55.56745178671661,-21.136802878623637],[55.56604139954412,-21.137283260340155],[55.56524592199386,-21.137199737830333],[55.562905275807736,-21.13759361710364],[55.56177332984606,-21.137155823606935],[55.558590434209975,-21.137125144638873],[55.55791263269647,-21.13771738238614],[55.55531869146892,-21.13861215603837],[55.554011699337934,-21.138553122061747],[55.553152519127856,-21.138287428194044],[55.551564944603676,-21.136981181743145],[55.550965172328986,-21.136774606322103],[55.550599039423425,-21.136305351789467],[55.54954048601821,-21.135949406946565],[55.54811360891086,-21.135153084187934],[55.546952551694595,-21.134251534445834],[55.54658021202932,-21.133828288788788],[55.54614171650882,-21.134363815064393],[55.5456591870649,-21.134478008337208],[55.544588436151855,-21.135373948940234],[55.54356126627757,-21.13565147384539],[55.542703220828315,-21.136258357699948],[55.5418526604772,-21.136493128346988],[55.540123900368485,-21.136638121969472],[55.53819804655823,-21.137047879031066],[55.53756701752467,-21.1368888637036],[55.536392266625526,-21.137191265728163],[55.535183744611004,-21.137304571159422],[55.534339529002644,-21.136892573698344],[55.53375898350155,-21.136300383005274],[55.532407913402324,-21.13583249685654],[55.53178640179394,-21.135783749184355],[55.53109606620872,-21.135977397782426],[55.53087513615448,-21.136315132833023],[55.52980490670105,-21.135977032093795],[55.52941164884542,-21.136019686917813],[55.52813402484962,-21.135526208747685],[55.52694985680768,-21.13580678310107],[55.52659649236991,-21.13629421569861],[55.52652634412607,-21.136864508423898],[55.52569299375932,-21.137011723372204],[55.524940175977555,-21.138069286190245],[55.52410660305532,-21.13823817079532],[55.524128123944905,-21.13898179637256],[55.52368355799439,-21.13963463892181],[55.524570280116166,-21.14110033820327],[55.525241320204515,-21.14247020866154],[55.524159888871495,-21.14248246395472],[55.52364900638762,-21.142150101817034],[55.522407835382964,-21.142152822920323],[55.52207505316032,-21.142600677553812],[55.521093127538975,-21.143258756269613],[55.52170928528023,-21.144043708177005],[55.521793411378496,-21.144784266458576],[55.522198343365545,-21.145314441006096],[55.52336871128224,-21.145948853193445],[55.52329842262981,-21.1464342292806],[55.524482502434296,-21.14743550437304],[55.5248173815546,-21.148137597880698],[55.524673171343295,-21.148892424741447],[55.525288645110116,-21.15227893799829],[55.52480624754066,-21.153441830069557],[55.52469736117004,-21.154226773946142],[55.524240601314894,-21.15474491293615],[55.52448199453009,-21.155942117456572],[55.52532112418918,-21.15706955665447],[55.525564403268156,-21.15846641127177],[55.52608560812819,-21.159318272054055],[55.52626709385158,-21.160051546673532],[55.527205275459956,-21.1616829930268],[55.52768487580625,-21.162751285479295],[55.52851589830017,-21.16334116174577],[55.52838440638283,-21.16378355069485],[55.528475142861716,-21.16551511185039],[55.52824927236571,-21.166346915873692],[55.52830752786881,-21.16698065382914],[55.528134936654965,-21.169143518858217],[55.528622066224834,-21.170037533095694],[55.52933186251224,-21.17100936211975],[55.53052425602916,-21.17226451066235],[55.5315185060607,-21.17398404686067],[55.53159917515741,-21.174690244691693],[55.53188894259046,-21.17538561170906],[55.531583650265574,-21.176262799393225],[55.53120102252735,-21.178241370978046],[55.53135666519535,-21.178865114130158],[55.53086725329364,-21.180732550495595],[55.53046986213009,-21.181766112765214],[55.53063366573634,-21.18390299561936],[55.5298977466541,-21.184202823095717],[55.530184685905915,-21.184892748286117],[55.53027278235215,-21.186016346153203],[55.53008726120855,-21.186271276667185],[55.529112370424976,-21.18570454064875],[55.52835353584093,-21.18481538764769],[55.527986940953085,-21.183416560418824],[55.52521466724666,-21.18286936985577],[55.52323747224625,-21.182856623256733],[55.51944285161358,-21.183616542828503],[55.51885979659864,-21.183362117888798],[55.518557442596475,-21.184031538628656],[55.5172890111278,-21.185284160855222],[55.51635472984131,-21.18519014640705],[55.51570774908301,-21.186032682729273],[55.51539071276491,-21.18710936470458],[55.5155219016933,-21.189404044779753],[55.51521114704903,-21.189754512302073],[55.51531253479073,-21.190789703419412],[55.51552003470769,-21.191133884410828],[55.5157804702319,-21.19350738450581],[55.5155382331232,-21.196350709994046],[55.51508659170598,-21.19672523114415],[55.51508484497166,-21.197670990002752],[55.5140857115228,-21.19866037065735],[55.5156293628352,-21.200822936228537],[55.51507671303284,-21.201953549117686],[55.51504833840661,-21.202286623904232],[55.514445089512506,-21.20288925175475],[55.51395378806516,-21.203085466110327],[55.51219473212752,-21.204829640387974],[55.51092262329591,-21.205176141844223],[55.51090161780917,-21.205541799677114],[55.509268498023694,-21.20490591029638],[55.50895103449943,-21.20438460452915],[55.50772807674038,-21.204249145309255],[55.50676078308771,-21.20570306240337],[55.50710083827191,-21.205988806494727],[55.5081692265303,-21.207512204284917],[55.50862821133081,-21.208521648396097],[55.50854028957595,-21.209314885804424],[55.51011336599017,-21.21123476890666],[55.51060637946547,-21.21163928741238],[55.51182888559661,-21.21182621385773],[55.512236157948635,-21.212424185040337],[55.51401375428099,-21.2140341932996],[55.51337176582476,-21.215036641913283],[55.51363470801309,-21.21561888610933],[55.513141311855804,-21.21630828763875],[55.51280114857882,-21.217568126334747],[55.511774167439036,-21.21853284880406],[55.51164699654207,-21.218821691645672],[55.51051489647384,-21.219603912290324],[55.51255812565235,-21.219804400443365],[55.5129326754548,-21.220113021380392],[55.51325136589387,-21.221093216131145],[55.512963597579144,-21.22231467299776],[55.512392571668094,-21.22296093072321],[55.511563332155475,-21.222840704880678],[55.5108770544278,-21.223450711236534],[55.51118822848679,-21.22402706135398],[55.51125973385131,-21.22477382984898],[55.51183690678748,-21.225628939602984],[55.512032516214596,-21.226489716584027],[55.51151074047213,-21.227314357202946],[55.510681463085284,-21.22777134314566],[55.50909455007539,-21.229224309715914],[55.50745768519805,-21.22989364561045],[55.50671555039133,-21.229826556922582],[55.50553038998639,-21.229361697333935],[55.50454692886399,-21.229436991447265],[55.50411717122746,-21.230016721137037],[55.50258739462272,-21.23114583958926],[55.50220531601805,-21.231582360410783],[55.50089254834076,-21.2315417946406],[55.50036826511584,-21.2320348591595],[55.50052437971434,-21.232317176305607],[55.49966551539393,-21.23293101765572],[55.49981488065293,-21.233309026245234],[55.499774880836334,-21.23450103963161],[55.500321256187995,-21.234968392595672],[55.50036066549454,-21.2356444188043],[55.49995136216962,-21.236484470798946],[55.49911487532046,-21.2370741173786],[55.49889191720976,-21.23758882623879],[55.49794223022872,-21.238033832774285],[55.497485202940155,-21.23844709078298],[55.496425679908775,-21.238985957116174],[55.495225105236266,-21.23937180221315],[55.49407847578647,-21.239378730910715],[55.49328665496788,-21.239551417191926],[55.49257333175159,-21.239300246913743],[55.491551139549756,-21.239292914357325],[55.49099763428744,-21.238675521061054],[55.48884233719823,-21.238767330799174],[55.487943619804184,-21.239029364618673],[55.48806909468865,-21.239857917550783],[55.488368731143616,-21.240614863744216],[55.48830134882086,-21.241270059707453],[55.48902963644666,-21.242605349171175],[55.489032238463366,-21.243484288938824],[55.48988034809033,-21.24393631250532],[55.49145072978174,-21.243952175011547],[55.492084407579824,-21.244362524010697],[55.491819462738796,-21.2448334871344],[55.491141271194394,-21.24491504067107],[55.49023929503899,-21.24625018302499],[55.48980499367123,-21.246130670637662],[55.48881033828616,-21.24729244273627],[55.48862486560652,-21.247811084042134],[55.48785463931698,-21.24860089279835],[55.48672277783868,-21.249136333327623],[55.48554046240437,-21.24932805706987],[55.48489048694593,-21.249757609595537],[55.48458072361246,-21.250462112248716],[55.4840677437779,-21.251062713598937],[55.4838381530493,-21.251653215864724],[55.48334392899643,-21.251926987553407],[55.48265943760716,-21.251867533068786],[55.48173929202528,-21.25289533647344],[55.48057565620532,-21.253423220042965],[55.47963981283458,-21.254194331394466],[55.47944074604327,-21.254531273887935]]]},"properties":{"ID":"COMMUNE_0000001400385502","NOM":"Le Tampon","NOM_M":"LE TAMPON","INSEE_COM":"97422","STATUT":"Commune simple","POPULATION":81964,"INSEE_CAN":"99","INSEE_ARR":"2","INSEE_DEP":"974","INSEE_REG":"04","SIREN_EPCI":"249740085"}},
{"type":"Feature","geometry":{"type":"Polygon","coordinates":[[[55.604396759409696,-21.28784594627945],[55.603854772444635,-21.289511719304258],[55.6039713653372,-21.290434088037905],[55.6038223108974,-21.29101008291999],[55.604169217771535,-21.29214212860821],[55.604688733523666,-21.292756187013037],[55.60449774042165,-21.293282151280696],[55.60516744397619,-21.296163017562307],[55.60543870383941,-21.297039693621706],[55.60540880424968,-21.297654616844493],[55.60455896010034,-21.29874331692846],[55.60384181901001,-21.29894603894659],[55.6040343900122,-21.299478797009723],[55.603238163300325,-21.30009368375263],[55.603091371716026,-21.30063265887622],[55.60231692363766,-21.300982141447435],[55.60200912060192,-21.30152429454505],[55.601503146370675,-21.301514670052036],[55.600926178912445,-21.30187662699485],[55.600407402246766,-21.303015028743395],[55.60033415613571,-21.303624169046497],[55.600789404590685,-21.304817644817327],[55.600356779959306,-21.30612026517137],[55.59945003078468,-21.30669446497429],[55.59908893773964,-21.307364440814336],[55.59855078041505,-21.307087152290805],[55.59792540248008,-21.307062068113854],[55.59745270238189,-21.307404103831935],[55.59679338244327,-21.30861810288002],[55.5961790433504,-21.309053802804442],[55.596076442192846,-21.30990930422911],[55.59523672028822,-21.310324149101113],[55.594902497934456,-21.310699853057223],[55.594157728992705,-21.310860746183213],[55.59339844726218,-21.310824588633007],[55.59276661833631,-21.3112727754353],[55.592278073762806,-21.311858561673315],[55.59177683457363,-21.3118543658931],[55.59057921476568,-21.31239446218401],[55.59031304941783,-21.31301101192177],[55.589764244430285,-21.31314191059274],[55.58951010954801,-21.313608607112453],[55.590056161723105,-21.313968193798562],[55.59053280231248,-21.3139243124717],[55.5905532460738,-21.314812456023223],[55.58955479977209,-21.31528826961555],[55.5881695468438,-21.316291986993278],[55.588240137244306,-21.316874322782553],[55.588842112830555,-21.31703203769348],[55.58879294790082,-21.31773802762455],[55.58837918085756,-21.3181618288795],[55.58838015768603,-21.318563817945634],[55.588946447625545,-21.31872394319398],[55.58873130109178,-21.31934633721827],[55.58753779800772,-21.31995238545202],[55.58728391526039,-21.320289903685723],[55.58750057761567,-21.322028822189335],[55.587228401074555,-21.32236347641916],[55.58711181460881,-21.323665997534103],[55.58788934899594,-21.324521657429404],[55.58741903761493,-21.32510938550912],[55.58717702387873,-21.32601880848737],[55.587381909060696,-21.326671828799874],[55.586874327448136,-21.327626895458668],[55.58622120520803,-21.32807397016438],[55.585490252297696,-21.32819157654915],[55.585011252282605,-21.328476609392656],[55.58521487472247,-21.32926060348816],[55.58519347400827,-21.330185428903157],[55.58537256259808,-21.330612402658357],[55.585051833646375,-21.33168466037501],[55.58552824061788,-21.332375197834878],[55.58558040024441,-21.33316965994307],[55.58606486978199,-21.333723861803215],[55.58682576061694,-21.333805237673534],[55.58793211643439,-21.33486239529659],[55.58951885021935,-21.33559476813114],[55.5899484333179,-21.336143982377962],[55.58947702739996,-21.336842814047678],[55.589540612116124,-21.337957148968194],[55.58928417398238,-21.338659590569367],[55.589416324252504,-21.339157529311112],[55.589869434952924,-21.339667195180294],[55.58946994423755,-21.340406375894812],[55.589308349413045,-21.341474556937328],[55.588962702848335,-21.34222864124288],[55.58935062356871,-21.343405318774153],[55.58924184695003,-21.34439445007487],[55.58965084789873,-21.34508170164581],[55.58953983659579,-21.345498105952807],[55.58989929542792,-21.346324956493433],[55.58923603263791,-21.34742054085844],[55.58932877713895,-21.34840955740463],[55.58909734535511,-21.34881410979905],[55.58934003515673,-21.349349109940576],[55.58969173096635,-21.35169348155515],[55.5894619355021,-21.352833354122993],[55.58939621017666,-21.35446149619104],[55.58898670565947,-21.355536625038127],[55.58913901096388,-21.356247014267485],[55.58904628583463,-21.35696799113195],[55.58977336323812,-21.357874713362087],[55.58975292554222,-21.35829729742279],[55.58916875527916,-21.35958594977646],[55.58863403424047,-21.359637461755757],[55.58830285999101,-21.3603853394078],[55.58757937734771,-21.361215731893427],[55.587547641449426,-21.361709582689237],[55.586952310096116,-21.36234864221733],[55.58722808694841,-21.36305465182106],[55.58683359055511,-21.363264515611366],[55.58623812765335,-21.363011991516835],[55.585869689275384,-21.363621340982032],[55.58452578111442,-21.36428479625205],[55.58317194143673,-21.364475719106274],[55.58260774954841,-21.365082504857128],[55.58253379167428,-21.36585331679081],[55.582282982454274,-21.36626220980355],[55.5825816498726,-21.367093077698257],[55.58225997491886,-21.368652203037932],[55.58242124165562,-21.369130518657357],[55.583092724075804,-21.370003377047308],[55.583588762857666,-21.371069869778065],[55.58316692100746,-21.372414967068945],[55.58431174375181,-21.372305390283174],[55.58518346324479,-21.372013742398977],[55.585729640465466,-21.37157752518385],[55.58638212759078,-21.37141861801699],[55.58719419092663,-21.371915960205172],[55.58799120270045,-21.372977748417636],[55.587930464175315,-21.373478581117627],[55.58853715066611,-21.3736715761627],[55.58872797635796,-21.37428834359513],[55.58938244877761,-21.374225194087543],[55.58963680062527,-21.37455343147978],[55.589618616328494,-21.375444857878936],[55.5899153763183,-21.375574720441122],[55.58959588669766,-21.376307339656954],[55.59087367463126,-21.376314462216957],[55.5915978801577,-21.376523790242555],[55.592060873304376,-21.37691971805803],[55.5925919377768,-21.376853714288814],[55.59404369514424,-21.37722631145136],[55.59438931188209,-21.377189460947495],[55.59463685605119,-21.377828377690825],[55.59572102498496,-21.378621540435635],[55.59827737937259,-21.37855890826344],[55.59841290137631,-21.378911433705333],[55.5996481324051,-21.379542332415653],[55.60039915973598,-21.380686788896806],[55.6003609500768,-21.380850875256435],[55.60208277846055,-21.383258140212664],[55.602632766806316,-21.383740581684066],[55.60354729310539,-21.384023711762566],[55.603921253416914,-21.384355635058323],[55.60462290377347,-21.38430546710502],[55.605129224884514,-21.384512023237427],[55.60556731156404,-21.385100117562278],[55.606483768521954,-21.385588303318777],[55.607305148165366,-21.385524665809406],[55.607891045177254,-21.38578246092992],[55.60836853506667,-21.38628505953654],[55.60956801885612,-21.38703573533193],[55.61005604991078,-21.38713824303679],[55.61082462422134,-21.386947685190584],[55.611477779529,-21.386518593141027],[55.61403338585784,-21.38624343842516],[55.61558190872695,-21.38629145669797],[55.61667882008232,-21.385953628554216],[55.619313094276826,-21.38531048262488],[55.62177771353295,-21.384140161910793],[55.62291273116032,-21.383540638596596],[55.62445576245377,-21.38324526269342],[55.625678317958275,-21.38287498051181],[55.627679402213246,-21.38258603632003],[55.629445502866325,-21.382569761443058],[55.63155828734662,-21.38240272965308],[55.63215044408512,-21.382509635773843],[55.63507802920676,-21.382569614845735],[55.63804216451807,-21.38284935011852],[55.63952539800283,-21.38317664989368],[55.64098961611319,-21.383788333624878],[55.64220475842568,-21.3845316828765],[55.64345560051381,-21.385588770301904],[55.643563403903045,-21.386449618460738],[55.64308076908592,-21.38711870021023],[55.64331702170066,-21.3876472564119],[55.644155382567355,-21.38783470300874],[55.64468618559723,-21.38842796859969],[55.64511295280937,-21.388274236156274],[55.64573047832477,-21.38898201965923],[55.64656279968233,-21.38961746103603],[55.64685233149966,-21.389074181755277],[55.64793317574468,-21.38880105749427],[55.649099018912175,-21.38882942220261],[55.6494480867057,-21.388313717563452],[55.65007680167108,-21.38790956696983],[55.64978891094598,-21.387119538810886],[55.65063818324725,-21.38643351287406],[55.653250711347226,-21.385519553867613],[55.65442077541914,-21.384767428955897],[55.657100391826795,-21.383577523365176],[55.65772323877989,-21.38317781176045],[55.658488579597474,-21.383122506787455],[55.65911074474126,-21.382691167362555],[55.65986011561524,-21.38258875458937],[55.66096201910846,-21.38264362414892],[55.6623400056537,-21.382353804868927],[55.66386311456477,-21.382332519285765],[55.665131610380605,-21.38305445179667],[55.666550589496595,-21.38345598136299],[55.66702847678378,-21.38255282283848],[55.66732390711414,-21.383478386895053],[55.66882305051028,-21.383762196486284],[55.6701852134573,-21.383515547472154],[55.671389529855745,-21.383872877797966],[55.67171167806773,-21.383017251784068],[55.67222628669445,-21.382743998931996],[55.67241383670953,-21.382267613922576],[55.67303455276398,-21.38177839526668],[55.673696709412475,-21.381506304573904],[55.674057467942,-21.381608524267538],[55.67485013680225,-21.38098063888794],[55.674581198381304,-21.380214284080076],[55.67531739886352,-21.379751262135596],[55.675347765536074,-21.379163423763686],[55.67564908242239,-21.378689739159558],[55.67694543970078,-21.37899807106347],[55.6773755886487,-21.378676257833632],[55.67735100211177,-21.37679710320525],[55.67767982120957,-21.37626672026721],[55.679012122113235,-21.375469621852343],[55.67956211323312,-21.375010533468515],[55.68132523430887,-21.37456549737443],[55.682543861173286,-21.374504608126248],[55.683161708621164,-21.374652186773776],[55.6848181232934,-21.37449083078641],[55.68571777095786,-21.374618024759364],[55.68590739067486,-21.37487606093582],[55.68697443902244,-21.374725424186394],[55.687809530565985,-21.375062582394808],[55.68978762066459,-21.375385178040737],[55.69045671326321,-21.375627982171082],[55.692060882254225,-21.375486020758768],[55.69370628955009,-21.375913476109787],[55.69440692085464,-21.375646116893048],[55.6955728080144,-21.375660604297266],[55.695932293194865,-21.375362582311187],[55.69715972036151,-21.37550671618174],[55.69794624120691,-21.375450489725235],[55.69924206181623,-21.375713478345084],[55.700429013889206,-21.37640109320493],[55.70158196973186,-21.375039632018918],[55.70226567242314,-21.37483082613038],[55.70342146994676,-21.373581388655516],[55.703861400254496,-21.372907271562806],[55.70506594219696,-21.37269163523935],[55.70546616689085,-21.371596243797473],[55.70577716322296,-21.371215619972215],[55.70511396292674,-21.369753393257913],[55.705334280487364,-21.369265474564394],[55.70504891907153,-21.36859569393754],[55.705732129296386,-21.366683140675025],[55.70565911554868,-21.365883108291275],[55.70537192790629,-21.36553129514821],[55.7049907108044,-21.363699060279405],[55.70501261249542,-21.362743479226793],[55.7044357239147,-21.36221779229869],[55.70412923915312,-21.36077186507159],[55.7035686318666,-21.36047936684143],[55.70318326274818,-21.35977990385534],[55.70232730279158,-21.359299029095137],[55.70207828810545,-21.358666562538723],[55.700985628055065,-21.357799022323373],[55.70026124792054,-21.3567247481431],[55.6999300373491,-21.355573116910808],[55.70025673303674,-21.3548312813417],[55.700135141861864,-21.354513262624558],[55.69924908419559,-21.353950838727577],[55.699185537304814,-21.352628738353193],[55.699283501057806,-21.35169000789123],[55.69880461699418,-21.35011897752574],[55.6980032162155,-21.348927565522814],[55.69807365850538,-21.34815754967385],[55.697494056758885,-21.346747435938035],[55.697750670155436,-21.345751217969035],[55.69842974763559,-21.345068123911105],[55.69857282272896,-21.34469885657654],[55.698316136126664,-21.34341048955585],[55.698623199491415,-21.342596234764073],[55.698630899447814,-21.34183295871793],[55.69814505411381,-21.341272727704546],[55.697760322689895,-21.34050912071018],[55.69797901560514,-21.339656240846953],[55.69753477943524,-21.338425137319504],[55.69806944695854,-21.338150143695348],[55.69898078644668,-21.338240310914806],[55.69923134118629,-21.337709270334834],[55.699368599940506,-21.335920783364898],[55.69915544822659,-21.335490942502663],[55.69949573091094,-21.334843159257336],[55.69940373919044,-21.33434108432731],[55.69898270044838,-21.333868983314634],[55.69888341230766,-21.333319877110192],[55.699125320913645,-21.33278425232899],[55.69828809971435,-21.332383906633364],[55.69757126897065,-21.331780331295864],[55.69731843616563,-21.330931926784498],[55.69684661656993,-21.330753018263945],[55.696473705833974,-21.330182818831247],[55.696626229050274,-21.32961579029875],[55.69639591574945,-21.32916593945655],[55.69630222391564,-21.328093831895405],[55.69570587954821,-21.32716958897347],[55.69565720886657,-21.326567575838403],[55.69505373578168,-21.325251218811797],[55.69483817297568,-21.324442848025573],[55.694053587455855,-21.32431118887497],[55.693511743264125,-21.323659272635098],[55.693443241140365,-21.322357907063584],[55.6931723972958,-21.32158794920307],[55.69315314492854,-21.320713350445686],[55.69262350927041,-21.319991064898932],[55.69306469936801,-21.319813823208225],[55.69310024139735,-21.31928382907294],[55.69194280741379,-21.318474455854115],[55.69147662979869,-21.316141072680345],[55.69075463538893,-21.3138481548674],[55.69019111941036,-21.313145472797224],[55.689255361950174,-21.31310927570468],[55.688448645550565,-21.31222040814121],[55.68835729611455,-21.311108567674076],[55.68802797838771,-21.309763612043902],[55.687526312765684,-21.309263756125738],[55.687946298029864,-21.308106219367485],[55.687618076784275,-21.305445080941514],[55.68729555492139,-21.30507309199023],[55.68725646263235,-21.304373588948277],[55.687491813180436,-21.30392374666741],[55.68771886493352,-21.301477420317738],[55.6885252345345,-21.30066074842346],[55.688491520945576,-21.299680342866317],[55.68894884750594,-21.298438176209984],[55.69001556232651,-21.296956845506298],[55.69062201354062,-21.29520001591539],[55.690781298632096,-21.293866994337368],[55.69100182676782,-21.293672680652236],[55.690447895558385,-21.29287522303158],[55.690166654569246,-21.29208891946936],[55.69046194482349,-21.291289034329427],[55.69025769450351,-21.28964604219086],[55.69094960499015,-21.288901635737755],[55.690770750182914,-21.287547012768318],[55.69042910842752,-21.287160428008363],[55.69032059976157,-21.286461287245956],[55.69102226725987,-21.283741307861735],[55.69052918401258,-21.28315119360498],[55.690625619459084,-21.282383184351854],[55.69108558249723,-21.28192333661285],[55.69121099709933,-21.28092971197498],[55.69176252650339,-21.28046876691176],[55.69221017878484,-21.27943789611897],[55.692550005965835,-21.279155976084194],[55.69320858822598,-21.278140289807684],[55.694226416990595,-21.277479696883205],[55.694113440018846,-21.27706688821777],[55.69447958297804,-21.276532226653686],[55.694708549821044,-21.275268391713336],[55.69367660200329,-21.275128500851576],[55.69304076523311,-21.274771257578788],[55.69124684683323,-21.27437069037925],[55.68941633877466,-21.273640996621733],[55.68781572711864,-21.272311436861337],[55.68759723153517,-21.271953810910915],[55.686229506704315,-21.271209621836796],[55.685434152232155,-21.270152810154297],[55.683304612449426,-21.266645599858993],[55.68270631229201,-21.264676116715275],[55.68205906125887,-21.263877002721806],[55.68148892906681,-21.26275147381615],[55.6812752344022,-21.26066755830275],[55.68111964619855,-21.259850607157627],[55.68044060390865,-21.25764741836796],[55.680573347739184,-21.25680923642873],[55.68052590986318,-21.25575193419107],[55.68035294255207,-21.255047766238746],[55.6798429852881,-21.254095245493684],[55.679401235432444,-21.2516536173631],[55.679236914271925,-21.25008861405711],[55.679205194517145,-21.24889051011378],[55.6789417255399,-21.24839521139234],[55.678518061467976,-21.24619762974465],[55.67830386463975,-21.24579666577614],[55.67813515112115,-21.24364534587831],[55.67833660267458,-21.24288177849437],[55.67842717794771,-21.241476859206454],[55.67870904255973,-21.240771736166216],[55.678812749932426,-21.239946876735306],[55.67515235575397,-21.239606505030093],[55.65460998048889,-21.237640801020238],[55.6483635660049,-21.237094019223974],[55.64744471080313,-21.236527478639953],[55.64719886014896,-21.23612170852642],[55.647147928598265,-21.235050827092582],[55.64697318038276,-21.234350230557705],[55.64742017039804,-21.233619389045177],[55.6477731254758,-21.233479488710007],[55.648338132911064,-21.232696292434508],[55.64892950248618,-21.232191537937386],[55.64910528401956,-21.23129862541335],[55.64964507549157,-21.230955155325525],[55.64984177871509,-21.230409297027077],[55.65043629535153,-21.229874750964047],[55.65057972719653,-21.229359179497667],[55.65029849830342,-21.228606242749436],[55.65053654776555,-21.22806884415019],[55.65104334547271,-21.22806747630008],[55.65113720455639,-21.22759938557486],[55.65200725911299,-21.225898094017726],[55.653123927686096,-21.225364997012342],[55.65326826754643,-21.224429369310364],[55.65410184890967,-21.223239072800087],[55.65386283755595,-21.222929122235488],[55.65394834463692,-21.222318232274656],[55.65466908840372,-21.219969832537057],[55.65409896476512,-21.219201951429643],[55.6544990816751,-21.218531237398924],[55.65500066036895,-21.21697604107289],[55.65471559903087,-21.2146259452569],[55.65425520901599,-21.213126317028316],[55.65413671376761,-21.212276216944844],[55.65328160011168,-21.21000648949523],[55.65139640315671,-21.205648104411768],[55.649048847079925,-21.201722325128255],[55.64681807179079,-21.200534622193366],[55.64657558797723,-21.20071696412844],[55.64456630232582,-21.199857118722456],[55.64401150878763,-21.199745166785384],[55.643218783663556,-21.198895067587646],[55.6425887468613,-21.198900846346586],[55.64251668371145,-21.19835373738831],[55.64157599404969,-21.197569290306504],[55.64080493033918,-21.19740771130439],[55.64033284342704,-21.197101288580704],[55.6403134753252,-21.196586220498865],[55.63982540215826,-21.19634290265826],[55.63903402502086,-21.195560547850906],[55.63775199493349,-21.194923287718822],[55.63692999068553,-21.194646555093602],[55.63503146315065,-21.195062127218637],[55.63466676670506,-21.19502123956502],[55.6336207118098,-21.19533166651995],[55.632373077998,-21.195983729113216],[55.6298679042626,-21.197627404900114],[55.62845935280752,-21.199011652735262],[55.62798231321914,-21.200286923889614],[55.62732227524855,-21.20093287734129],[55.62624107775439,-21.20118334901311],[55.625111510878554,-21.20218410370792],[55.624639434655485,-21.202398870975806],[55.62396387768256,-21.203053717157],[55.623004916451855,-21.20435214460692],[55.62209427892116,-21.205112564053746],[55.62052997545426,-21.20582608597188],[55.61942310088349,-21.206139536259535],[55.61840028389961,-21.206736414567317],[55.617508020075235,-21.207485214097378],[55.61694727192428,-21.208322541933054],[55.61611215338715,-21.208829704285108],[55.615060283501535,-21.20985270205869],[55.61483984832145,-21.210557310667905],[55.614019383977826,-21.21176286820032],[55.613505475834344,-21.21294474170739],[55.61344455161872,-21.21348534535522],[55.61362157675258,-21.214541906670046],[55.61305723891352,-21.214726973910466],[55.61180960297915,-21.216176524783766],[55.611219904863646,-21.21732072880686],[55.610112805948674,-21.21877864782175],[55.60899751609841,-21.22100523615959],[55.60821733723943,-21.221807296780206],[55.60721545952585,-21.223749349165672],[55.60718939518925,-21.224370633816704],[55.60685328405548,-21.22487011793776],[55.606905377915304,-21.226196654685882],[55.606490328034795,-21.226586181631447],[55.60525858971112,-21.22837636558046],[55.60544055970289,-21.229106866378118],[55.60510940748983,-21.229282087356335],[55.604862599419384,-21.2313477952157],[55.6049732330246,-21.23279947604717],[55.604616678112706,-21.233420735979138],[55.60448444699495,-21.234776460223568],[55.60472044835052,-21.236113550111103],[55.60514578181613,-21.236887617458233],[55.605360014849566,-21.23767168201398],[55.604949699944,-21.23857795294814],[55.60495250408986,-21.239713475168692],[55.604791258132444,-21.240670585509626],[55.60486302480292,-21.241644980015447],[55.60450805560527,-21.24219759736024],[55.60374096451338,-21.242822682721265],[55.603392094209624,-21.243443098284253],[55.60215867903519,-21.244675873775968],[55.60135787926809,-21.246317827125313],[55.601031594162045,-21.246789373173684],[55.60132584686269,-21.247567782178386],[55.60151313677701,-21.248959573821722],[55.60112511247987,-21.249335757010446],[55.60080070947395,-21.250627548822678],[55.600635548380446,-21.251790580784903],[55.60025964169156,-21.25292295575568],[55.60042910701544,-21.25497674611782],[55.600386833955675,-21.256493098855852],[55.60020060575149,-21.256926961002748],[55.600198381579254,-21.258385832261965],[55.60117327928793,-21.26076609027605],[55.60178277209292,-21.26133031401472],[55.6019231066387,-21.262389286348682],[55.60282919357871,-21.26450970748084],[55.60243377874465,-21.265154121146967],[55.602213823325606,-21.26793457452803],[55.60162452008476,-21.26931088605782],[55.60157663680434,-21.270502892723655],[55.60168128809764,-21.27105479660305],[55.601489275267234,-21.271793035092426],[55.601656810570354,-21.272625495219877],[55.60170256444256,-21.273699038386233],[55.602026641008884,-21.27530424659364],[55.60197092180129,-21.275999352835054],[55.602745275881915,-21.277482733015194],[55.6037993063797,-21.278438170639724],[55.60338958735785,-21.27957297687957],[55.60349641768307,-21.281018296990936],[55.60337115979627,-21.282851933109658],[55.60363929401629,-21.284158573572647],[55.60419079030296,-21.284853294748714],[55.604653713724105,-21.285844477743048],[55.60460423879886,-21.28720629785931],[55.604396759409696,-21.28784594627945]]]},"properties":{"ID":"COMMUNE_0000001400385513","NOM":"Saint-Joseph","NOM_M":"SAINT-JOSEPH","INSEE_COM":"97412","STATUT":"Commune simple","POPULATION":38992,"INSEE_CAN":"94","INSEE_ARR":"2","INSEE_DEP":"974","INSEE_REG":"04","SIREN_EPCI":"249740085"}},
{"type":"Feature","geometry":{"type":"Polygon","coordinates":[[[55.40547739815756,-21.144986817335887],[55.403795574730715,-21.145769472337058],[55.40356620340366,-21.146328250993427],[55.40271885242581,-21.147139538513514],[55.40241935152161,-21.148490739796575],[55.40169919142345,-21.149471233072134],[55.40078017945487,-21.150048784255404],[55.39996956968821,-21.15075291182354],[55.39921078941415,-21.151023947967044],[55.39885195139489,-21.151710663659895],[55.39771225344746,-21.152839822411597],[55.397018802201856,-21.152765508187635],[55.395788165983454,-21.15455770541712],[55.39385999974573,-21.15522139264954],[55.39330559245519,-21.155646091968784],[55.392377045525286,-21.15567340305654],[55.39176780421433,-21.156271006339804],[55.389769548829605,-21.15691229955491],[55.389800942289625,-21.157125773020375],[55.38843383544938,-21.157636659638396],[55.38822174149489,-21.15828229228173],[55.38771061128085,-21.158620668883124],[55.387144936937254,-21.15954926985014],[55.386558355567765,-21.159918538006156],[55.386540820107356,-21.160736743461705],[55.38594506958645,-21.16150697833867],[55.38541764252844,-21.16281350825809],[55.38465303826193,-21.16343579431887],[55.38418706952839,-21.16431294484136],[55.38415681860583,-21.165325232610762],[55.383881461581694,-21.16620691250184],[55.382990073678826,-21.167505437370114],[55.38249399022687,-21.16769580158223],[55.38204096347312,-21.168531517318982],[55.3812476346506,-21.168957498934734],[55.38064287526164,-21.16895712851303],[55.380151516230534,-21.169597363135946],[55.378970177517786,-21.170456802477172],[55.378219119661345,-21.170448697558164],[55.37705823931159,-21.172609037344387],[55.376180541999304,-21.17379112878663],[55.37617424141982,-21.174368261858405],[55.3753302245679,-21.174757594904065],[55.37490209882894,-21.175247572140936],[55.373948195445415,-21.17573339522387],[55.37323779490428,-21.176848428765474],[55.372332116617265,-21.177414194008843],[55.3713807824202,-21.178894531019758],[55.3706026449716,-21.179244728801102],[55.37028788973942,-21.179668943056],[55.36927412102154,-21.18016499920328],[55.36847234925967,-21.18179038005999],[55.367864528284734,-21.182152143859486],[55.3680351037425,-21.18275627389421],[55.367364577377934,-21.18339021839396],[55.366572238815266,-21.18336449719117],[55.36504578308978,-21.184411985246825],[55.36390238018013,-21.184781197291397],[55.36309698307371,-21.185678475832837],[55.36233353591423,-21.186788425008256],[55.362243226389744,-21.187380095194698],[55.36178555313264,-21.187572571860432],[55.36105203590748,-21.18876138857622],[55.36059021930473,-21.188892399125926],[55.359885070811686,-21.189603655467568],[55.3599933990734,-21.189998532374425],[55.358438122463724,-21.190767467077297],[55.357960025947435,-21.190714948232493],[55.35670828898502,-21.191294419520663],[55.356057330618704,-21.191979990312618],[55.35473356078572,-21.193757380668167],[55.35436340079284,-21.193785389802308],[55.353394455803596,-21.19456901700764],[55.3524259065276,-21.195055467255692],[55.35226202901604,-21.195762932936347],[55.351179692564365,-21.19686790572038],[55.34993057798438,-21.199025351877957],[55.34886709406699,-21.199643631676995],[55.34830732654844,-21.19931117701314],[55.3480290185721,-21.199912739195202],[55.3479120182535,-21.200992802177595],[55.347437783385,-21.20171619353992],[55.34621995211426,-21.20313142939921],[55.34559119392733,-21.20319843547392],[55.344279915142984,-21.204266790339474],[55.34319594681565,-21.204643658771637],[55.34297183522363,-21.205392070739972],[55.34328515286921,-21.20614485251111],[55.34313849067377,-21.20668537080147],[55.34145871758825,-21.207711244169303],[55.341113762355626,-21.208238973152977],[55.34120523242007,-21.208673437175015],[55.340886770310924,-21.209502211665804],[55.34010806081933,-21.209624627488427],[55.33958898889386,-21.210130769116752],[55.339696579784494,-21.21067378348431],[55.33920228540017,-21.21103112929718],[55.33850453092031,-21.210804771861785],[55.33816491724425,-21.211542102514535],[55.337541880438856,-21.2116109391683],[55.33780690850778,-21.212631522400617],[55.33726756326293,-21.213225975503875],[55.33703417859915,-21.214368106192925],[55.337479723943574,-21.21569847938852],[55.33720143891551,-21.216290986113624],[55.336680460725525,-21.21644843985659],[55.33515245410761,-21.216382793556242],[55.33490162214175,-21.216588068825214],[55.33503558139269,-21.217355353257073],[55.33555068429606,-21.218237497370882],[55.33571150404506,-21.21978817122317],[55.3355685965189,-21.221106422098902],[55.33615561127115,-21.222019984913985],[55.335526330841226,-21.222898972332118],[55.335553570460746,-21.22364804176407],[55.33531791521795,-21.22395914768155],[55.334624093662576,-21.224150115189016],[55.33391018014399,-21.225357948906396],[55.33377968316939,-21.225912163432625],[55.33330941982867,-21.22669696550213],[55.33338248794826,-21.22748171409257],[55.33230097054816,-21.22899391782809],[55.33249687506085,-21.229820527085206],[55.331744076667555,-21.230198775173726],[55.33107557284164,-21.229934735552668],[55.329807407628586,-21.231249970882185],[55.32914032777781,-21.231116006345793],[55.32862657480518,-21.231396345748546],[55.32865001527447,-21.23239377112397],[55.32886060750023,-21.232684898944854],[55.32880529965616,-21.233745675167942],[55.32788957264182,-21.234558561727987],[55.32755167377122,-21.235219103514865],[55.32664648096426,-21.23560936406301],[55.326135528853555,-21.236663810521463],[55.32530708708984,-21.23716682815896],[55.3251424377083,-21.238522782317062],[55.32558495290134,-21.239349136380113],[55.32506790893574,-21.239917567627757],[55.32440854548096,-21.240291287024906],[55.32370496273697,-21.241337486901212],[55.32328169341263,-21.242387373857884],[55.32332677675167,-21.243597276221625],[55.323925080420636,-21.24410904537421],[55.32384844884124,-21.244836304576804],[55.32338136053667,-21.24541516122709],[55.32302295060766,-21.246181167078422],[55.32310748307982,-21.247225263099875],[55.32283338193766,-21.247947847311696],[55.32129246190394,-21.24848439734223],[55.32057305626929,-21.249050796368717],[55.32105340168059,-21.24993986286609],[55.321128494987605,-21.25122051633888],[55.320494866275176,-21.251528535625525],[55.32075875781349,-21.252388348867484],[55.32128881795052,-21.252377369966556],[55.32228053744256,-21.252865062878318],[55.322419290081456,-21.2515883443284],[55.322576797383235,-21.2512078367003],[55.32367980302005,-21.25029026664238],[55.324137843747835,-21.24906459232117],[55.3246334234775,-21.246989329290365],[55.32516009373905,-21.246765135937448],[55.326627035439024,-21.246889898527797],[55.32752146339398,-21.24728897859813],[55.32845896117754,-21.248141010957013],[55.328545265357945,-21.248433617335618],[55.32959219125428,-21.248981429298652],[55.33106482948857,-21.249971528178946],[55.33271732335207,-21.250050204098898],[55.333067233465854,-21.250378835952795],[55.33400576007241,-21.250458567485403],[55.3359282075479,-21.251037573580323],[55.33739235667166,-21.250986986015292],[55.33898050783653,-21.251306136098766],[55.33994269774445,-21.25194066773007],[55.34100543578001,-21.252201332291204],[55.34271129511751,-21.25216391677585],[55.342584260954375,-21.25154754946483],[55.34344857458193,-21.251285971181485],[55.34365615158644,-21.251851643772085],[55.344265738709716,-21.251794404314232],[55.34536888848756,-21.252060858183295],[55.34673137391964,-21.25274625103601],[55.34819156534139,-21.252793083485237],[55.34782991266876,-21.25342724008468],[55.347814427472805,-21.254383639594398],[55.34853831108072,-21.254360022807276],[55.34871119791957,-21.255187295561562],[55.34952734389168,-21.255531301943705],[55.352047064434444,-21.257693070680237],[55.35453951962764,-21.258759787007808],[55.354943773867824,-21.258453011815824],[55.35454635288527,-21.25771116787818],[55.35400535020594,-21.257144056812685],[55.35359361620954,-21.25630361577184],[55.35346939449133,-21.255603278473192],[55.35265816786107,-21.25498926386109],[55.353128072171444,-21.254236923358537],[55.352989826299336,-21.25315165964139],[55.35336906093245,-21.25214732540653],[55.35378702727045,-21.251558868346077],[55.354398121612064,-21.250064517538913],[55.35503489619418,-21.249987632070884],[55.35542270705952,-21.248902985011124],[55.356070620656986,-21.24790848944201],[55.35624617237025,-21.246935580880812],[55.35690538714993,-21.245354973673958],[55.35691444950505,-21.244537609013218],[55.35722824965261,-21.243781925493455],[55.357087858661814,-21.24340931655337],[55.35648634962421,-21.243175832717256],[55.356471714267435,-21.241628400463977],[55.35728280009807,-21.240511740339915],[55.35728502711961,-21.239789151195154],[55.357083140640874,-21.238880307990293],[55.35758722780212,-21.237905176474182],[55.357530528767434,-21.235631108939046],[55.357986840520454,-21.23505384946793],[55.35779933972342,-21.2343248964003],[55.35722390185173,-21.2340022475967],[55.35664034771903,-21.233282081732227],[55.35636387907295,-21.23249716159776],[55.35576605338347,-21.23210925519063],[55.355458754072465,-21.231238223296337],[55.35478573498197,-21.231202756836158],[55.35413338062426,-21.23147550211532],[55.353370994599274,-21.231245859767128],[55.35257221755708,-21.231430456376646],[55.352403581399194,-21.230827236485634],[55.35249462114244,-21.2301768730258],[55.35214895420653,-21.22903267613598],[55.3525487617037,-21.228425071459263],[55.35260986679162,-21.22769402493859],[55.35333160855566,-21.225942416191604],[55.353826292950096,-21.225378186787637],[55.35381156914298,-21.22505557795399],[55.354481486161234,-21.22432595181447],[55.35434845491288,-21.223552363675978],[55.35393290279014,-21.223236684652004],[55.354478840213694,-21.222827410653984],[55.35633017388292,-21.221715468042888],[55.35657688608945,-21.221271657721367],[55.35627072020701,-21.220299472598278],[55.35818315343303,-21.218536847136583],[55.358538973051864,-21.218417463727512],[55.35951400407849,-21.21866450227293],[55.36032170793799,-21.21836253028866],[55.36050013905078,-21.217819593694127],[55.361150982391,-21.21732821410881],[55.361464875130984,-21.2167305887746],[55.3622226017832,-21.21632966552212],[55.36313789786568,-21.216315058748066],[55.364665414376105,-21.215728287542383],[55.36571387838863,-21.2156047578286],[55.367311061683914,-21.214025039739493],[55.368082452933834,-21.212991931705577],[55.369467389748216,-21.212577163457308],[55.37019360124827,-21.213024971811123],[55.370539272022334,-21.212950627304004],[55.37075437155085,-21.21204672272213],[55.37075125494506,-21.210575264377255],[55.37107275578859,-21.209806069713114],[55.37183321622508,-21.20844765821611],[55.372947496442386,-21.20802663517628],[55.373767362617365,-21.207046353477242],[55.374205598136264,-21.205202477790042],[55.37745640583923,-21.203360353460514],[55.377989224097824,-21.20246400408557],[55.37863215807449,-21.20003856265563],[55.378281897681404,-21.198595380386774],[55.37835813418928,-21.19761154286932],[55.37881081829808,-21.196818296258993],[55.37977518695216,-21.19591433721585],[55.3798727658262,-21.194915347114325],[55.38028859040679,-21.19414432383279],[55.37995240911196,-21.19388276358978],[55.37975904801071,-21.192712973887794],[55.379112645117786,-21.191929956741244],[55.37894801323902,-21.190511137882428],[55.3791180785428,-21.190107198588272],[55.38002132270269,-21.189328204038553],[55.37991417829409,-21.18846635464432],[55.38036292124168,-21.188296324018374],[55.380905386011065,-21.187745104175846],[55.3809285423051,-21.18738762850945],[55.381685576626346,-21.185439285377196],[55.381772802700034,-21.184504325510076],[55.38229331589937,-21.18331336933228],[55.38212166990417,-21.182182629505668],[55.382518428798356,-21.18138883264749],[55.38301789994844,-21.18115695275962],[55.38357367016091,-21.180441452614094],[55.383951969460234,-21.17939546036863],[55.384036505466305,-21.178706163785286],[55.384481931386496,-21.17786314583112],[55.38513546750242,-21.177011275073003],[55.38703425867867,-21.17686590872126],[55.386412278076136,-21.177473299955203],[55.38604526117593,-21.17810299514775],[55.38583686219656,-21.179025059883227],[55.386154960997914,-21.17997473360749],[55.38578433605123,-21.18129088514783],[55.38591897000513,-21.181841364392724],[55.3863962447523,-21.182500798674166],[55.38594564142167,-21.183199247055533],[55.385784860458465,-21.184524627767523],[55.38593238427168,-21.185750882375594],[55.38734063556687,-21.18564509365893],[55.38843785467234,-21.183579824264726],[55.38935959953383,-21.18001794513017],[55.38929250849866,-21.17945456232096],[55.38854637228945,-21.178276800165502],[55.3886870681468,-21.17684644227696],[55.38849707309095,-21.175982901967572],[55.388764129326304,-21.175244757462146],[55.38971893209143,-21.17404887771215],[55.38995145441224,-21.173564223707558],[55.390670968078695,-21.173018265710105],[55.39099892432138,-21.17207926442504],[55.390631112110405,-21.17118332198168],[55.39109341068399,-21.170110106402298],[55.39142364992948,-21.169671543367865],[55.39224340445585,-21.169204212879126],[55.39274775247357,-21.169228879401874],[55.39370866242031,-21.168620164285468],[55.39396669043715,-21.168268528135364],[55.39479401349046,-21.168437167513787],[55.395088508826994,-21.16827556509624],[55.39540967380598,-21.167426816571822],[55.39612952015417,-21.166577332109284],[55.39695762530243,-21.166672801964445],[55.39749871228801,-21.166415074186926],[55.39860948050177,-21.165210677713908],[55.39891691596575,-21.164561416743183],[55.399759952651394,-21.164073491554444],[55.39968767871115,-21.162824467667214],[55.40021077308493,-21.161551266998465],[55.40013464459785,-21.160839661289028],[55.39972852872691,-21.160547671810885],[55.40006287546884,-21.159722521516116],[55.400453640219816,-21.15947149023226],[55.400746046563036,-21.158785047625805],[55.40175626407931,-21.15761038617774],[55.40200767543937,-21.156884712132236],[55.40208452245744,-21.155376949236388],[55.401970959023004,-21.154563821905967],[55.40227590295092,-21.154143060153416],[55.40332219145157,-21.15139610353705],[55.40423632831729,-21.149655960984816],[55.40453768894213,-21.148759127390974],[55.40503554544258,-21.148304949626702],[55.40554959308538,-21.147417344207888],[55.40531113863494,-21.145856924678483],[55.40547739815756,-21.144986817335887]]]},"properties":{"ID":"COMMUNE_0000001400385505","NOM":"Les Avirons","NOM_M":"LES AVIRONS","INSEE_COM":"97401","STATUT":"Commune simple","POPULATION":11445,"INSEE_CAN":"01","INSEE_ARR":"2","INSEE_DEP":"974","INSEE_REG":"04","SIREN_EPCI":"249740077"}},
{"type":"Feature","geometry":{"type":"Polygon","coordinates":[[[55.46891734763976,-21.009781607202715],[55.47129543036506,-21.008836433784513],[55.47221496781219,-21.007999181603253],[55.47268984663859,-21.007749610614304],[55.473176273468184,-21.00702679998677],[55.47377724447797,-21.00658052895697],[55.47465714121922,-21.005003083402823],[55.47538826598813,-21.00452725938361],[55.47558382810975,-21.004120708263237],[55.47532516881615,-21.003352371447797],[55.475855922634466,-21.002713957754427],[55.47637794522569,-21.00265088237598],[55.47791126135187,-21.001896774769598],[55.47831397048811,-21.00126714394168],[55.47851305326704,-21.000322237582566],[55.47820974519931,-20.99968719761153],[55.478337052559134,-20.99851581788295],[55.47864793754005,-20.99821327223518],[55.478620321701,-20.99733137850058],[55.4783228631236,-20.99678401378839],[55.47827442459322,-20.995394264152438],[55.478901491148726,-20.99464468655479],[55.48042779203788,-20.993718855737775],[55.48091638764293,-20.992678065461856],[55.48286655301738,-20.992638544031138],[55.4839519105694,-20.9921287975616],[55.484786456589354,-20.99121302378166],[55.48570057194238,-20.99089505384603],[55.48671058459542,-20.990796536935587],[55.48747817301653,-20.990509774697564],[55.487883663636005,-20.990838575006787],[55.488433854413294,-20.99064834067235],[55.489320223500066,-20.98954962650251],[55.48985290773488,-20.989090942562097],[55.4915524376885,-20.988335464071888],[55.492496747358246,-20.987018638019418],[55.49255225581819,-20.985800534195782],[55.49230797178956,-20.985414455589773],[55.49119164860362,-20.985184156575716],[55.49021187113883,-20.98524503036211],[55.4895072743429,-20.98462722737545],[55.489230314893156,-20.983761186022594],[55.48939989777118,-20.983253211171682],[55.49018535598666,-20.982236700554743],[55.490590898133576,-20.98045260052589],[55.49119012961858,-20.979588903451315],[55.491486623337025,-20.977934817204133],[55.49186006236553,-20.977046533980005],[55.491144899850575,-20.975089002723816],[55.49106644300835,-20.97399437171203],[55.490572293085044,-20.973111955252847],[55.4905016322227,-20.971432936594994],[55.4916999455905,-20.968849173530927],[55.49119584394538,-20.96780949094194],[55.4906852037413,-20.967613462729837],[55.490052698545675,-20.967677416738013],[55.48961362265486,-20.966963506171304],[55.489782881917655,-20.96610232275033],[55.49023881646895,-20.96532859190022],[55.490484327249064,-20.96415191591547],[55.49018776016849,-20.96332544889321],[55.490420805823796,-20.962719569233393],[55.49137367887292,-20.96235402475032],[55.491862743754865,-20.961726921602633],[55.492708852108315,-20.961457984676805],[55.49332123948045,-20.96186357569199],[55.493956972287435,-20.961666846420734],[55.49468914331179,-20.9608666349328],[55.49515164680315,-20.959335951073076],[55.495111593977384,-20.958148614345294],[55.49486977960425,-20.957422907773925],[55.49392898757696,-20.956489584279293],[55.493193419245365,-20.9560946510704],[55.493115378570224,-20.955821154086888],[55.49371466308833,-20.955036030651424],[55.495228882734004,-20.9542102011159],[55.4952908020237,-20.95330741122929],[55.49431528251654,-20.952963662689164],[55.4943754657588,-20.951850380608406],[55.49482945915207,-20.951263606307055],[55.49538448750452,-20.950958659688286],[55.49644044920807,-20.95075749538401],[55.49692853351967,-20.950896395094826],[55.4972075524512,-20.950207801079117],[55.49689820604548,-20.949696496076736],[55.496693996724794,-20.948864529307272],[55.49685941241734,-20.948285141375713],[55.49766782022849,-20.947449450099203],[55.497726285220914,-20.946023594756994],[55.49871247740437,-20.944715210532834],[55.49998349564018,-20.944253946007276],[55.50007725379311,-20.943819361168323],[55.499469650368134,-20.943035339686855],[55.49973765675161,-20.942001567292614],[55.50052113639973,-20.941539622529834],[55.501023839927335,-20.94088369920902],[55.50109194822561,-20.94022395651078],[55.501579712970965,-20.9385561594009],[55.501869808749426,-20.937039289096212],[55.50077115031785,-20.936034159059705],[55.50109416692867,-20.935364008583992],[55.50252504539416,-20.93419229202963],[55.502595605659394,-20.933768341151342],[55.503776183441175,-20.932334253929213],[55.504419463250265,-20.931363380528982],[55.50563617187218,-20.930645041497645],[55.507151900965255,-20.929538161561567],[55.507701287335856,-20.929403851092612],[55.50875047594076,-20.92802458301064],[55.50957821027625,-20.927646988303536],[55.51037683679172,-20.926809333448332],[55.511608994368345,-20.92461772862228],[55.513120430749545,-20.923155737615048],[55.51288639186436,-20.92212478942359],[55.51225989086904,-20.920821224904383],[55.51174954233713,-20.919244957422382],[55.510564308041516,-20.917860635866454],[55.51009810860979,-20.917559368510243],[55.508943094845456,-20.914677555714324],[55.507822167748785,-20.912241382994814],[55.507033908873865,-20.911359154067075],[55.50622126685084,-20.91002774669868],[55.50574415908012,-20.908599000265824],[55.50582780248877,-20.90753107589765],[55.50619727670838,-20.906528884996206],[55.505804186693325,-20.904480275788085],[55.50560412319863,-20.90080281708932],[55.50476943255659,-20.895978881230626],[55.503581615262696,-20.89012745719318],[55.50208729049643,-20.88243051651067],[55.50039702446079,-20.882672251339773],[55.49845182506782,-20.88322519111112],[55.49735489947627,-20.883437777462547],[55.491558856878505,-20.88545720306029],[55.490816746273744,-20.885654809263098],[55.48887352004106,-20.885907744174506],[55.48605744085955,-20.885879217616694],[55.48240549448333,-20.88562100588373],[55.480157032151745,-20.884779898584455],[55.47783185605681,-20.885163005851314],[55.47693512890511,-20.88515502003962],[55.4744904677694,-20.884900164371064],[55.47289759826242,-20.884344846499882],[55.471835404519695,-20.884541316798984],[55.4708452815906,-20.884549627825614],[55.469760237183706,-20.88424994965525],[55.46754636666362,-20.88341983060264],[55.465837258352096,-20.882484006875412],[55.464263352896424,-20.881393104664767],[55.463751913417596,-20.880929617246885],[55.46230852214414,-20.880145197529714],[55.460634095669164,-20.87949147675173],[55.45956443046048,-20.878820605469034],[55.45710230490648,-20.87699626321181],[55.45597085658974,-20.87588489120044],[55.453905124342214,-20.87365397257409],[55.45325636155215,-20.873184698507515],[55.45231117946037,-20.872754293687734],[55.451899807742166,-20.87238020562277],[55.45077470279371,-20.871875897929517],[55.44974738499708,-20.8718647842609],[55.44778110727179,-20.872129695601103],[55.44723607712148,-20.872511373929253],[55.44584821499854,-20.874661338619873],[55.44502547351539,-20.875222957686237],[55.44337920074902,-20.875394971760763],[55.442302981527334,-20.875929879985524],[55.439705626845104,-20.876337091489447],[55.438783645655796,-20.876175112486482],[55.43717988870465,-20.875673573116174],[55.43538310797234,-20.87469329799623],[55.43463254700793,-20.874407303180657],[55.433460242211034,-20.874196032385814],[55.432112931173705,-20.87417826762852],[55.43016795553282,-20.87396079348538],[55.42829610163726,-20.873459422700204],[55.42776785491098,-20.874070634134455],[55.42804619251847,-20.874662158767663],[55.42629047424316,-20.874268425252556],[55.4254500345963,-20.874216427880796],[55.423803990244856,-20.874366575140225],[55.42212475328797,-20.874289666641992],[55.42150705625286,-20.874352619663583],[55.41908485912347,-20.8752877679894],[55.41700723711861,-20.875714791299227],[55.41500287917963,-20.87630325831153],[55.41347760152584,-20.87694040833455],[55.410253298032345,-20.878190467320238],[55.407713259156196,-20.878530872950947],[55.406503391189986,-20.878784275206183],[55.404865397155255,-20.879349835924554],[55.403852831006574,-20.879577056303877],[55.40220237481073,-20.87968359072592],[55.40079677551097,-20.879993837936684],[55.39839100051697,-20.880811403238596],[55.39563840044218,-20.881521798572663],[55.394432122645426,-20.882337909202487],[55.39397214191933,-20.88311224325435],[55.39294754295672,-20.884376283756794],[55.391633773341916,-20.885715281495962],[55.38995301362743,-20.887124883117306],[55.38622193576377,-20.88943830339713],[55.384525134311986,-20.89063180413081],[55.38166990653617,-20.891568623050656],[55.38098241253936,-20.891858396698847],[55.38115106366386,-20.891010886831985],[55.38075900034758,-20.8907316650393],[55.38025752091241,-20.89115417721858],[55.3768302861643,-20.894419629057488],[55.37718035064633,-20.8950290703415],[55.375671970530064,-20.8960300537875],[55.37594680478644,-20.896394890456673],[55.37615786471377,-20.897594676380145],[55.37577388570888,-20.89843922886591],[55.375829026350516,-20.898764038792198],[55.37650405514349,-20.89954729433104],[55.3766875844798,-20.900090116649007],[55.37652384633707,-20.900924116442706],[55.3771961596771,-20.90169289115124],[55.377015696101964,-20.902205156546973],[55.37740625110902,-20.903252181300587],[55.376989965015895,-20.904596858588516],[55.376924839957795,-20.90519964619859],[55.37758312394696,-20.905933961401534],[55.377970437982384,-20.907015279938054],[55.3789744449275,-20.908320147310615],[55.379133038810906,-20.908948544744586],[55.37898625403146,-20.910530642136745],[55.37910108875749,-20.911116169021785],[55.37958054633707,-20.91149739592887],[55.38040539245274,-20.911585613728004],[55.38078429141942,-20.911842131303523],[55.38119879346828,-20.91254341092883],[55.38132278895243,-20.91344066330856],[55.38189413501119,-20.91502505237237],[55.38277310833111,-20.916073984642708],[55.38367798100671,-20.91748809289103],[55.38525587982206,-20.91907838444698],[55.38547833306747,-20.92021052175316],[55.38599744609464,-20.9206634687985],[55.38683531331278,-20.92079785004936],[55.38756672768827,-20.92126725133741],[55.38826038550246,-20.92194134352055],[55.38914141304407,-20.922356146018565],[55.38945917457683,-20.9232994848157],[55.388747453815725,-20.923774230506226],[55.388988023077076,-20.924653610103192],[55.38866037659586,-20.925713707471726],[55.389130986020945,-20.926839150538648],[55.38937979521837,-20.928027537695105],[55.38926478569517,-20.928892721613277],[55.39019468249789,-20.92932695135989],[55.39038557621132,-20.929907770233726],[55.39053805597746,-20.931654393280734],[55.390852766383475,-20.932075591123688],[55.391603776466894,-20.932426830057576],[55.39179466021841,-20.933279542416173],[55.39232229710413,-20.934020707803818],[55.39233905423732,-20.934342442315632],[55.39180555923808,-20.935950717868742],[55.39171717477409,-20.93738433272791],[55.39190686421868,-20.93843937386556],[55.39258015889253,-20.939678729515837],[55.39333175738129,-20.940429229181703],[55.39461414464862,-20.941268729013903],[55.39618182691647,-20.943309588897822],[55.39653103851893,-20.944557626936945],[55.39686226171995,-20.94478656664172],[55.39783487094684,-20.94492307106918],[55.39816093624152,-20.945817696464967],[55.39901290762719,-20.94590608967056],[55.39924972478693,-20.946513527550664],[55.40045419245711,-20.94844977364475],[55.40052479058052,-20.94931670663347],[55.40079603360422,-20.94958120919279],[55.40156920144798,-20.949124157896765],[55.402258527393315,-20.949499166430993],[55.40306588535834,-20.949716295570664],[55.403387496177885,-20.950218835725323],[55.40349842440632,-20.95100213830464],[55.40547872028399,-20.954417102954782],[55.407071969883454,-20.956794144973866],[55.40687886642529,-20.958774197729237],[55.40663206626814,-20.959195542452527],[55.40659689011566,-20.95988353391953],[55.4061083887802,-20.960335137391066],[55.405787843128394,-20.96163470870897],[55.40598112671894,-20.962180307032387],[55.40580354228653,-20.962603200517854],[55.40520510402781,-20.962901113594615],[55.405136413992096,-20.964209362071703],[55.405582894694156,-20.964729327274124],[55.405706089851684,-20.965717793733802],[55.40611614809432,-20.966589706655395],[55.40606722923418,-20.967394095246135],[55.40543488820056,-20.968257160552117],[55.40515611948964,-20.969876889536533],[55.40425430082004,-20.971300186376798],[55.40422541254457,-20.972209544411513],[55.40332164817745,-20.972908365881644],[55.40416514565332,-20.974443757193026],[55.40507173999174,-20.975835206866474],[55.40482802885683,-20.977140007740115],[55.404384650328595,-20.977864822654016],[55.40455028896326,-20.979112934742368],[55.40399786638442,-20.980233277443492],[55.40411251643697,-20.980848598704178],[55.40292420754136,-20.983337806672772],[55.403136383307086,-20.98346445204454],[55.40538672251972,-20.98349276222651],[55.4078783832709,-20.983802420101796],[55.40842709481999,-20.98366663290053],[55.4095232256445,-20.98306262432715],[55.411361269433044,-20.98296957480019],[55.41232311479336,-20.98278433245309],[55.412591220515935,-20.98253390540839],[55.41356353913389,-20.982722722693822],[55.41491727327938,-20.98276965199825],[55.41651933268624,-20.983073612371147],[55.417525327891646,-20.982896880537165],[55.418265196527315,-20.983057315579575],[55.4193666799523,-20.983037731988198],[55.42138833365009,-20.984509907019472],[55.4226575231484,-20.98519101912456],[55.42450169503817,-20.986442011678612],[55.42517085898771,-20.9877525817578],[55.42772015955302,-20.98900012525333],[55.42858637039908,-20.98931615032649],[55.43135762138818,-20.98957927300877],[55.43324382499118,-20.99050175826613],[55.43394226928293,-20.99030493800447],[55.43455235546598,-20.99037197332437],[55.43580914237562,-20.989669001840813],[55.436738622774826,-20.98982297112619],[55.43738126837948,-20.99045847994557],[55.43843960403667,-20.990801512200754],[55.44002781650772,-20.992545015378223],[55.440864946210745,-20.993628531777883],[55.44170256774495,-20.994387758856643],[55.4435197032163,-20.99576838853796],[55.44522540490139,-20.99760235071185],[55.44662450575831,-20.997742491297284],[55.4481203536514,-20.998666678432762],[55.44937557840754,-20.999047574333915],[55.44951780228789,-20.999340641406334],[55.450516801204266,-21.00012930140337],[55.45177229801601,-21.00132497580806],[55.45260886665421,-21.002289197377614],[55.45368347213934,-21.004239291844137],[55.45439425460483,-21.00462333573175],[55.45607446975732,-21.006993539545064],[55.45660161005691,-21.00727654370897],[55.45706321570615,-21.007945572641237],[55.45690595521797,-21.00855117689031],[55.4573491502888,-21.00923358805048],[55.45772859182462,-21.010222548793976],[55.45832895203762,-21.01105813991474],[55.458320975955125,-21.01164703164717],[55.45881131450613,-21.011955892670052],[55.458772413090315,-21.012465012234525],[55.459064907172916,-21.013210190025738],[55.45982776982193,-21.013399568541065],[55.46109154322657,-21.01502523721483],[55.462919394178044,-21.01408785666341],[55.46413389723854,-21.01263725284177],[55.46443899379388,-21.01206007486666],[55.465239673466726,-21.011562343078403],[55.465722146011245,-21.011042768255734],[55.46891734763976,-21.009781607202715]]]},"properties":{"ID":"COMMUNE_0000001400385497","NOM":"Saint-Denis","NOM_M":"SAINT-DENIS","INSEE_COM":"97411","STATUT":"Préfecture de région","POPULATION":156149,"INSEE_CAN":"93","INSEE_ARR":"1","INSEE_DEP":"974","INSEE_REG":"04","SIREN_EPCI":"249740119"}},
{"type":"Feature","geometry":{"type":"MultiPolygon","coordinates":[[[[55.58316692100746,-21.372414967068945],[55.583588762857666,-21.371069869778065],[55.583092724075804,-21.370003377047308],[55.58242124165562,-21.369130518657357],[55.58225997491886,-21.368652203037932],[55.5825816498726,-21.367093077698257],[55.582282982454274,-21.36626220980355],[55.58253379167428,-21.36585331679081],[55.58260774954841,-21.365082504857128],[55.58317194143673,-21.364475719106274],[55.58452578111442,-21.36428479625205],[55.585869689275384,-21.363621340982032],[55.58623812765335,-21.363011991516835],[55.58683359055511,-21.363264515611366],[55.58722808694841,-21.36305465182106],[55.586952310096116,-21.36234864221733],[55.587547641449426,-21.361709582689237],[55.58757937734771,-21.361215731893427],[55.58830285999101,-21.3603853394078],[55.58863403424047,-21.359637461755757],[55.58916875527916,-21.35958594977646],[55.58975292554222,-21.35829729742279],[55.58977336323812,-21.357874713362087],[55.58904628583463,-21.35696799113195],[55.58913901096388,-21.356247014267485],[55.58898670565947,-21.355536625038127],[55.58939621017666,-21.35446149619104],[55.5894619355021,-21.352833354122993],[55.58969173096635,-21.35169348155515],[55.58934003515673,-21.349349109940576],[55.58909734535511,-21.34881410979905],[55.58932877713895,-21.34840955740463],[55.58923603263791,-21.34742054085844],[55.58989929542792,-21.346324956493433],[55.58953983659579,-21.345498105952807],[55.58965084789873,-21.34508170164581],[55.58924184695003,-21.34439445007487],[55.58935062356871,-21.343405318774153],[55.588962702848335,-21.34222864124288],[55.589308349413045,-21.341474556937328],[55.58946994423755,-21.340406375894812],[55.589869434952924,-21.339667195180294],[55.589416324252504,-21.339157529311112],[55.58928417398238,-21.338659590569367],[55.589540612116124,-21.337957148968194],[55.58947702739996,-21.336842814047678],[55.5899484333179,-21.336143982377962],[55.58951885021935,-21.33559476813114],[55.58793211643439,-21.33486239529659],[55.58682576061694,-21.333805237673534],[55.58606486978199,-21.333723861803215],[55.58558040024441,-21.33316965994307],[55.58552824061788,-21.332375197834878],[55.585051833646375,-21.33168466037501],[55.58537256259808,-21.330612402658357],[55.58519347400827,-21.330185428903157],[55.58521487472247,-21.32926060348816],[55.585011252282605,-21.328476609392656],[55.585490252297696,-21.32819157654915],[55.58622120520803,-21.32807397016438],[55.586874327448136,-21.327626895458668],[55.587381909060696,-21.326671828799874],[55.58717702387873,-21.32601880848737],[55.58741903761493,-21.32510938550912],[55.58788934899594,-21.324521657429404],[55.58711181460881,-21.323665997534103],[55.587228401074555,-21.32236347641916],[55.58750057761567,-21.322028822189335],[55.58728391526039,-21.320289903685723],[55.58753779800772,-21.31995238545202],[55.58873130109178,-21.31934633721827],[55.588946447625545,-21.31872394319398],[55.58838015768603,-21.318563817945634],[55.58837918085756,-21.3181618288795],[55.58879294790082,-21.31773802762455],[55.588842112830555,-21.31703203769348],[55.588240137244306,-21.316874322782553],[55.5881695468438,-21.316291986993278],[55.58955479977209,-21.31528826961555],[55.5905532460738,-21.314812456023223],[55.59053280231248,-21.3139243124717],[55.590056161723105,-21.313968193798562],[55.58951010954801,-21.313608607112453],[55.589764244430285,-21.31314191059274],[55.59031304941783,-21.31301101192177],[55.59057921476568,-21.31239446218401],[55.59177683457363,-21.3118543658931],[55.592278073762806,-21.311858561673315],[55.59276661833631,-21.3112727754353],[55.59339844726218,-21.310824588633007],[55.594157728992705,-21.310860746183213],[55.594902497934456,-21.310699853057223],[55.59523672028822,-21.310324149101113],[55.596076442192846,-21.30990930422911],[55.5961790433504,-21.309053802804442],[55.59679338244327,-21.30861810288002],[55.59745270238189,-21.307404103831935],[55.59792540248008,-21.307062068113854],[55.59855078041505,-21.307087152290805],[55.59908893773964,-21.307364440814336],[55.59945003078468,-21.30669446497429],[55.600356779959306,-21.30612026517137],[55.600789404590685,-21.304817644817327],[55.60033415613571,-21.303624169046497],[55.600407402246766,-21.303015028743395],[55.600926178912445,-21.30187662699485],[55.601503146370675,-21.301514670052036],[55.60200912060192,-21.30152429454505],[55.60231692363766,-21.300982141447435],[55.603091371716026,-21.30063265887622],[55.603238163300325,-21.30009368375263],[55.6040343900122,-21.299478797009723],[55.60384181901001,-21.29894603894659],[55.60455896010034,-21.29874331692846],[55.60540880424968,-21.297654616844493],[55.60543870383941,-21.297039693621706],[55.60516744397619,-21.296163017562307],[55.60449774042165,-21.293282151280696],[55.604688733523666,-21.292756187013037],[55.604169217771535,-21.29214212860821],[55.6038223108974,-21.29101008291999],[55.6039713653372,-21.290434088037905],[55.603854772444635,-21.289511719304258],[55.604396759409696,-21.28784594627945],[55.59802737520343,-21.28889418913591],[55.59651313563843,-21.288999005219708],[55.59389164068535,-21.29019662820142],[55.594141416865284,-21.291702762488548],[55.59390571735221,-21.29216239646604],[55.59307491326095,-21.292460780505202],[55.592724930687474,-21.29297727051521],[55.5926178154494,-21.294812847808807],[55.592213879574366,-21.295933213674132],[55.591945232863395,-21.29610621254813],[55.59078774649078,-21.296191374401936],[55.590532226117595,-21.296807112818176],[55.58963964594852,-21.297010111115107],[55.58951622081581,-21.297822977264122],[55.58904870347428,-21.297825381524216],[55.58831480854065,-21.298166105545697],[55.58827114135904,-21.29930664469175],[55.587663595269895,-21.299638488687158],[55.58765844128555,-21.300782963793353],[55.587320531278536,-21.301444074259148],[55.58673063688508,-21.301440927425226],[55.585936130273105,-21.302069292601637],[55.5851564217677,-21.303366241114652],[55.58443950467456,-21.303540876678436],[55.584470712530184,-21.304308064807987],[55.583242538075126,-21.30371598418372],[55.58251435701228,-21.303557188620516],[55.581871210251904,-21.304783004208485],[55.5811856104781,-21.30550982214959],[55.58109804218277,-21.306999573037544],[55.58074244865965,-21.307289251346166],[55.58063776151137,-21.309456351870402],[55.58035894356581,-21.309881272395508],[55.57967798500683,-21.309721055239756],[55.57908117587302,-21.31073406328984],[55.57814575725186,-21.310870690875756],[55.57757240033519,-21.311148584128606],[55.57724219161985,-21.31090279686513],[55.57594279943976,-21.311196221506712],[55.574965452016635,-21.311281889940954],[55.574205112181076,-21.311855380787268],[55.57310462260623,-21.312114335769923],[55.57236266640187,-21.312480209179327],[55.57257078944764,-21.313089009171637],[55.57203438082921,-21.31323260091916],[55.57174887138848,-21.31394741547695],[55.570798478879546,-21.313736094254892],[55.570278330817885,-21.31389246489154],[55.56981499854239,-21.314950833168464],[55.567947902950614,-21.316421813402194],[55.56711745888751,-21.316465325722618],[55.56674259196096,-21.316252560627813],[55.565732751996,-21.316206011612106],[55.56505666707739,-21.315940087665133],[55.564294109927246,-21.316140439896248],[55.563182100812575,-21.315894272804343],[55.561924283089226,-21.315772413296337],[55.55995313885245,-21.316536014499878],[55.55922019737153,-21.316960620039062],[55.55890140315215,-21.316831423724114],[55.55783690301145,-21.31715020298186],[55.557558329923516,-21.317837949386842],[55.557103024237115,-21.31757117750411],[55.55675027115706,-21.317957480710405],[55.55585006998711,-21.318035567462317],[55.55517550442947,-21.318502208324368],[55.55391197881259,-21.318666590797815],[55.55345010117851,-21.31926784089949],[55.55282000981252,-21.319425016365198],[55.55274717606035,-21.319970896457406],[55.55219627783089,-21.320014933047183],[55.5517620267108,-21.320550473622145],[55.551125672824746,-21.320460982958963],[55.55028500245862,-21.321052635687654],[55.54948200151532,-21.32134199792272],[55.54875073652863,-21.321002364152623],[55.54781546491148,-21.322095430784668],[55.546870127901975,-21.32244678261305],[55.54570036361392,-21.323853969416888],[55.54576544233442,-21.32419598533838],[55.54479450917192,-21.325479323551072],[55.54417119209743,-21.326021335194383],[55.54368661750362,-21.326766888586906],[55.543808300691296,-21.327722745472236],[55.54412061067156,-21.32821685342108],[55.54448783410839,-21.33008357011954],[55.544949820470684,-21.33123839193917],[55.54492354533901,-21.331849707890548],[55.54517092504489,-21.332183365567424],[55.54453643806375,-21.33317061372878],[55.5444099431003,-21.334265237354007],[55.543724664355864,-21.334926848887882],[55.54433105841212,-21.335908584178146],[55.544348800404606,-21.33626012667759],[55.54368322697113,-21.336584972428078],[55.54340762636145,-21.337253745115866],[55.54324044088819,-21.338659656886648],[55.5430089231342,-21.339452564473365],[55.543315254002884,-21.33996830199962],[55.54246926996144,-21.3406926482413],[55.542640699718305,-21.341297547823782],[55.541728450352984,-21.34189665784171],[55.54189342266244,-21.342764365696958],[55.54163983295367,-21.34335022044126],[55.54174991527174,-21.344016013355958],[55.54124247560475,-21.344531011861296],[55.54124291115947,-21.34555898392628],[55.5405203216098,-21.346086564271886],[55.54060324354477,-21.346768381198636],[55.54011764961654,-21.34789962321077],[55.53920489683773,-21.348349666006364],[55.53864650667535,-21.34904126091776],[55.53890103592197,-21.349822128644508],[55.53880435623825,-21.3503343677043],[55.537851197906264,-21.351745172055285],[55.537863756989054,-21.35349228207515],[55.537699268904696,-21.35461817993549],[55.537422421417375,-21.354920184118686],[55.53753298669011,-21.355438743250467],[55.53825284842621,-21.355678064998852],[55.538287880866314,-21.356423600157132],[55.53748813865634,-21.35772282122525],[55.53727353898679,-21.359233090777767],[55.537013633642715,-21.35996431284765],[55.53633289207808,-21.36063857075466],[55.535786449435996,-21.36177107077029],[55.535924291163,-21.36255273106422],[55.53638042114649,-21.363328133541113],[55.53686893809504,-21.363367621098945],[55.538224292888415,-21.363901541022543],[55.538673286040996,-21.36423154464576],[55.53907501904341,-21.365243133904144],[55.53999337806098,-21.36550314733483],[55.54122137525401,-21.366533659953035],[55.54215586332729,-21.366724247430017],[55.54295172872792,-21.36737792765919],[55.54310793563262,-21.367867070789163],[55.5438351981321,-21.36795016327659],[55.544958434225165,-21.3674856666864],[55.54804881846227,-21.369673148530918],[55.54802521328491,-21.370111050067997],[55.54866193062104,-21.3705763427372],[55.54933267729616,-21.37072034855507],[55.55001452444061,-21.37159793642113],[55.549673398591416,-21.372941825506686],[55.54970875656213,-21.373464244844858],[55.55039698557958,-21.37369511600438],[55.550851448316344,-21.374259094278404],[55.551639526039956,-21.373751914073438],[55.55170043181844,-21.373246585281883],[55.55326693075748,-21.372525705173835],[55.55401314703489,-21.37264595406355],[55.55395352754567,-21.371351897020556],[55.55452229723438,-21.371569978696012],[55.554970817878164,-21.371168253920644],[55.55552902410714,-21.371480185806448],[55.556277858385016,-21.372218313132283],[55.55731451646128,-21.372518998540777],[55.558362677988264,-21.372137774777364],[55.55913651399875,-21.37288513804297],[55.56042341332631,-21.372942251721796],[55.56175111014818,-21.372772069965944],[55.56263237417704,-21.37229725046818],[55.5644772915356,-21.372687918270426],[55.56613344125933,-21.373647848975423],[55.56681240386884,-21.373743980760207],[55.56760246294834,-21.374316202495688],[55.56784981622195,-21.374863013424587],[55.568450793111936,-21.375243921210007],[55.5693804525618,-21.375544524529438],[55.57048940368596,-21.37565605058098],[55.57097946678124,-21.375939349860715],[55.5713877996543,-21.375700737989487],[55.57176147113959,-21.376350694134427],[55.573026436222285,-21.375889021756866],[55.57353938532121,-21.376100243031555],[55.573882899798086,-21.375683120250052],[55.57544489554383,-21.37561960663472],[55.57611433685216,-21.37490715054998],[55.57683394050129,-21.37459167382554],[55.57724302494827,-21.374174196256707],[55.57817969734246,-21.37434924944174],[55.578960032627876,-21.373935815984844],[55.58030611694282,-21.37345851366864],[55.58056360812804,-21.37305871449648],[55.58271407699421,-21.372271128474722],[55.58316692100746,-21.372414967068945]]],[[[55.56700263499109,-21.377780717089273],[55.56786586250843,-21.377377078877455],[55.56829130796542,-21.377561372979667],[55.56872009029172,-21.377005878589255],[55.56861594029204,-21.37660843431457],[55.56904450771468,-21.376074616605134],[55.56841222626871,-21.37583797426301],[55.56786071485891,-21.376320155276392],[55.56786383357797,-21.376792616153825],[55.56700263499109,-21.377780717089273]]]]},"properties":{"ID":"COMMUNE_0000001400385512","NOM":"Petite-Île","NOM_M":"PETITE-ILE","INSEE_COM":"97405","STATUT":"Commune simple","POPULATION":12920,"INSEE_CAN":"22","INSEE_ARR":"2","INSEE_DEP":"974","INSEE_REG":"04","SIREN_EPCI":"249740077"}},
{"type":"Feature","geometry":{"type":"Polygon","coordinates":[[[55.39118146333822,-21.29262583641969],[55.39150288670317,-21.292316377115938],[55.391635880097915,-21.291431540290287],[55.38981486703797,-21.290229040527485],[55.3868555025762,-21.288510690430137],[55.38519532163616,-21.28732594417633],[55.384217253364525,-21.285370920329804],[55.38341708012763,-21.284336223391833],[55.381676635744505,-21.283183192856594],[55.38057364645317,-21.282609852354096],[55.380483070077645,-21.28172829571103],[55.380663053124636,-21.28139762436939],[55.38232396330738,-21.279245746071343],[55.38692889848647,-21.27303116272725],[55.38906695480229,-21.269698682599003],[55.38901064349268,-21.26858621720648],[55.389322535349606,-21.267908132796386],[55.38892850158331,-21.26665965715197],[55.388675531687895,-21.265023219882558],[55.3888905908115,-21.263944963545516],[55.3895727939848,-21.263062665593015],[55.390872957290945,-21.262507831609824],[55.39134672262875,-21.26174005698912],[55.39214924762183,-21.260778504295384],[55.39241373111889,-21.260203836011375],[55.39208566954208,-21.2594455697935],[55.39240252649478,-21.258661841589632],[55.3928506769876,-21.258121441935895],[55.3927245003965,-21.257228707624],[55.39228879315306,-21.25626798524573],[55.39236492448568,-21.255556931798985],[55.391890781462685,-21.25520826150267],[55.392075254410855,-21.254192031992265],[55.39188179689945,-21.25319568208614],[55.3919899697849,-21.251929420819636],[55.3915136765348,-21.25124742145108],[55.39163065891342,-21.25067857178149],[55.39120113538634,-21.24994914442386],[55.39039952402869,-21.249501598536078],[55.38989016234072,-21.247607989611584],[55.38947372956357,-21.24744864916967],[55.3896151269822,-21.246406718744012],[55.389214942882404,-21.245905192344626],[55.38890905319277,-21.24514984297085],[55.38903722783216,-21.244703947158772],[55.38884042986836,-21.24392886463439],[55.38941548817487,-21.241902895082877],[55.38941940070403,-21.241365484371478],[55.38879490041119,-21.240051578279907],[55.388898816196715,-21.23944376428044],[55.38838400223496,-21.238144453910916],[55.38804086083837,-21.236209071487448],[55.38824439316644,-21.2356545995219],[55.38792401504676,-21.234727488377555],[55.387667967696785,-21.232934751563608],[55.38770646207058,-21.23214114126858],[55.38806194494732,-21.231522182120035],[55.38766240758991,-21.230610573198994],[55.38768888158035,-21.229238751990398],[55.38840615648222,-21.227329758524043],[55.38889532890166,-21.2235361565568],[55.38920306819181,-21.222343157045845],[55.38916060182767,-21.220664464939286],[55.38974377619947,-21.2188562510948],[55.389643482327266,-21.21726823746093],[55.38972621642121,-21.216834550703897],[55.39072219019194,-21.21488845421818],[55.39105768599978,-21.213441892078286],[55.39122098205748,-21.212240282656335],[55.3904010084212,-21.209772842600998],[55.389431662112635,-21.207846844468314],[55.38929651592024,-21.205564779730956],[55.38877275974284,-21.205098208496],[55.38778101812475,-21.205239590605707],[55.387221176826806,-21.20508068780253],[55.3867026009142,-21.205290714354632],[55.386162299622164,-21.20519522412304],[55.38547622874089,-21.203800330370214],[55.38476627199494,-21.202920073415605],[55.384099143803994,-21.202707744724655],[55.383758062598616,-21.202186000494077],[55.38292608140424,-21.201721882331604],[55.38268111999389,-21.20130764301256],[55.38287384747511,-21.20006116104863],[55.382546896635006,-21.198419487812117],[55.38160324212616,-21.196360916294555],[55.381834503275265,-21.195909687116238],[55.38265285198062,-21.195676349147007],[55.38275838836698,-21.19536030948161],[55.382691234264605,-21.194096886077677],[55.382806281583484,-21.19388029773634],[55.385589002568985,-21.189965911226935],[55.38558858471218,-21.1885856984939],[55.385145674783956,-21.18697814799665],[55.38538640507521,-21.186184660160365],[55.38593238427168,-21.185750882375594],[55.385784860458465,-21.184524627767523],[55.38594564142167,-21.183199247055533],[55.3863962447523,-21.182500798674166],[55.38591897000513,-21.181841364392724],[55.38578433605123,-21.18129088514783],[55.386154960997914,-21.17997473360749],[55.38583686219656,-21.179025059883227],[55.38604526117593,-21.17810299514775],[55.386412278076136,-21.177473299955203],[55.38703425867867,-21.17686590872126],[55.38513546750242,-21.177011275073003],[55.384481931386496,-21.17786314583112],[55.384036505466305,-21.178706163785286],[55.383951969460234,-21.17939546036863],[55.38357367016091,-21.180441452614094],[55.38301789994844,-21.18115695275962],[55.382518428798356,-21.18138883264749],[55.38212166990417,-21.182182629505668],[55.38229331589937,-21.18331336933228],[55.381772802700034,-21.184504325510076],[55.381685576626346,-21.185439285377196],[55.3809285423051,-21.18738762850945],[55.380905386011065,-21.187745104175846],[55.38036292124168,-21.188296324018374],[55.37991417829409,-21.18846635464432],[55.38002132270269,-21.189328204038553],[55.3791180785428,-21.190107198588272],[55.37894801323902,-21.190511137882428],[55.379112645117786,-21.191929956741244],[55.37975904801071,-21.192712973887794],[55.37995240911196,-21.19388276358978],[55.38028859040679,-21.19414432383279],[55.3798727658262,-21.194915347114325],[55.37977518695216,-21.19591433721585],[55.37881081829808,-21.196818296258993],[55.37835813418928,-21.19761154286932],[55.378281897681404,-21.198595380386774],[55.37863215807449,-21.20003856265563],[55.377989224097824,-21.20246400408557],[55.37745640583923,-21.203360353460514],[55.374205598136264,-21.205202477790042],[55.373767362617365,-21.207046353477242],[55.372947496442386,-21.20802663517628],[55.37183321622508,-21.20844765821611],[55.37107275578859,-21.209806069713114],[55.37075125494506,-21.210575264377255],[55.37075437155085,-21.21204672272213],[55.370539272022334,-21.212950627304004],[55.37019360124827,-21.213024971811123],[55.369467389748216,-21.212577163457308],[55.368082452933834,-21.212991931705577],[55.367311061683914,-21.214025039739493],[55.36571387838863,-21.2156047578286],[55.364665414376105,-21.215728287542383],[55.36313789786568,-21.216315058748066],[55.3622226017832,-21.21632966552212],[55.361464875130984,-21.2167305887746],[55.361150982391,-21.21732821410881],[55.36050013905078,-21.217819593694127],[55.36032170793799,-21.21836253028866],[55.35951400407849,-21.21866450227293],[55.358538973051864,-21.218417463727512],[55.35818315343303,-21.218536847136583],[55.35627072020701,-21.220299472598278],[55.35657688608945,-21.221271657721367],[55.35633017388292,-21.221715468042888],[55.354478840213694,-21.222827410653984],[55.35393290279014,-21.223236684652004],[55.35434845491288,-21.223552363675978],[55.354481486161234,-21.22432595181447],[55.35381156914298,-21.22505557795399],[55.353826292950096,-21.225378186787637],[55.35333160855566,-21.225942416191604],[55.35260986679162,-21.22769402493859],[55.3525487617037,-21.228425071459263],[55.35214895420653,-21.22903267613598],[55.35249462114244,-21.2301768730258],[55.352403581399194,-21.230827236485634],[55.35257221755708,-21.231430456376646],[55.353370994599274,-21.231245859767128],[55.35413338062426,-21.23147550211532],[55.35478573498197,-21.231202756836158],[55.355458754072465,-21.231238223296337],[55.35576605338347,-21.23210925519063],[55.35636387907295,-21.23249716159776],[55.35664034771903,-21.233282081732227],[55.35722390185173,-21.2340022475967],[55.35779933972342,-21.2343248964003],[55.357986840520454,-21.23505384946793],[55.357530528767434,-21.235631108939046],[55.35758722780212,-21.237905176474182],[55.357083140640874,-21.238880307990293],[55.35728502711961,-21.239789151195154],[55.35728280009807,-21.240511740339915],[55.356471714267435,-21.241628400463977],[55.35648634962421,-21.243175832717256],[55.357087858661814,-21.24340931655337],[55.35722824965261,-21.243781925493455],[55.35691444950505,-21.244537609013218],[55.35690538714993,-21.245354973673958],[55.35624617237025,-21.246935580880812],[55.356070620656986,-21.24790848944201],[55.35542270705952,-21.248902985011124],[55.35503489619418,-21.249987632070884],[55.354398121612064,-21.250064517538913],[55.35378702727045,-21.251558868346077],[55.35336906093245,-21.25214732540653],[55.352989826299336,-21.25315165964139],[55.353128072171444,-21.254236923358537],[55.35265816786107,-21.25498926386109],[55.35346939449133,-21.255603278473192],[55.35359361620954,-21.25630361577184],[55.35400535020594,-21.257144056812685],[55.35454635288527,-21.25771116787818],[55.354943773867824,-21.258453011815824],[55.35453951962764,-21.258759787007808],[55.352047064434444,-21.257693070680237],[55.34952734389168,-21.255531301943705],[55.34871119791957,-21.255187295561562],[55.34853831108072,-21.254360022807276],[55.347814427472805,-21.254383639594398],[55.34782991266876,-21.25342724008468],[55.34819156534139,-21.252793083485237],[55.34673137391964,-21.25274625103601],[55.34536888848756,-21.252060858183295],[55.344265738709716,-21.251794404314232],[55.34365615158644,-21.251851643772085],[55.34344857458193,-21.251285971181485],[55.342584260954375,-21.25154754946483],[55.34271129511751,-21.25216391677585],[55.34100543578001,-21.252201332291204],[55.33994269774445,-21.25194066773007],[55.33898050783653,-21.251306136098766],[55.33739235667166,-21.250986986015292],[55.3359282075479,-21.251037573580323],[55.33400576007241,-21.250458567485403],[55.333067233465854,-21.250378835952795],[55.33271732335207,-21.250050204098898],[55.33106482948857,-21.249971528178946],[55.32959219125428,-21.248981429298652],[55.328545265357945,-21.248433617335618],[55.32845896117754,-21.248141010957013],[55.32752146339398,-21.24728897859813],[55.326627035439024,-21.246889898527797],[55.32516009373905,-21.246765135937448],[55.3246334234775,-21.246989329290365],[55.324137843747835,-21.24906459232117],[55.32367980302005,-21.25029026664238],[55.322576797383235,-21.2512078367003],[55.322419290081456,-21.2515883443284],[55.32228053744256,-21.252865062878318],[55.32326233068687,-21.253293940252043],[55.32569259989531,-21.254805752866822],[55.32675786814128,-21.25586500667329],[55.32831033788631,-21.25678637381725],[55.32965428019738,-21.257830309854864],[55.33058784303691,-21.25878165260078],[55.3313500841802,-21.259973366188756],[55.331654659655946,-21.26082092325694],[55.33183557118462,-21.26186868107999],[55.33177661885795,-21.263680022376086],[55.33151726954243,-21.264889619220046],[55.331668711505046,-21.265388810941765],[55.33207996028772,-21.265493143692307],[55.332695529182836,-21.26602221982987],[55.33328761724959,-21.26709662634187],[55.3340734194732,-21.26825514286433],[55.334546581034644,-21.26953792429551],[55.33443253307299,-21.27025307627207],[55.333799151789336,-21.270790570610384],[55.3329347939978,-21.271215579731408],[55.332192302336594,-21.27245562078879],[55.33236112026463,-21.273380415725825],[55.33319484930851,-21.274820322931095],[55.3334951839163,-21.275534154323836],[55.33414611425902,-21.276435716995696],[55.334718155558164,-21.276726802123598],[55.33545639294869,-21.27792097418658],[55.33687054612339,-21.27822669684792],[55.33684736632608,-21.278488411263098],[55.338265595814,-21.27886100364363],[55.33837866928919,-21.2797762117726],[55.339017728255094,-21.280194400137006],[55.339167169101124,-21.280703502608123],[55.34024297968121,-21.280933600872412],[55.34062317598255,-21.28157685178647],[55.34122394225519,-21.281629740452985],[55.34245083076533,-21.280762955917865],[55.3426439680744,-21.281157772765],[55.34338090626918,-21.281184896289847],[55.3450962838431,-21.281446546380245],[55.3453114685591,-21.281335754215874],[55.34691665626929,-21.28197205761938],[55.3486103164881,-21.28210881008017],[55.349740135408965,-21.28242428477506],[55.350875982292145,-21.28245889817918],[55.35181382492244,-21.28218716803436],[55.352882431704195,-21.28254808897425],[55.356013474456155,-21.28333832994583],[55.357365910326514,-21.283570118666503],[55.35970687729309,-21.283739269483558],[55.36201347794086,-21.284053478660233],[55.36389069798331,-21.28415392802073],[55.3655752948545,-21.284417783694032],[55.36713769209305,-21.284751795432914],[55.37028344511034,-21.285793930419068],[55.372860867357794,-21.28628855820492],[55.375845092225376,-21.28668861664225],[55.37667674734094,-21.28695858497992],[55.377802281380376,-21.287147377748564],[55.379253914695994,-21.28756873259315],[55.381410548547024,-21.288387066623088],[55.38186346570442,-21.288744598229034],[55.386422366817065,-21.29013693868598],[55.38820072693189,-21.29082871835452],[55.38906598251544,-21.29129224909601],[55.39118146333822,-21.29262583641969]]]},"properties":{"ID":"COMMUNE_0000001400385511","NOM":"L'Étang-Salé","NOM_M":"L'ETANG-SALE","INSEE_COM":"97404","STATUT":"Commune simple","POPULATION":14329,"INSEE_CAN":"01","INSEE_ARR":"2","INSEE_DEP":"974","INSEE_REG":"04","SIREN_EPCI":"249740077"}},
{"type":"Feature","geometry":{"type":"Polygon","coordinates":[[[55.55221984319588,-21.073040346630094],[55.55347588708093,-21.07313325951716],[55.55462905091534,-21.073813363085858],[55.55556633190961,-21.073827665342645],[55.557055992817084,-21.073349820499264],[55.55792202776861,-21.072867568357843],[55.55925792121527,-21.072864459099645],[55.560888774064736,-21.074214340068863],[55.56134606198692,-21.074301324372303],[55.562876352891614,-21.075503090070185],[55.563517954251246,-21.075640409950957],[55.56400203713976,-21.07604468824199],[55.56543754808296,-21.07639558256468],[55.5654203301344,-21.076685410881353],[55.566548697403675,-21.077451045347637],[55.56767884131404,-21.077027884593843],[55.568247412559984,-21.077355176749986],[55.56904070348071,-21.07713151410986],[55.569810159319495,-21.07748759527677],[55.57095184901673,-21.07827228431949],[55.57185976433371,-21.079046868859166],[55.57250810211343,-21.07918692254365],[55.57292198169686,-21.079891401013306],[55.57450851932453,-21.081569605483224],[55.57459918812807,-21.082154832993336],[55.575443070026424,-21.08228025849433],[55.575877643378995,-21.082633502043507],[55.576672701553974,-21.082933761321552],[55.577148406488305,-21.083314447297493],[55.57847354981964,-21.083440279855143],[55.57972719298828,-21.084506793104854],[55.5809984552759,-21.08473333057102],[55.58219913378871,-21.085501278491414],[55.58363882315636,-21.084816820854634],[55.58444217928897,-21.084955414545],[55.58564388700148,-21.08490491212372],[55.58600305287903,-21.085093092709265],[55.586736211429034,-21.085021513272928],[55.58767087959971,-21.085321078742215],[55.58750736432883,-21.084596133366606],[55.58766912804186,-21.083978684518446],[55.587107177670305,-21.083758105008812],[55.58737791463767,-21.083322234031577],[55.58772505466105,-21.081727095418493],[55.58797205798481,-21.08125579489102],[55.58851592645756,-21.080944146687187],[55.5884756640058,-21.080519236494077],[55.59003946607813,-21.079321745338227],[55.59155523823048,-21.07872456939656],[55.591763971720944,-21.076081284209714],[55.59216826024261,-21.075258070051035],[55.59348026085957,-21.074524584233394],[55.594892418900386,-21.073168602315544],[55.595189451289805,-21.072387852628605],[55.59586566863749,-21.072018555484686],[55.59669393015081,-21.070933248617525],[55.59715533258101,-21.070685929522874],[55.59760590960764,-21.069950707771643],[55.59787089259885,-21.06889055050998],[55.59833102498927,-21.068469772978712],[55.59913634894874,-21.068082556816343],[55.59966884717768,-21.06702460292223],[55.60033461164381,-21.06674011535523],[55.6008840594546,-21.066235150896095],[55.601728533897784,-21.06577597549595],[55.60309285718898,-21.06560924432834],[55.60462884764171,-21.06375282686886],[55.605145120519296,-21.062467976439194],[55.60503639339089,-21.06194945899825],[55.60569064543711,-21.06165762725525],[55.60608582344446,-21.060766546393157],[55.60702302377504,-21.060162662395822],[55.607095025947146,-21.05966459874405],[55.607862797203296,-21.058754887706275],[55.60876932408031,-21.058239270820746],[55.609410833998204,-21.057659147288724],[55.61010945266978,-21.056524825191133],[55.61165097016781,-21.05571266415722],[55.612198133509594,-21.05482280822902],[55.61211746137115,-21.053974796391685],[55.61239155389043,-21.052851447485278],[55.61194986891444,-21.051292250890576],[55.61254053514812,-21.051313336464386],[55.61302212597451,-21.050747247766047],[55.6132092521867,-21.050076674198365],[55.61325625811696,-21.048534115716418],[55.613508577696884,-21.04820102763226],[55.61414354401061,-21.048113161734502],[55.61502031590037,-21.047683986893194],[55.61571944724901,-21.04669237176044],[55.61596110078061,-21.046054759328833],[55.61586235227337,-21.045598659999445],[55.616493259845235,-21.044594741278253],[55.61743196884015,-21.044124502054533],[55.61855539796776,-21.043031534537338],[55.61878096291562,-21.042258281573044],[55.618689159373865,-21.041778752383593],[55.619249117511515,-21.04084741720548],[55.62045769437792,-21.040639520868602],[55.62212393540024,-21.040784929176347],[55.62401481832992,-21.040464196695062],[55.62557332454757,-21.04071077934298],[55.6264523204749,-21.04160499146155],[55.62679185777922,-21.041725172970867],[55.628618988131464,-21.041536669161648],[55.629672718224334,-21.04089926117687],[55.63034802621576,-21.040815271446856],[55.63168849723304,-21.04102029312764],[55.632536574140595,-21.04014091475722],[55.6334533968754,-21.039846563846577],[55.634326234558074,-21.038993572408756],[55.63472292020529,-21.038227992239065],[55.634405527409676,-21.037578630260068],[55.63577756653052,-21.036639303099243],[55.63846376924799,-21.035406059187043],[55.641284495759756,-21.035249761035324],[55.642344300310974,-21.034462358282816],[55.64246132701483,-21.033865260811492],[55.64292979883693,-21.03366664587614],[55.64389684772387,-21.034089010620043],[55.645040127591216,-21.034176720316566],[55.64644752568316,-21.034425519160187],[55.64716607051262,-21.034664309110504],[55.648455307549334,-21.035426170672086],[55.64901973223216,-21.03525720964766],[55.64946563566921,-21.034786481715198],[55.650376728125856,-21.0343736487149],[55.65189814034076,-21.03414361628133],[55.65244197713094,-21.034230135170205],[55.655033111183634,-21.033921826596806],[55.65547198286378,-21.033803342533034],[55.6568209666529,-21.03413018774672],[55.65782901429899,-21.03459977457693],[55.65901122745504,-21.035499833367748],[55.66012223790634,-21.03532520869989],[55.66092516535812,-21.034846422237997],[55.66151891734484,-21.034193439895258],[55.662106430599636,-21.03391530762346],[55.66266948524036,-21.03400555875494],[55.66410226739572,-21.033569651982976],[55.66517020187438,-21.033691866211683],[55.66580287180251,-21.033420398943132],[55.66638644295976,-21.032935346748054],[55.66818679858917,-21.03271277479097],[55.669336621363755,-21.03206502166121],[55.671133735411786,-21.031229900853262],[55.67152675610477,-21.03085445602962],[55.67191517882602,-21.029803245867708],[55.67267290938745,-21.029314110307347],[55.67216176254829,-21.028253164220892],[55.67195990174512,-21.028230810002814],[55.67138857198483,-21.026904701367588],[55.671074827842034,-21.024633861451946],[55.6704532819459,-21.023439251277033],[55.66983731928321,-21.02270088990186],[55.66936368501654,-21.021103621962922],[55.66929831067436,-21.01958001098958],[55.66980258545368,-21.018373425111083],[55.67104521631204,-21.017879051216102],[55.67215757441645,-21.0179708490031],[55.6739080546062,-21.01825371209152],[55.67459102973532,-21.017724232810405],[55.67481664383112,-21.017234550596093],[55.67490734077654,-21.016225275604043],[55.674099225517395,-21.013497991364265],[55.67448076511462,-21.012891181094208],[55.675309160994594,-21.012886792364483],[55.677267465307786,-21.013271512156077],[55.677625739615486,-21.013010509220408],[55.67719793707103,-21.012318805479023],[55.677283049789935,-21.011176687007328],[55.67758182844044,-21.010679438212165],[55.67827354870962,-21.01013465198116],[55.67983907151365,-21.009561412169777],[55.68204946152864,-21.008844998023473],[55.6835656440054,-21.008629081104125],[55.684813892957266,-21.008796825668593],[55.6859027474111,-21.009149427890755],[55.686605048050446,-21.009150333057082],[55.68989518450049,-21.008504479165172],[55.691036122630315,-21.008402142613228],[55.69140040067387,-21.00789001330085],[55.69177512678893,-21.006179167564223],[55.692420877606665,-21.00560234829915],[55.69344115445115,-21.005654450240016],[55.69481698850333,-21.00674817043177],[55.69577670454187,-21.00668506385212],[55.69642125361574,-21.006134417918723],[55.698528018785154,-21.005150489703816],[55.69932051288658,-21.00495509216638],[55.700816071002116,-21.004892437257833],[55.70065703081055,-21.002593900709808],[55.70073957100626,-21.00183839267027],[55.70074548670574,-20.999598931592477],[55.70062936329138,-20.99578754094918],[55.700604109678665,-20.993258755227096],[55.70036637817546,-20.99060548601635],[55.70033109537475,-20.989013440093217],[55.70011755001519,-20.986233879441276],[55.70026585407026,-20.984213219057125],[55.70069020436682,-20.98108168369032],[55.700656688541784,-20.978616971805597],[55.691101146507656,-20.980085913372324],[55.689178252234875,-20.97965556889509],[55.687124905115994,-20.979845729831965],[55.684672057729195,-20.980511577673898],[55.67970314217637,-20.98257261106069],[55.67833869136072,-20.983283835706626],[55.672744403381984,-20.985231397088945],[55.66837564875361,-20.984770899593933],[55.660305787092625,-20.982448258959664],[55.65689879853775,-20.97997146000554],[55.656099173635624,-20.979253289588073],[55.65527263395192,-20.978856506832678],[55.65341862282024,-20.978375718145845],[55.65113286718153,-20.97831066024438],[55.649680820102674,-20.97837775147989],[55.648007869234895,-20.978088049465278],[55.6463847728629,-20.978137494313966],[55.64542876876928,-20.977701694630863],[55.64299207363678,-20.97773740955446],[55.64071228199423,-20.97807877946511],[55.63995225114928,-20.978415996879157],[55.63912732486436,-20.978377791175884],[55.63814042097166,-20.979762007318993],[55.63700906302744,-20.980845140260076],[55.635781991925775,-20.981874199145434],[55.63466021508947,-20.98264030692018],[55.632639556173565,-20.984303470484257],[55.63141052320345,-20.985013588144867],[55.63063884822785,-20.985250393098],[55.629416978250696,-20.98654413191165],[55.62721347174407,-20.987678184209923],[55.62597423465042,-20.988551687849302],[55.62513746702388,-20.989381456252968],[55.6245153785769,-20.99040175878415],[55.62425621829569,-20.99139066307039],[55.62340284848467,-20.991510238094133],[55.621784487479104,-20.990923506781193],[55.619477527004506,-20.990950890966733],[55.61810249385756,-20.990893665722997],[55.615760021674,-20.990495224734417],[55.6152063350348,-20.99066236288023],[55.614710761148935,-20.991099175653126],[55.61405441947603,-20.992070375514594],[55.61317260995461,-20.9942267608921],[55.61324782638877,-20.99483172633452],[55.61211520839615,-20.996435910605655],[55.61177030981306,-20.997219930967045],[55.61082318204579,-20.997903280181514],[55.608644211800105,-20.999056246937172],[55.607534015129325,-20.99947897767527],[55.60401388844737,-21.000642586648098],[55.60325148365429,-21.001007614820175],[55.6020118068767,-21.001798721103516],[55.601291150050244,-21.002121624748963],[55.59979447157688,-21.00251402537115],[55.59837705971623,-21.00255565727855],[55.59652066733212,-21.002321746194923],[55.595411683696724,-21.001683858453614],[55.5941303569077,-21.00178168326204],[55.5926586745887,-21.00248227282239],[55.59063177701478,-21.002889177035946],[55.58922675855281,-21.002942578681925],[55.58779031491578,-21.002655141495488],[55.5866844788488,-21.002299976011333],[55.58573356766605,-21.001838591247367],[55.58506205103561,-21.001333452943307],[55.58425884201745,-21.001940154374743],[55.58396765559533,-21.00262247759552],[55.58425634579885,-21.004040441403706],[55.58495669226076,-21.005059833726175],[55.58334228404035,-21.006197280420693],[55.58241751512102,-21.00632779329459],[55.581384588371876,-21.00680699862923],[55.58109136900601,-21.007498332087863],[55.580451838949564,-21.008085600286613],[55.57928907364753,-21.008355936778848],[55.577947005091644,-21.008968945303174],[55.57673783528573,-21.00976914553551],[55.57586640305237,-21.009852189688928],[55.57565242291885,-21.009591135722633],[55.574141880115704,-21.009505312763707],[55.57295809550698,-21.0096570892843],[55.57205218449721,-21.010027091199312],[55.57169422706246,-21.01043962952998],[55.57208767971399,-21.011250530213303],[55.57202149768759,-21.012442401697992],[55.57155042473907,-21.012811532271066],[55.570205604204624,-21.013201324587396],[55.56970940108616,-21.013581982080215],[55.56962525277442,-21.014234398703863],[55.56991868379181,-21.014940577419424],[55.569517748642646,-21.015519869026654],[55.568846012752026,-21.015945118272573],[55.56805774800698,-21.016886101183843],[55.56757884323894,-21.017669791986037],[55.56624313241809,-21.01810750444447],[55.565157071597156,-21.018294373808363],[55.56456889153235,-21.01822979009942],[55.563782766656104,-21.018842852838677],[55.56210223214597,-21.018717542611054],[55.5615355651129,-21.01941917098022],[55.56088204635978,-21.021651239776762],[55.5603961474994,-21.022255985004925],[55.55971858671367,-21.022480602317778],[55.55954001975046,-21.02324151649668],[55.55889158020688,-21.0241393716167],[55.558701804495435,-21.024664415523386],[55.558627956716556,-21.025740580960708],[55.558685468537625,-21.02806448024457],[55.55826441927447,-21.029526141056103],[55.55758239982285,-21.0313098880545],[55.55631246517767,-21.032894419846603],[55.55558790707749,-21.03409603976971],[55.55507690256519,-21.035800828497358],[55.554166500520736,-21.03601711707328],[55.55407921000936,-21.03628828171786],[55.55452765641084,-21.037079813605203],[55.554618596740326,-21.037627111303067],[55.55497844857091,-21.038027643290274],[55.55549513047727,-21.039726712587406],[55.555528215061976,-21.04048670780086],[55.55630799210695,-21.040847445296325],[55.556967880616504,-21.040868406549734],[55.557678295353924,-21.041937676060044],[55.55845956588759,-21.041444754251753],[55.5587906405236,-21.040537891874457],[55.55959822951924,-21.041109330395724],[55.559716609635004,-21.042407540157754],[55.559574806958516,-21.0428444615725],[55.56025614626351,-21.04363795411603],[55.56115240228506,-21.043896675851375],[55.561254777921505,-21.04435824981128],[55.561136493036344,-21.0456526481795],[55.56160678515851,-21.04658075418815],[55.56100507967638,-21.047712069858843],[55.560919080686475,-21.04885046182513],[55.561539682713466,-21.049158338606727],[55.56146921018342,-21.049682586454434],[55.560800818307136,-21.050341788751563],[55.560820817379145,-21.05136454645926],[55.56120108608306,-21.05254934484069],[55.56114706386021,-21.054164973964333],[55.56119879292939,-21.055691163953146],[55.56166766719625,-21.056469302846445],[55.56171476396312,-21.059178836668384],[55.56140958810965,-21.061092248289846],[55.56143453636166,-21.06370222500259],[55.56022434761762,-21.064851862845416],[55.5597782241283,-21.066107341920805],[55.55873273143561,-21.067540207698066],[55.55755457042821,-21.068257393679076],[55.557126948528385,-21.068988178276],[55.55454701913332,-21.07094906866754],[55.55286903744678,-21.071595115347126],[55.55221984319588,-21.073040346630094]]]},"properties":{"ID":"COMMUNE_0000001400385501","NOM":"Bras-Panon","NOM_M":"BRAS-PANON","INSEE_COM":"97402","STATUT":"Commune simple","POPULATION":13131,"INSEE_CAN":"06","INSEE_ARR":"3","INSEE_DEP":"974","INSEE_REG":"04","SIREN_EPCI":"249740093"}},
{"type":"Feature","geometry":{"type":"Polygon","coordinates":[[[55.57526029841829,-20.89467225278921],[55.57364881846148,-20.89358922685937],[55.571901757905366,-20.893020875739293],[55.57016176827029,-20.892823849527293],[55.56900074075867,-20.893004743378384],[55.56851223450226,-20.893225590668397],[55.56744817913557,-20.893114595834003],[55.56661213703885,-20.892680295690585],[55.565619165666,-20.892474129245613],[55.56485060545727,-20.892121689856673],[55.56307987114125,-20.89202641432257],[55.561407865520586,-20.892364662095297],[55.5601272805159,-20.89197808099492],[55.55917867835752,-20.891556348012195],[55.55751227427991,-20.891610045879624],[55.55505530310589,-20.892609188509258],[55.553917946501684,-20.893629400665905],[55.55300269330912,-20.893941444113125],[55.55216680894067,-20.894497158503384],[55.55133520215855,-20.895307652000927],[55.55086841097298,-20.89546629939615],[55.549625510369445,-20.89546027320932],[55.548292592379056,-20.895218600255927],[55.546621040400844,-20.895303763403856],[55.54522539165217,-20.894888992108665],[55.54350866810307,-20.89467472927525],[55.54256234736426,-20.8947172503218],[55.541689224497304,-20.894546295220728],[55.5383519963723,-20.893217859840657],[55.53820236440989,-20.892290640867994],[55.53761101467979,-20.891414748047993],[55.537248818475796,-20.89159232006906],[55.53799386699493,-20.892776669591026],[55.53787097993138,-20.893653679803524],[55.53670288159164,-20.893271501198246],[55.53675563773762,-20.893084958361996],[55.5354492021096,-20.892793729386042],[55.53565002866342,-20.89191016238274],[55.53723957165921,-20.89224898020233],[55.53676253539809,-20.891580027883663],[55.53613565432015,-20.89129642718104],[55.53411971816654,-20.89091690616886],[55.528892276866294,-20.88984127298938],[55.52808106936539,-20.889634649131594],[55.5239224304454,-20.888972768627486],[55.52199299317304,-20.888503519255778],[55.52009686068929,-20.888168232843437],[55.519051827514424,-20.88789088824978],[55.516407996883395,-20.886955582495112],[55.51491384880281,-20.886213607481594],[55.5139146400445,-20.885384684521142],[55.511270375813595,-20.884013885326556],[55.50966200213118,-20.88365118174181],[55.508817035257074,-20.88336558382472],[55.5049054902316,-20.88243440381241],[55.504048688959905,-20.8822778580987],[55.50208729049643,-20.88243051651067],[55.503581615262696,-20.89012745719318],[55.50476943255659,-20.895978881230626],[55.50560412319863,-20.90080281708932],[55.505804186693325,-20.904480275788085],[55.50619727670838,-20.906528884996206],[55.50582780248877,-20.90753107589765],[55.50574415908012,-20.908599000265824],[55.50622126685084,-20.91002774669868],[55.507033908873865,-20.911359154067075],[55.507822167748785,-20.912241382994814],[55.508943094845456,-20.914677555714324],[55.51009810860979,-20.917559368510243],[55.510564308041516,-20.917860635866454],[55.51174954233713,-20.919244957422382],[55.51225989086904,-20.920821224904383],[55.51288639186436,-20.92212478942359],[55.513120430749545,-20.923155737615048],[55.511608994368345,-20.92461772862228],[55.51037683679172,-20.926809333448332],[55.50957821027625,-20.927646988303536],[55.50875047594076,-20.92802458301064],[55.507701287335856,-20.929403851092612],[55.507151900965255,-20.929538161561567],[55.50563617187218,-20.930645041497645],[55.504419463250265,-20.931363380528982],[55.503776183441175,-20.932334253929213],[55.502595605659394,-20.933768341151342],[55.50252504539416,-20.93419229202963],[55.50109416692867,-20.935364008583992],[55.50077115031785,-20.936034159059705],[55.501869808749426,-20.937039289096212],[55.501579712970965,-20.9385561594009],[55.50109194822561,-20.94022395651078],[55.501023839927335,-20.94088369920902],[55.50052113639973,-20.941539622529834],[55.49973765675161,-20.942001567292614],[55.499469650368134,-20.943035339686855],[55.50007725379311,-20.943819361168323],[55.49998349564018,-20.944253946007276],[55.49871247740437,-20.944715210532834],[55.497726285220914,-20.946023594756994],[55.49766782022849,-20.947449450099203],[55.49685941241734,-20.948285141375713],[55.496693996724794,-20.948864529307272],[55.49689820604548,-20.949696496076736],[55.4972075524512,-20.950207801079117],[55.49692853351967,-20.950896395094826],[55.49644044920807,-20.95075749538401],[55.49538448750452,-20.950958659688286],[55.49482945915207,-20.951263606307055],[55.4943754657588,-20.951850380608406],[55.49431528251654,-20.952963662689164],[55.4952908020237,-20.95330741122929],[55.495228882734004,-20.9542102011159],[55.49371466308833,-20.955036030651424],[55.493115378570224,-20.955821154086888],[55.493193419245365,-20.9560946510704],[55.49392898757696,-20.956489584279293],[55.49486977960425,-20.957422907773925],[55.495111593977384,-20.958148614345294],[55.49515164680315,-20.959335951073076],[55.49468914331179,-20.9608666349328],[55.493956972287435,-20.961666846420734],[55.49332123948045,-20.96186357569199],[55.492708852108315,-20.961457984676805],[55.491862743754865,-20.961726921602633],[55.49137367887292,-20.96235402475032],[55.490420805823796,-20.962719569233393],[55.49018776016849,-20.96332544889321],[55.490484327249064,-20.96415191591547],[55.49023881646895,-20.96532859190022],[55.489782881917655,-20.96610232275033],[55.48961362265486,-20.966963506171304],[55.490052698545675,-20.967677416738013],[55.4906852037413,-20.967613462729837],[55.49119584394538,-20.96780949094194],[55.4916999455905,-20.968849173530927],[55.4905016322227,-20.971432936594994],[55.490572293085044,-20.973111955252847],[55.49106644300835,-20.97399437171203],[55.491144899850575,-20.975089002723816],[55.49186006236553,-20.977046533980005],[55.491486623337025,-20.977934817204133],[55.49119012961858,-20.979588903451315],[55.490590898133576,-20.98045260052589],[55.49018535598666,-20.982236700554743],[55.48939989777118,-20.983253211171682],[55.489230314893156,-20.983761186022594],[55.4895072743429,-20.98462722737545],[55.49021187113883,-20.98524503036211],[55.49119164860362,-20.985184156575716],[55.49230797178956,-20.985414455589773],[55.49255225581819,-20.985800534195782],[55.492496747358246,-20.987018638019418],[55.4915524376885,-20.988335464071888],[55.48985290773488,-20.989090942562097],[55.489320223500066,-20.98954962650251],[55.488433854413294,-20.99064834067235],[55.487883663636005,-20.990838575006787],[55.48747817301653,-20.990509774697564],[55.48671058459542,-20.990796536935587],[55.48570057194238,-20.99089505384603],[55.484786456589354,-20.99121302378166],[55.4839519105694,-20.9921287975616],[55.48286655301738,-20.992638544031138],[55.48091638764293,-20.992678065461856],[55.48042779203788,-20.993718855737775],[55.478901491148726,-20.99464468655479],[55.47827442459322,-20.995394264152438],[55.4783228631236,-20.99678401378839],[55.478620321701,-20.99733137850058],[55.47864793754005,-20.99821327223518],[55.478337052559134,-20.99851581788295],[55.47820974519931,-20.99968719761153],[55.47851305326704,-21.000322237582566],[55.47831397048811,-21.00126714394168],[55.47791126135187,-21.001896774769598],[55.47637794522569,-21.00265088237598],[55.475855922634466,-21.002713957754427],[55.47532516881615,-21.003352371447797],[55.47558382810975,-21.004120708263237],[55.47538826598813,-21.00452725938361],[55.47465714121922,-21.005003083402823],[55.47377724447797,-21.00658052895697],[55.473176273468184,-21.00702679998677],[55.47268984663859,-21.007749610614304],[55.47221496781219,-21.007999181603253],[55.47129543036506,-21.008836433784513],[55.46891734763976,-21.009781607202715],[55.47103716879535,-21.010201744684124],[55.47198001032222,-21.010288803749894],[55.47317853901241,-21.00964013669322],[55.47421391071191,-21.00923660516043],[55.474815503397814,-21.00872981370223],[55.47511037843598,-21.008774912798707],[55.47791517725792,-21.007865083632907],[55.48008719350016,-21.007406638700818],[55.48055234508951,-21.007546291757805],[55.48229080401533,-21.00696199699774],[55.48311638386673,-21.006467108273426],[55.48393555559288,-21.00622508987115],[55.48597339509573,-21.00514117219742],[55.487783616370805,-21.004781482566763],[55.48853486128895,-21.004118789413162],[55.490343780551434,-21.0035043209487],[55.49220383816945,-21.00306462826949],[55.492632457172554,-21.00339362399408],[55.49358698111244,-21.00327289908615],[55.4941887777556,-21.002737129320163],[55.496794135394495,-21.00135728564867],[55.497135166195925,-21.001403657132986],[55.50008707604664,-21.000571529580295],[55.50124644782575,-21.00045346874323],[55.50156960573017,-21.00026661384812],[55.502424156904375,-21.00032923790647],[55.50348697167855,-21.00015069198245],[55.50440693074076,-21.00021388113643],[55.50495694148028,-21.000043466018198],[55.50572411620236,-21.000283263009532],[55.506183611390234,-21.000025329051528],[55.50721938999697,-20.99985645887321],[55.50879504867281,-20.999955183543445],[55.51083032041805,-21.000850141477542],[55.511404718154076,-21.001518214982834],[55.5121595537579,-21.002034296938618],[55.51268152567976,-21.002072282479133],[55.51406917803185,-21.003188281031935],[55.51425791824119,-21.00375180453581],[55.51502591402693,-21.00498162611],[55.51528774354279,-21.005645153522302],[55.51619036806531,-21.006687347528647],[55.51618209618092,-21.007231987900898],[55.51699218373206,-21.00800237003163],[55.51720756369554,-21.00850017935534],[55.518559363085934,-21.008092804860976],[55.51898652846702,-21.008186857062444],[55.520482342562914,-21.007515138650984],[55.52212251408839,-21.007031651341695],[55.523080085964935,-21.006406723836648],[55.52444835948955,-21.006081647584455],[55.52574219279768,-21.00618500188005],[55.52665922425364,-21.005865934447993],[55.52764010297957,-21.005902427314314],[55.52828007154335,-21.005583663543323],[55.52893085900128,-21.005731114949484],[55.53036352071326,-21.0054110633992],[55.53142489414713,-21.005774335990953],[55.53289098485624,-21.0048881554792],[55.53537963624827,-21.00489062099722],[55.5369602446126,-21.004490484937694],[55.537476346467884,-21.004737920483507],[55.53835603582623,-21.004101393401164],[55.53900895746816,-21.004030215348024],[55.53977366902528,-21.00433397873408],[55.54068783558366,-21.00410785348294],[55.54089210601268,-21.0035793412253],[55.540880973566274,-21.002745458038728],[55.54114489148258,-21.002117185258292],[55.54224663231499,-21.00070204848935],[55.54224613626795,-21.000059765219586],[55.542530145282036,-20.998549995705435],[55.54269183603842,-20.998244242255474],[55.54348602979516,-20.997787622586955],[55.54425096954012,-20.996776093756004],[55.544173422556526,-20.996440288888135],[55.54464022996007,-20.995916725451675],[55.54466792005896,-20.99544180152814],[55.54522225810778,-20.995116817491922],[55.545382674237196,-20.994445194268888],[55.54607914191478,-20.99414400509439],[55.546382885146016,-20.99357116605933],[55.546344490358024,-20.99296649847138],[55.54725714923296,-20.991993251751826],[55.54717450549357,-20.991189469914637],[55.548243323375665,-20.9916728440133],[55.54892245632886,-20.990675012344205],[55.54860479236639,-20.99020166020391],[55.549218026836854,-20.989850966434375],[55.54895107251561,-20.98910704221652],[55.5496840534964,-20.9890057878598],[55.55005666212755,-20.988371196105472],[55.55001990311291,-20.987695177641093],[55.55031863656529,-20.987239722590868],[55.550208041146256,-20.98673922871553],[55.55093813755014,-20.98623775970496],[55.55084043604108,-20.985696725072383],[55.55127277110104,-20.984452876521317],[55.55134718274108,-20.98361881370548],[55.5511884546809,-20.98292278716313],[55.55191497563282,-20.98129299716682],[55.552521646459084,-20.981019921348945],[55.55372002619806,-20.978629895393045],[55.55456812255804,-20.97815470339541],[55.55469417797479,-20.977248807463987],[55.56023847063416,-20.966668693083403],[55.56067194052065,-20.965994838065182],[55.56087379522401,-20.96510222105617],[55.561593709834696,-20.96434315594451],[55.562790693136115,-20.96277328344519],[55.562757482195,-20.962424308062737],[55.5634964385606,-20.961783733784227],[55.56336318632995,-20.960933456037253],[55.56303603139498,-20.960548579066565],[55.56324505753702,-20.959104067376117],[55.5639490522402,-20.958194898435778],[55.564079586224416,-20.95771812214335],[55.56512703097239,-20.957298749199357],[55.56570969861452,-20.956302731817864],[55.56659784893136,-20.95453329589963],[55.56639170326895,-20.953863078116992],[55.56659989487077,-20.95361188807172],[55.566889840589305,-20.952349623771443],[55.56692821391373,-20.951652553737276],[55.567944807981405,-20.950831810269808],[55.568300824748825,-20.94979955026204],[55.56861571723494,-20.949349610556116],[55.56960683085653,-20.948778872429273],[55.57005726877492,-20.947523366372746],[55.57077944639607,-20.94691694133378],[55.571647874845155,-20.94670650601966],[55.5727048799312,-20.94547142671674],[55.573033943512975,-20.945451595779883],[55.573948050182715,-20.944377013816567],[55.57439968555939,-20.944208246787213],[55.57484342595678,-20.943248068022637],[55.57545314598199,-20.9425304713276],[55.57617758285331,-20.942188724738298],[55.57678052214816,-20.941373502990693],[55.576900641134706,-20.940669882482755],[55.5776804709664,-20.939552602449208],[55.57716487341843,-20.93885994131816],[55.57769917152675,-20.938285340555186],[55.57757734395019,-20.93784709744537],[55.57674648723506,-20.937852816207933],[55.57683262574233,-20.93718323968997],[55.57727284914344,-20.93710018797515],[55.57741200004778,-20.936213342525605],[55.57683487005775,-20.935826407742372],[55.576717635133015,-20.935309609866785],[55.576197147238936,-20.93432240940559],[55.57636291999387,-20.933569484522124],[55.57572927471227,-20.933567810892153],[55.5754330141114,-20.932867038867567],[55.57454821231167,-20.931768389142505],[55.57425688385646,-20.93075057636046],[55.57369467241823,-20.930009638724968],[55.57365105302164,-20.929234189295123],[55.57401335287646,-20.92874669062439],[55.57399868665717,-20.927756482675175],[55.5731511351608,-20.926891205770893],[55.5726175440864,-20.92668348827346],[55.57283454223203,-20.926106247291855],[55.57265267089555,-20.925309767721554],[55.57201701038711,-20.9250171824819],[55.57215168870478,-20.924502489040457],[55.57182924805367,-20.923929770251313],[55.572311532889486,-20.923361072251403],[55.57240197524025,-20.9228469118383],[55.5720370525365,-20.922191632242612],[55.572293875569784,-20.921368106488366],[55.57151742771133,-20.920613627878232],[55.57170242286269,-20.920166204223083],[55.57227573430602,-20.920136671228704],[55.572490558436066,-20.91978796253673],[55.57237865013503,-20.918406688186394],[55.57264498975365,-20.91728784091849],[55.57216305556179,-20.917111269599616],[55.57184956349237,-20.916508814996295],[55.57212995845243,-20.915530107182366],[55.57223406814511,-20.914485786151637],[55.571957766108085,-20.914220597282675],[55.57199601251181,-20.913633730841244],[55.57252427507504,-20.9127745312484],[55.57253205383546,-20.912359048943223],[55.57205250299391,-20.91162783263017],[55.572080492963934,-20.911108632489608],[55.57277710827182,-20.910541721906664],[55.573012506434885,-20.90974421139077],[55.573924602369864,-20.907739132398685],[55.574065132550814,-20.907009483437033],[55.574531404908576,-20.9062970063536],[55.5750274726391,-20.905890113663723],[55.57531017487769,-20.9047641681966],[55.57573884904793,-20.90446872834952],[55.57630310034552,-20.903559225087214],[55.57638483482565,-20.902640279741828],[55.577073830125876,-20.90216181476937],[55.57730142198985,-20.90147444152166],[55.576410723039736,-20.900609728756187],[55.57656314247328,-20.899840427185374],[55.576109183175426,-20.898843845785464],[55.57609967751972,-20.898119266903862],[55.57562404553963,-20.897790091437386],[55.57545821333109,-20.89723042894015],[55.57562501537645,-20.896566941725222],[55.575437474345215,-20.89606672044301],[55.57526029841829,-20.89467225278921]]]},"properties":{"ID":"COMMUNE_0000001400385494","NOM":"Sainte-Marie","NOM_M":"SAINTE-MARIE","INSEE_COM":"97418","STATUT":"Commune simple","POPULATION":35584,"INSEE_CAN":"23","INSEE_ARR":"1","INSEE_DEP":"974","INSEE_REG":"04","SIREN_EPCI":"249740119"}},
{"type":"Feature","geometry":{"type":"Polygon","coordinates":[[[55.46478596537739,-21.085662796130258],[55.4640562033221,-21.084932636623527],[55.463471787297976,-21.083453137141483],[55.46338149817664,-21.08296724006591],[55.46122090129808,-21.082298176726542],[55.4605168539293,-21.08253207139155],[55.45955445285647,-21.082152075094857],[55.45923260988844,-21.082188898568514],[55.45847562858516,-21.08176920927595],[55.45741765301509,-21.079739788769988],[55.45566402390073,-21.079185464517977],[55.45494049157312,-21.07907048093426],[55.45487684187454,-21.07861734243875],[55.45371263168654,-21.077839827066008],[55.45302852165387,-21.07652017822768],[55.45247506962783,-21.076060767093367],[55.45226097891178,-21.075451789950648],[55.45108818050114,-21.073648922512987],[55.45065791819228,-21.07281936969019],[55.44962771023375,-21.071376409375222],[55.449194078210866,-21.070965958595682],[55.44831101610323,-21.07064805331039],[55.44682384324439,-21.069656168123963],[55.446584643405934,-21.069243876846418],[55.445899612305915,-21.068948547890336],[55.445693420114566,-21.068601595960917],[55.44415233546736,-21.06724516199743],[55.443730879445965,-21.06631450412163],[55.444718983643334,-21.065689435628347],[55.44548333791841,-21.064925009368988],[55.446498935177644,-21.064616339762622],[55.44770255846207,-21.063529826027096],[55.448684587892245,-21.063116051601366],[55.449433707829094,-21.062425537894992],[55.4519721031477,-21.06124006700245],[55.45278010995282,-21.06052929769643],[55.4526830626324,-21.05958445194931],[55.45425814675742,-21.057650349622918],[55.45434733687215,-21.057213957759803],[55.45385550731231,-21.05647779736373],[55.45353226861245,-21.055258091690554],[55.45368012071915,-21.054452779058355],[55.45409030878659,-21.054055441646238],[55.45435090154817,-21.053327935770593],[55.45402669743635,-21.051829098059205],[55.454171932629556,-21.050251427228478],[55.45473048702341,-21.048996385625397],[55.453935447259774,-21.047992797024904],[55.45424690665689,-21.04709051022178],[55.45437435051802,-21.046210034883437],[55.453990129267744,-21.045679003747605],[55.45376962904923,-21.044948022711157],[55.45376760846084,-21.043652651563573],[55.45415937070756,-21.042706832324505],[55.45384152822799,-21.04180514267837],[55.45411667718345,-21.040597204096645],[55.45432814778678,-21.04033806956966],[55.45424769279008,-21.039369887523875],[55.454433984470285,-21.038566728039136],[55.454201129962975,-21.037728140591028],[55.45415045391715,-21.036764745738946],[55.45388970888968,-21.03620502867063],[55.45399442417259,-21.035288212846808],[55.45423749339502,-21.03457680426223],[55.454290341920604,-21.03346440011733],[55.45404751503772,-21.032473964760506],[55.45373959179249,-21.032011376661735],[55.453809309689156,-21.030476374188193],[55.45563339625846,-21.029740491236105],[55.45643719539137,-21.029605970019773],[55.45780964872321,-21.028719624222397],[55.45916295907841,-21.02800923986341],[55.46038475170844,-21.027737569087442],[55.460609932401276,-21.027358407674246],[55.461774312224804,-21.026586671492378],[55.461934646700875,-21.025119325582445],[55.46139205541986,-21.024272524010954],[55.461061262608936,-21.02322529435087],[55.46102869820708,-21.022648682300535],[55.460647317437676,-21.02146910965303],[55.46066343300112,-21.021023919351276],[55.46013335498544,-21.01999114413001],[55.460408367573955,-21.018317977195142],[55.46059717710766,-21.018106502800762],[55.460902414077005,-21.016955726355622],[55.46061652955856,-21.01650238310162],[55.46109154322657,-21.01502523721483],[55.45982776982193,-21.013399568541065],[55.459064907172916,-21.013210190025738],[55.458772413090315,-21.012465012234525],[55.45881131450613,-21.011955892670052],[55.458320975955125,-21.01164703164717],[55.45832895203762,-21.01105813991474],[55.45772859182462,-21.010222548793976],[55.4573491502888,-21.00923358805048],[55.45690595521797,-21.00855117689031],[55.45706321570615,-21.007945572641237],[55.45660161005691,-21.00727654370897],[55.45607446975732,-21.006993539545064],[55.45439425460483,-21.00462333573175],[55.45368347213934,-21.004239291844137],[55.45260886665421,-21.002289197377614],[55.45177229801601,-21.00132497580806],[55.450516801204266,-21.00012930140337],[55.44951780228789,-20.999340641406334],[55.44937557840754,-20.999047574333915],[55.4481203536514,-20.998666678432762],[55.44662450575831,-20.997742491297284],[55.44522540490139,-20.99760235071185],[55.4435197032163,-20.99576838853796],[55.44170256774495,-20.994387758856643],[55.440864946210745,-20.993628531777883],[55.44002781650772,-20.992545015378223],[55.43843960403667,-20.990801512200754],[55.43738126837948,-20.99045847994557],[55.436738622774826,-20.98982297112619],[55.43580914237562,-20.989669001840813],[55.43455235546598,-20.99037197332437],[55.43394226928293,-20.99030493800447],[55.43324382499118,-20.99050175826613],[55.43135762138818,-20.98957927300877],[55.42858637039908,-20.98931615032649],[55.42772015955302,-20.98900012525333],[55.42517085898771,-20.9877525817578],[55.42450169503817,-20.986442011678612],[55.4226575231484,-20.98519101912456],[55.42138833365009,-20.984509907019472],[55.4193666799523,-20.983037731988198],[55.418265196527315,-20.983057315579575],[55.417525327891646,-20.982896880537165],[55.41651933268624,-20.983073612371147],[55.41491727327938,-20.98276965199825],[55.41356353913389,-20.982722722693822],[55.412591220515935,-20.98253390540839],[55.41232311479336,-20.98278433245309],[55.411361269433044,-20.98296957480019],[55.4095232256445,-20.98306262432715],[55.40842709481999,-20.98366663290053],[55.4078783832709,-20.983802420101796],[55.40538672251972,-20.98349276222651],[55.403136383307086,-20.98346445204454],[55.40292420754136,-20.983337806672772],[55.40411251643697,-20.980848598704178],[55.40399786638442,-20.980233277443492],[55.40455028896326,-20.979112934742368],[55.404384650328595,-20.977864822654016],[55.40482802885683,-20.977140007740115],[55.40507173999174,-20.975835206866474],[55.40416514565332,-20.974443757193026],[55.40332164817745,-20.972908365881644],[55.40422541254457,-20.972209544411513],[55.40425430082004,-20.971300186376798],[55.40515611948964,-20.969876889536533],[55.40543488820056,-20.968257160552117],[55.40606722923418,-20.967394095246135],[55.40611614809432,-20.966589706655395],[55.405706089851684,-20.965717793733802],[55.405582894694156,-20.964729327274124],[55.405136413992096,-20.964209362071703],[55.40520510402781,-20.962901113594615],[55.40580354228653,-20.962603200517854],[55.40598112671894,-20.962180307032387],[55.405787843128394,-20.96163470870897],[55.4061083887802,-20.960335137391066],[55.40659689011566,-20.95988353391953],[55.40663206626814,-20.959195542452527],[55.40687886642529,-20.958774197729237],[55.407071969883454,-20.956794144973866],[55.40547872028399,-20.954417102954782],[55.40349842440632,-20.95100213830464],[55.403387496177885,-20.950218835725323],[55.40306588535834,-20.949716295570664],[55.402258527393315,-20.949499166430993],[55.40156920144798,-20.949124157896765],[55.40079603360422,-20.94958120919279],[55.40052479058052,-20.94931670663347],[55.40045419245711,-20.94844977364475],[55.39924972478693,-20.946513527550664],[55.39901290762719,-20.94590608967056],[55.39816093624152,-20.945817696464967],[55.39783487094684,-20.94492307106918],[55.39686226171995,-20.94478656664172],[55.39653103851893,-20.944557626936945],[55.39618182691647,-20.943309588897822],[55.39461414464862,-20.941268729013903],[55.39333175738129,-20.940429229181703],[55.39258015889253,-20.939678729515837],[55.39190686421868,-20.93843937386556],[55.39171717477409,-20.93738433272791],[55.39180555923808,-20.935950717868742],[55.39233905423732,-20.934342442315632],[55.39232229710413,-20.934020707803818],[55.39179466021841,-20.933279542416173],[55.391603776466894,-20.932426830057576],[55.390852766383475,-20.932075591123688],[55.39053805597746,-20.931654393280734],[55.39038557621132,-20.929907770233726],[55.39019468249789,-20.92932695135989],[55.38926478569517,-20.928892721613277],[55.38937979521837,-20.928027537695105],[55.389130986020945,-20.926839150538648],[55.38866037659586,-20.925713707471726],[55.388988023077076,-20.924653610103192],[55.388747453815725,-20.923774230506226],[55.38945917457683,-20.9232994848157],[55.38914141304407,-20.922356146018565],[55.38826038550246,-20.92194134352055],[55.38756672768827,-20.92126725133741],[55.38683531331278,-20.92079785004936],[55.38599744609464,-20.9206634687985],[55.38547833306747,-20.92021052175316],[55.38525587982206,-20.91907838444698],[55.38367798100671,-20.91748809289103],[55.38277310833111,-20.916073984642708],[55.38189413501119,-20.91502505237237],[55.38132278895243,-20.91344066330856],[55.38119879346828,-20.91254341092883],[55.38078429141942,-20.911842131303523],[55.38040539245274,-20.911585613728004],[55.37958054633707,-20.91149739592887],[55.37910108875749,-20.911116169021785],[55.37898625403146,-20.910530642136745],[55.379133038810906,-20.908948544744586],[55.3789744449275,-20.908320147310615],[55.377970437982384,-20.907015279938054],[55.37758312394696,-20.905933961401534],[55.376924839957795,-20.90519964619859],[55.376989965015895,-20.904596858588516],[55.37740625110902,-20.903252181300587],[55.377015696101964,-20.902205156546973],[55.3771961596771,-20.90169289115124],[55.37652384633707,-20.900924116442706],[55.3766875844798,-20.900090116649007],[55.37650405514349,-20.89954729433104],[55.375829026350516,-20.898764038792198],[55.37577388570888,-20.89843922886591],[55.37615786471377,-20.897594676380145],[55.37594680478644,-20.896394890456673],[55.375671970530064,-20.8960300537875],[55.375034736817724,-20.895755714830393],[55.3732549891625,-20.896514719908257],[55.371032431006064,-20.89715295899229],[55.370106299095134,-20.89755061388927],[55.36878329613574,-20.898380769769453],[55.36749265979836,-20.89959422303164],[55.368111633000424,-20.900134889393904],[55.36727694684963,-20.90140689180905],[55.3640339889906,-20.904917705916734],[55.36272921175387,-20.90609665625009],[55.360293280810765,-20.90777600724154],[55.358908010326736,-20.908572961126275],[55.35759523588844,-20.909155615539984],[55.35584357323353,-20.909785522912436],[55.352318026136615,-20.91140367441062],[55.35151449131673,-20.91227030884716],[55.35067748933279,-20.914262118961606],[55.3497931460977,-20.91407743364433],[55.34795106302148,-20.91707300584617],[55.34548779496717,-20.92024861243944],[55.34487185510059,-20.920745775321656],[55.34428576483911,-20.921675901223633],[55.34326147757702,-20.92241208181799],[55.3416762931657,-20.92292150213121],[55.340600041755096,-20.923747489504724],[55.33890437073648,-20.92433529796366],[55.33645225505484,-20.925514598045492],[55.334698206709035,-20.92598797945688],[55.33352989145711,-20.92609219798612],[55.332747228395135,-20.92644586945532],[55.33202625206528,-20.92713254897927],[55.33133226325323,-20.92755211645716],[55.33025210635629,-20.927594846870278],[55.33027558166911,-20.928252667848845],[55.33003269836192,-20.92908763645661],[55.329617842802065,-20.929737554704797],[55.32942284814505,-20.931195353490658],[55.32946478310847,-20.932529011361634],[55.32513403512288,-20.937055364120248],[55.32588757983153,-20.937684217739253],[55.32620574780829,-20.937345898573184],[55.33015399892111,-20.940780029026897],[55.32966432701384,-20.94158367383515],[55.32727773261939,-20.947045018283802],[55.326497738496954,-20.948703921163684],[55.32511591394719,-20.951906035904038],[55.324029385802525,-20.95431795799135],[55.32014682441534,-20.96315446013691],[55.32030679296638,-20.963641096876824],[55.32095711107404,-20.964567041449843],[55.31986926797286,-20.966995170649483],[55.318855734026776,-20.969052776567903],[55.3215056707989,-20.969440209645168],[55.32315419152232,-20.969768973803962],[55.32415561424027,-20.969828505578114],[55.32560990858358,-20.970500388861193],[55.333504405764224,-20.97103122674911],[55.336388646207695,-20.971110897604703],[55.33775501092001,-20.97156593766887],[55.338613174570305,-20.97205937037353],[55.3422108944524,-20.97284955781372],[55.343788840191856,-20.973133179041977],[55.345028857487584,-20.97310096712802],[55.346816838565545,-20.973176135081616],[55.34931778115199,-20.973572536910456],[55.350936400766564,-20.97427109600147],[55.351495449249384,-20.974683888767807],[55.355116265683215,-20.975661918077112],[55.356059706643315,-20.976192222039156],[55.35763268240275,-20.977640913587916],[55.35811045805081,-20.97766087501956],[55.35973337038301,-20.97982453247879],[55.3606625732208,-20.9804296490382],[55.36158208102545,-20.981218938870974],[55.364506770644,-20.982729347297493],[55.3658871761023,-20.98403430381779],[55.36671513130178,-20.985464026966987],[55.368009595076366,-20.98636166270197],[55.36897072976537,-20.987310294642732],[55.36984979782721,-20.987579763508553],[55.37120972039853,-20.988653242192953],[55.37280848831863,-20.991031542362936],[55.37287294936234,-20.991828862902977],[55.372779293743996,-20.993459314919455],[55.37288304300751,-20.994359082900793],[55.37318182829729,-20.995279683841634],[55.37403119617914,-20.99669783880083],[55.37546065004684,-20.998111591146138],[55.37642109573398,-20.99877925571832],[55.37901036001676,-20.999329650655078],[55.38113797559032,-20.999251440161906],[55.38318685393002,-20.998177926314497],[55.384070430114754,-20.997947846340868],[55.38538224722857,-20.998414652658877],[55.386413295401454,-20.999140744021425],[55.38741571628857,-21.00011496511733],[55.38852778098352,-21.001718914019435],[55.38869748234866,-21.00230856728315],[55.390007465588724,-21.004027293765482],[55.390820342997976,-21.00447217811943],[55.39251112895787,-21.004680559975405],[55.393745555863596,-21.004297474228338],[55.394633431715114,-21.004566905579708],[55.3956646636177,-21.00555400037954],[55.39624627434416,-21.007118577438487],[55.39627866683517,-21.007687961307237],[55.39667284551839,-21.008069255085598],[55.39825732597553,-21.008057982070767],[55.39881394840444,-21.008181553162256],[55.400204333911034,-21.008961533330357],[55.400898925423824,-21.009949950439584],[55.401258372517546,-21.011154718211554],[55.40092312992225,-21.01246225658328],[55.40043845558845,-21.01325802424733],[55.40056745536061,-21.01406136762642],[55.40251413023569,-21.01563694938067],[55.40294303241188,-21.016193796720163],[55.403196328291564,-21.016889909615294],[55.40315717906146,-21.017585083584102],[55.40359855929412,-21.019048960579955],[55.40428480991666,-21.020194462576416],[55.40437822953472,-21.02072738316719],[55.40323613016725,-21.021825013620557],[55.40305213526486,-21.022299325144587],[55.40345786424704,-21.02331754070236],[55.40323181991632,-21.023855591797783],[55.40220288837447,-21.024351774981227],[55.40192957830578,-21.024630132869635],[55.401786277523506,-21.02588888875905],[55.401421745661686,-21.026330788604604],[55.40077563871274,-21.026652610589018],[55.39759850067154,-21.027852990573237],[55.39755873363059,-21.02851292641967],[55.39918108137518,-21.0298407013952],[55.40019750921677,-21.030430186463708],[55.40035379829809,-21.030840851260958],[55.40018379543164,-21.03180487742398],[55.40088790711204,-21.03245103741404],[55.40121342892128,-21.03296175295283],[55.4011977730509,-21.034158476077568],[55.401772793138434,-21.03482148478723],[55.402673588681274,-21.03534121912821],[55.403255219423336,-21.036016931643164],[55.403426298145625,-21.036575874084818],[55.40231440555485,-21.03843706032343],[55.40217452872903,-21.039192709239728],[55.40284341409051,-21.040529554954844],[55.40337339142515,-21.04108825686638],[55.403391682027674,-21.042080250273564],[55.4027653356227,-21.04324955499364],[55.402611619464224,-21.044670804145714],[55.403092107917615,-21.046081755322597],[55.40279411481754,-21.046505310806243],[55.402101441372736,-21.0467643672635],[55.4017773028634,-21.04720303085859],[55.402109630851676,-21.048611687279255],[55.40169423845906,-21.04948578454985],[55.40203974256995,-21.049930747043067],[55.40281352008837,-21.050278566761374],[55.403981495796096,-21.05137892084523],[55.40395894538586,-21.052140188779944],[55.404823787659495,-21.052612607514586],[55.404777659288506,-21.053148733140876],[55.404415016144604,-21.05367827256977],[55.40447401192006,-21.05428222945585],[55.40521112058381,-21.054552011549582],[55.406426748239035,-21.05443515278351],[55.40674783641459,-21.054645020242656],[55.406599849144186,-21.055349107802886],[55.4060664285621,-21.055830980254292],[55.40598563561909,-21.056550150318795],[55.406811530287555,-21.056887603480067],[55.40784009187806,-21.056989385448237],[55.40908284773218,-21.057490619245574],[55.4098264986471,-21.058233772371075],[55.41198712850982,-21.05902360073288],[55.41262279785328,-21.059425188926145],[55.412936559097574,-21.060146244725598],[55.41373571659642,-21.06055838996942],[55.4145259469539,-21.06126853733495],[55.414841641005474,-21.062080841523702],[55.416089223704766,-21.062950618892355],[55.41658915671602,-21.06345029034332],[55.41703462204178,-21.06436858414328],[55.41748138455572,-21.0657105370419],[55.41732336545007,-21.067184153686792],[55.41739104677793,-21.067790899174877],[55.41613058789264,-21.068677927474823],[55.41523664489668,-21.06957740057083],[55.415217683648535,-21.070004484183457],[55.41429972596501,-21.07144299677736],[55.41367447884047,-21.071596135241137],[55.41303003021162,-21.072379594152768],[55.413208740150075,-21.073132809275396],[55.41234793992433,-21.07344452711095],[55.412154702964585,-21.074331564706892],[55.411548120239004,-21.075444171309055],[55.41100294418859,-21.075486942619182],[55.41086369111813,-21.07636454714807],[55.410342592596045,-21.07658639443776],[55.40976522168497,-21.077122060081926],[55.4088931679036,-21.077131952083224],[55.4082642175366,-21.077449434141933],[55.40801924250481,-21.078040601866746],[55.407090972698185,-21.07926127672303],[55.40692904925169,-21.079734890218443],[55.40627781322315,-21.080335789553526],[55.4049689919044,-21.081048837493324],[55.40460303259507,-21.081521433339482],[55.40473860883354,-21.081984291720634],[55.40455103075639,-21.08278646029412],[55.40372146553197,-21.084131792426096],[55.404141888095076,-21.084328149281244],[55.40435397191272,-21.08483689226544],[55.404928965377394,-21.085430344049374],[55.40550825080473,-21.085712197766924],[55.407076206667305,-21.085884100837614],[55.407787170978345,-21.08564146551047],[55.40852582159002,-21.08560052173633],[55.409166142445045,-21.086207219129026],[55.40884687578682,-21.086542960821763],[55.40898990182576,-21.087482826504353],[55.40970598347264,-21.087392888415607],[55.41035854250982,-21.088840665179482],[55.41137696133068,-21.089374117926276],[55.411797072070854,-21.090326513129867],[55.41321809154789,-21.090563830348536],[55.414012648530424,-21.09088018921931],[55.41435210744136,-21.091997128227096],[55.41643708070448,-21.09343388157577],[55.41701312340628,-21.094117635733074],[55.4173704492151,-21.09482283294987],[55.41908801208776,-21.09587583909409],[55.420471306360625,-21.096137136156784],[55.420752368218174,-21.09659230642917],[55.421873978210094,-21.09702458867571],[55.42266259318574,-21.095903705244524],[55.42337928356293,-21.09575951886603],[55.42396151571446,-21.095860680662383],[55.42527372019963,-21.095562135474054],[55.42555078945181,-21.094388611053915],[55.42602554312932,-21.09400188873983],[55.427318668018266,-21.09185680205277],[55.4285049486814,-21.091355625562205],[55.430178800865015,-21.092359338407572],[55.430847811372495,-21.09235378631861],[55.43152695875795,-21.092116176585524],[55.43235487959531,-21.092560126127733],[55.43387329220956,-21.092327552134783],[55.434021861290255,-21.09293775034235],[55.43524736839512,-21.092641938070006],[55.43527568243897,-21.092052341975773],[55.43571916515601,-21.091615620457922],[55.43644772889535,-21.092173353768523],[55.437519373288325,-21.092323241686927],[55.43788984842618,-21.092700622312996],[55.43927501782785,-21.091954598342927],[55.439706156809166,-21.091408452234617],[55.440551364744735,-21.09139725591764],[55.44153864875014,-21.090407274035808],[55.44218496431789,-21.09008531102959],[55.442376992162046,-21.08948456926584],[55.44199018570236,-21.088919160455188],[55.44205673818422,-21.08816731761127],[55.44125128600776,-21.08722951305082],[55.44146963246301,-21.086320083213934],[55.44207702924917,-21.086036604182212],[55.44315913477331,-21.086010405734363],[55.444052212760646,-21.08676021418622],[55.44447595812827,-21.086181467042156],[55.445465870332086,-21.085858123649032],[55.44563914755841,-21.085207523189684],[55.446077019943665,-21.085305478419155],[55.446513400425154,-21.08480633229193],[55.44801372206508,-21.084175101324714],[55.4486712775129,-21.08378636916445],[55.449402958762285,-21.083766861823378],[55.450417444478035,-21.08394866254658],[55.45116295804254,-21.084266208449037],[55.452116567036605,-21.084471832886035],[55.453833380537205,-21.085053863188122],[55.45496522137308,-21.085616097381106],[55.455683540833,-21.08642477770562],[55.456467631314794,-21.08673723273059],[55.45806038615813,-21.086940509287036],[55.458785142694396,-21.086940772110758],[55.46078809119259,-21.086193851593716],[55.46223634760663,-21.086035355971855],[55.463939105976756,-21.085743655317003],[55.46478596537739,-21.085662796130258]]]},"properties":{"ID":"COMMUNE_0000001400385496","NOM":"La Possession","NOM_M":"LA POSSESSION","INSEE_COM":"97408","STATUT":"Commune simple","POPULATION":36390,"INSEE_CAN":"03","INSEE_ARR":"4","INSEE_DEP":"974","INSEE_REG":"04","SIREN_EPCI":"249740101"}},
{"type":"Feature","geometry":{"type":"Polygon","coordinates":[[[55.6286898426464,-20.910646533228185],[55.63060424581482,-20.911893199423425],[55.63076468813994,-20.91254130616501],[55.63021798866763,-20.914830605161576],[55.62999564988265,-20.91760852190661],[55.62998453260645,-20.919572380244702],[55.62967412889909,-20.920824683580644],[55.62977917525464,-20.92323032237449],[55.62973004056273,-20.92429862555019],[55.62947928142379,-20.92554598578568],[55.629705155962505,-20.92576641670298],[55.63054529568736,-20.925791225960175],[55.6326213169373,-20.925567568188068],[55.63374609759637,-20.925164632392935],[55.635225724483234,-20.925923563209324],[55.6359193912253,-20.92651540144281],[55.63616705185245,-20.92741082370675],[55.63584621293291,-20.927801230550003],[55.635784064257514,-20.928399675089185],[55.63634146568615,-20.929069017055582],[55.637537756321926,-20.928628686451194],[55.63822179866068,-20.928691961436652],[55.639072112043564,-20.929295878064725],[55.639394280038864,-20.929929006582352],[55.640076560117826,-20.93018829415419],[55.64104118376762,-20.929847271750525],[55.64156984156039,-20.92997524329415],[55.64172662138519,-20.93039656355938],[55.641650121635394,-20.93120267470696],[55.64183042022719,-20.93200179563729],[55.64239593277698,-20.933162623674992],[55.64197637306608,-20.93394432424691],[55.642626654230924,-20.934342468706184],[55.64362179189427,-20.934566289283335],[55.64449636118585,-20.934404305726137],[55.64460891096727,-20.935360978047296],[55.64584710471271,-20.93539700606843],[55.6462679319845,-20.936719283483676],[55.646062049304646,-20.937693303022918],[55.646409679446876,-20.938601250186565],[55.64625240076772,-20.939302833828343],[55.64571926144392,-20.939348289010965],[55.64521798480567,-20.93980684104641],[55.645376044976835,-20.94115684516104],[55.6448525114591,-20.941843774525218],[55.645492213340894,-20.94213974348314],[55.645603786428026,-20.942457716272955],[55.644872003987494,-20.942669620095465],[55.6438685854371,-20.94218466142031],[55.6435694274873,-20.942194930487986],[55.64251251990876,-20.943377179945795],[55.64243727601644,-20.944043276165914],[55.64189158642225,-20.944092232164515],[55.64087488348101,-20.94284198704479],[55.6402971995394,-20.942707297046436],[55.639957388849076,-20.94317253927777],[55.64076238966305,-20.943905272779773],[55.6410303367688,-20.944583135953145],[55.64034820828537,-20.945364544484338],[55.6383666114755,-20.946814019707688],[55.63830290756316,-20.94758409364065],[55.637783147823065,-20.948591727908077],[55.63714195273958,-20.949521602650904],[55.636738626625494,-20.950625921339793],[55.63715505437586,-20.951260711104556],[55.63698514100345,-20.951758018098083],[55.6357382756274,-20.951603507686748],[55.63541688208744,-20.95077615224123],[55.634472361779316,-20.95111097247694],[55.634513574066524,-20.95155034403567],[55.63511493826063,-20.95193999693121],[55.63431341044816,-20.952942652881106],[55.63406350529803,-20.953775372092462],[55.63259478539092,-20.95337514907435],[55.632095954382585,-20.95397821764955],[55.63100527225098,-20.95377975596602],[55.630633993925805,-20.954103797175694],[55.63043126002693,-20.955034453344044],[55.629627582276434,-20.955845551707988],[55.628523159338144,-20.955992956117143],[55.62789670278928,-20.955718710316145],[55.62701513227742,-20.955894999302537],[55.626492146346806,-20.955453553838975],[55.62569811184824,-20.955101163438915],[55.62567256240232,-20.954529121209884],[55.62480398638705,-20.95402074569592],[55.62483794495004,-20.95367231689553],[55.62427615425374,-20.953058911073235],[55.62317896457863,-20.952732971785867],[55.6226719528534,-20.95307035306963],[55.62229598224171,-20.953695161036762],[55.62168824312178,-20.95400462406727],[55.6207327003817,-20.95511708112067],[55.620162156513906,-20.95524977793394],[55.6198874221861,-20.955635101629554],[55.619897821528546,-20.956493390274677],[55.61895708901088,-20.957351204459226],[55.61755241093068,-20.95730910633839],[55.61712723895774,-20.95742400024233],[55.61641459543593,-20.958261968195515],[55.61570409363957,-20.958657297991333],[55.6151902583722,-20.95920960205833],[55.614523334826714,-20.959467064686212],[55.61408738681457,-20.960019997988013],[55.613572337655455,-20.95997244843688],[55.61249686004205,-20.96041809438996],[55.61203423374343,-20.960942800277184],[55.61104918219644,-20.96169722188607],[55.61106383586229,-20.9629223109804],[55.61055482043048,-20.963990462670257],[55.60864030239476,-20.965097733970655],[55.608094104977255,-20.964984870314947],[55.60756904802533,-20.965393421386185],[55.6071245386103,-20.965308486345226],[55.605867965773136,-20.965674917790913],[55.60550449195502,-20.965978186213697],[55.60489354888748,-20.966002094450488],[55.604106876518735,-20.966307315461542],[55.60348093707113,-20.966081766328237],[55.60311402898249,-20.966650591200867],[55.601989068083704,-20.967548347951755],[55.600745068474566,-20.966870551453326],[55.599529269471006,-20.967709729936267],[55.598888692197846,-20.967713498680773],[55.59712395754251,-20.969040479418705],[55.59581750140607,-20.969490436183886],[55.59478033000541,-20.97055869778084],[55.59402216576382,-20.970690659060633],[55.59352496089374,-20.970994603341076],[55.593138088607326,-20.971841475321792],[55.59327143577279,-20.972494804900926],[55.59243591981119,-20.972874544948244],[55.59144062660943,-20.974292730998645],[55.59104254075553,-20.975307529734934],[55.59005207733554,-20.976105135762868],[55.589576342626756,-20.976783236773176],[55.58852263081251,-20.97724696872852],[55.587263011823694,-20.978536465664074],[55.586767846458045,-20.97943752676125],[55.58531002391836,-20.980627799900017],[55.584875106835156,-20.981155363478567],[55.58434088478499,-20.98221779315628],[55.58279500261404,-20.983867120312816],[55.58234565134538,-20.9848010680101],[55.58127393087559,-20.9859412169002],[55.58097312681288,-20.986116672590946],[55.580208360230344,-20.987243110562993],[55.579487479574134,-20.987796277970084],[55.578893166037155,-20.988493228848476],[55.578755908378476,-20.989072039214154],[55.579030414291566,-20.99015203610127],[55.57895719167543,-20.990469407045882],[55.578085040525984,-20.991453109765022],[55.57743583171595,-20.991748505177124],[55.57723080400639,-20.9922707393224],[55.57645035597455,-20.99250812251114],[55.57498797002091,-20.992737989300544],[55.574049022504084,-20.993458233463805],[55.5761912320016,-20.99559001572177],[55.57658259023919,-20.995809190506456],[55.57725684502659,-20.996628751059337],[55.57839551691011,-20.99747115861129],[55.57904049181656,-20.9976255973921],[55.57947193479424,-20.998082683496804],[55.57924900001996,-20.998667101845527],[55.58022667629429,-20.998836959882233],[55.58154677121829,-20.99972422203775],[55.58308950266465,-20.99985541057611],[55.583788249604645,-20.999206290668617],[55.58416916150052,-20.999107379791003],[55.58502564841712,-20.999480361693703],[55.58533904838858,-21.000114414358045],[55.58498773835391,-21.000950714492568],[55.58506205103561,-21.001333452943307],[55.58573356766605,-21.001838591247367],[55.5866844788488,-21.002299976011333],[55.58779031491578,-21.002655141495488],[55.58922675855281,-21.002942578681925],[55.59063177701478,-21.002889177035946],[55.5926586745887,-21.00248227282239],[55.5941303569077,-21.00178168326204],[55.595411683696724,-21.001683858453614],[55.59652066733212,-21.002321746194923],[55.59837705971623,-21.00255565727855],[55.59979447157688,-21.00251402537115],[55.601291150050244,-21.002121624748963],[55.6020118068767,-21.001798721103516],[55.60325148365429,-21.001007614820175],[55.60401388844737,-21.000642586648098],[55.607534015129325,-20.99947897767527],[55.608644211800105,-20.999056246937172],[55.61082318204579,-20.997903280181514],[55.61177030981306,-20.997219930967045],[55.61211520839615,-20.996435910605655],[55.61324782638877,-20.99483172633452],[55.61317260995461,-20.9942267608921],[55.61405441947603,-20.992070375514594],[55.614710761148935,-20.991099175653126],[55.6152063350348,-20.99066236288023],[55.615760021674,-20.990495224734417],[55.61810249385756,-20.990893665722997],[55.619477527004506,-20.990950890966733],[55.621784487479104,-20.990923506781193],[55.62340284848467,-20.991510238094133],[55.62425621829569,-20.99139066307039],[55.6245153785769,-20.99040175878415],[55.62513746702388,-20.989381456252968],[55.62597423465042,-20.988551687849302],[55.62721347174407,-20.987678184209923],[55.629416978250696,-20.98654413191165],[55.63063884822785,-20.985250393098],[55.63141052320345,-20.985013588144867],[55.632639556173565,-20.984303470484257],[55.63466021508947,-20.98264030692018],[55.635781991925775,-20.981874199145434],[55.63700906302744,-20.980845140260076],[55.63814042097166,-20.979762007318993],[55.63912732486436,-20.978377791175884],[55.63995225114928,-20.978415996879157],[55.64071228199423,-20.97807877946511],[55.64299207363678,-20.97773740955446],[55.64542876876928,-20.977701694630863],[55.6463847728629,-20.978137494313966],[55.648007869234895,-20.978088049465278],[55.649680820102674,-20.97837775147989],[55.65113286718153,-20.97831066024438],[55.65341862282024,-20.978375718145845],[55.65527263395192,-20.978856506832678],[55.656099173635624,-20.979253289588073],[55.65689879853775,-20.97997146000554],[55.660305787092625,-20.982448258959664],[55.66837564875361,-20.984770899593933],[55.672744403381984,-20.985231397088945],[55.67833869136072,-20.983283835706626],[55.67970314217637,-20.98257261106069],[55.684672057729195,-20.980511577673898],[55.687124905115994,-20.979845729831965],[55.689178252234875,-20.97965556889509],[55.691101146507656,-20.980085913372324],[55.700656688541784,-20.978616971805597],[55.700502714769954,-20.977179402211657],[55.699904382650914,-20.976295835973],[55.69943985455378,-20.975067289643913],[55.69888095310855,-20.972296832730912],[55.69837162502686,-20.97069032339628],[55.69790301747756,-20.968047931568616],[55.69711461841038,-20.965906284524724],[55.69638833335605,-20.964701024991303],[55.694569742667724,-20.96280082254883],[55.692913758869075,-20.96034445571024],[55.69169671880211,-20.95884452261836],[55.689922839105726,-20.956021351081066],[55.689272916793385,-20.95467301186322],[55.68816834678903,-20.95263640225593],[55.68745758465596,-20.950769041753134],[55.68618534907131,-20.94910694165897],[55.68559122359394,-20.94853413047508],[55.68417004080017,-20.946423689883165],[55.683518300281726,-20.945073510670372],[55.682295418210394,-20.94360599470532],[55.68064242849775,-20.9423899015557],[55.67930368616914,-20.94130992816936],[55.67586154588201,-20.93830115639121],[55.67481112115669,-20.937247779063426],[55.67197787728481,-20.934562559549832],[55.67086212874947,-20.933290031263557],[55.66967245569975,-20.932333106464004],[55.668939832084625,-20.931452010110792],[55.66818753491511,-20.930186816996244],[55.66657892272698,-20.926919347430605],[55.6659164171921,-20.926051434718204],[55.66500022388917,-20.92527548850951],[55.66387533342024,-20.92461444167622],[55.66248155186459,-20.924025359305986],[55.66125480157523,-20.92335988447455],[55.658352700081196,-20.92144541054183],[55.65621593827685,-20.920402359615338],[55.652469098259694,-20.918026737755756],[55.65198727974101,-20.917610087579636],[55.650579290514386,-20.916902456990467],[55.649922685043585,-20.91646454564839],[55.64857452934037,-20.91594889003895],[55.64688741765736,-20.915171267509123],[55.6437171301097,-20.91414426714307],[55.64307469599669,-20.913844661078727],[55.639998981631976,-20.912891519357455],[55.63858788246361,-20.91275290052345],[55.63663243119823,-20.91274091627443],[55.63511181632578,-20.912593264256333],[55.631716710166835,-20.91156515371868],[55.62931743129954,-20.910670541439924],[55.6286898426464,-20.910646533228185]]]},"properties":{"ID":"COMMUNE_0000001400385492","NOM":"Saint-André","NOM_M":"SAINT-ANDRE","INSEE_COM":"97409","STATUT":"Commune simple","POPULATION":57546,"INSEE_CAN":"91","INSEE_ARR":"3","INSEE_DEP":"974","INSEE_REG":"04","SIREN_EPCI":"249740093"}},
{"type":"Feature","geometry":{"type":"Polygon","coordinates":[[[55.46891734763976,-21.009781607202715],[55.465722146011245,-21.011042768255734],[55.465239673466726,-21.011562343078403],[55.46443899379388,-21.01206007486666],[55.46413389723854,-21.01263725284177],[55.462919394178044,-21.01408785666341],[55.46109154322657,-21.01502523721483],[55.46061652955856,-21.01650238310162],[55.460902414077005,-21.016955726355622],[55.46059717710766,-21.018106502800762],[55.460408367573955,-21.018317977195142],[55.46013335498544,-21.01999114413001],[55.46066343300112,-21.021023919351276],[55.460647317437676,-21.02146910965303],[55.46102869820708,-21.022648682300535],[55.461061262608936,-21.02322529435087],[55.46139205541986,-21.024272524010954],[55.461934646700875,-21.025119325582445],[55.461774312224804,-21.026586671492378],[55.460609932401276,-21.027358407674246],[55.46038475170844,-21.027737569087442],[55.45916295907841,-21.02800923986341],[55.45780964872321,-21.028719624222397],[55.45643719539137,-21.029605970019773],[55.45563339625846,-21.029740491236105],[55.453809309689156,-21.030476374188193],[55.45373959179249,-21.032011376661735],[55.45404751503772,-21.032473964760506],[55.454290341920604,-21.03346440011733],[55.45423749339502,-21.03457680426223],[55.45399442417259,-21.035288212846808],[55.45388970888968,-21.03620502867063],[55.45415045391715,-21.036764745738946],[55.454201129962975,-21.037728140591028],[55.454433984470285,-21.038566728039136],[55.45424769279008,-21.039369887523875],[55.45432814778678,-21.04033806956966],[55.45411667718345,-21.040597204096645],[55.45384152822799,-21.04180514267837],[55.45415937070756,-21.042706832324505],[55.45376760846084,-21.043652651563573],[55.45376962904923,-21.044948022711157],[55.453990129267744,-21.045679003747605],[55.45437435051802,-21.046210034883437],[55.45424690665689,-21.04709051022178],[55.453935447259774,-21.047992797024904],[55.45473048702341,-21.048996385625397],[55.454171932629556,-21.050251427228478],[55.45402669743635,-21.051829098059205],[55.45435090154817,-21.053327935770593],[55.45409030878659,-21.054055441646238],[55.45368012071915,-21.054452779058355],[55.45353226861245,-21.055258091690554],[55.45385550731231,-21.05647779736373],[55.45434733687215,-21.057213957759803],[55.45425814675742,-21.057650349622918],[55.4526830626324,-21.05958445194931],[55.45278010995282,-21.06052929769643],[55.4519721031477,-21.06124006700245],[55.449433707829094,-21.062425537894992],[55.448684587892245,-21.063116051601366],[55.44770255846207,-21.063529826027096],[55.446498935177644,-21.064616339762622],[55.44548333791841,-21.064925009368988],[55.444718983643334,-21.065689435628347],[55.443730879445965,-21.06631450412163],[55.44415233546736,-21.06724516199743],[55.445693420114566,-21.068601595960917],[55.445899612305915,-21.068948547890336],[55.446584643405934,-21.069243876846418],[55.44682384324439,-21.069656168123963],[55.44831101610323,-21.07064805331039],[55.449194078210866,-21.070965958595682],[55.44962771023375,-21.071376409375222],[55.45065791819228,-21.07281936969019],[55.45108818050114,-21.073648922512987],[55.45226097891178,-21.075451789950648],[55.45247506962783,-21.076060767093367],[55.45302852165387,-21.07652017822768],[55.45371263168654,-21.077839827066008],[55.45487684187454,-21.07861734243875],[55.45494049157312,-21.07907048093426],[55.45566402390073,-21.079185464517977],[55.45741765301509,-21.079739788769988],[55.45847562858516,-21.08176920927595],[55.45923260988844,-21.082188898568514],[55.45955445285647,-21.082152075094857],[55.4605168539293,-21.08253207139155],[55.46122090129808,-21.082298176726542],[55.46338149817664,-21.08296724006591],[55.463471787297976,-21.083453137141483],[55.4640562033221,-21.084932636623527],[55.46478596537739,-21.085662796130258],[55.46550140907686,-21.085632232959146],[55.46642761346817,-21.08588540610755],[55.46720667186438,-21.08640914258326],[55.467453773463895,-21.086903681414643],[55.46791280342936,-21.087193275046886],[55.46901781844606,-21.087374881022292],[55.46983593658008,-21.087845663121847],[55.47004406168761,-21.08829377801572],[55.470840467495606,-21.088629765829065],[55.47117651596963,-21.089087162488656],[55.471988074057734,-21.089730409108668],[55.47300738187335,-21.089824499831117],[55.47428610238904,-21.09100128426438],[55.475369683460215,-21.091117619015765],[55.47578955654704,-21.091757327516707],[55.47643379513091,-21.092010624504248],[55.477020841082364,-21.091831620099136],[55.47738892172162,-21.092548545246636],[55.47840587162187,-21.093348977595614],[55.4788822764048,-21.093921437651883],[55.479316670253695,-21.09493343541187],[55.47988365305132,-21.095307975321916],[55.479998458235976,-21.095755243207375],[55.47956122664866,-21.097574218044375],[55.47981336218344,-21.09899829984741],[55.48061195060736,-21.10026287519281],[55.481489961267975,-21.10034481274218],[55.48257055251244,-21.100099751181972],[55.48359724274858,-21.10089662968882],[55.48507819446608,-21.1015132849501],[55.48615539334231,-21.10169815015634],[55.48661502843264,-21.101936213095485],[55.486863025323544,-21.10244609184287],[55.488000755729445,-21.102738077657747],[55.48878902404304,-21.103794763011177],[55.48969480865752,-21.10436921610843],[55.49027370483069,-21.104428571543245],[55.490867604814774,-21.105098702908936],[55.49135165961343,-21.105303548368994],[55.49180663169641,-21.106576761536985],[55.49238978971091,-21.10697760318796],[55.49240071614282,-21.107897280346727],[55.4927159025988,-21.10862002953932],[55.493423232460366,-21.109690429281457],[55.49362154036257,-21.110357938924732],[55.494668975587025,-21.111401546939206],[55.49522732634113,-21.11140108524194],[55.49529893541829,-21.11088682818087],[55.49716173484981,-21.10772727725449],[55.49843491593564,-21.10633118439094],[55.49871154232577,-21.105626333102716],[55.49982786319657,-21.10479702869161],[55.501258530122314,-21.10333816911021],[55.501100226563324,-21.101751437065627],[55.50208979209603,-21.101079076320563],[55.502201299674994,-21.100710601923367],[55.50276241728305,-21.100334354962133],[55.50270651840207,-21.099957175194294],[55.50410273980173,-21.09923870910583],[55.50500338895643,-21.098118399324886],[55.50686191566977,-21.097562969303056],[55.50830202746956,-21.096590114729324],[55.50882428823222,-21.09634267983099],[55.50965656274725,-21.095413246327933],[55.50960974224555,-21.09499278793956],[55.50997908166821,-21.094538949905214],[55.51040236321829,-21.09466010071953],[55.51153968252619,-21.09431688526202],[55.51218027801249,-21.094460715314543],[55.51304336807151,-21.094203609683795],[55.5135988347109,-21.094293391674967],[55.51539664233827,-21.09373823494335],[55.51685979674897,-21.092956106700047],[55.51872430606023,-21.09120458436896],[55.519365624263074,-21.089429719992896],[55.52004297098132,-21.0883886708589],[55.52041522324418,-21.088121822201025],[55.52056789982787,-21.08747817558433],[55.52037537205922,-21.085633701495603],[55.521102625582294,-21.084799041236252],[55.52152232717766,-21.08391833771036],[55.52167744550973,-21.083221414054666],[55.522630317803525,-21.082442008233418],[55.5224962184292,-21.081305352280012],[55.52284164888818,-21.080731130489546],[55.52360261411701,-21.08027976359497],[55.524196185231105,-21.07933281430361],[55.52554335691314,-21.079654368245023],[55.5284417066839,-21.08362709572363],[55.528940822414704,-21.083474243825368],[55.52942176809215,-21.0837006331619],[55.53031494596803,-21.08321334521214],[55.53046219443837,-21.08292103697395],[55.53141361373719,-21.082578780739322],[55.5319241490337,-21.082046617939042],[55.53257536051184,-21.081694530366164],[55.53329420967111,-21.081609508691734],[55.53486778134456,-21.081128075154837],[55.53504844611962,-21.080862247584196],[55.53540305740425,-21.079051409854653],[55.53694202032231,-21.077874087299147],[55.53754552447718,-21.07757486456744],[55.538265333849445,-21.076897239720836],[55.538746830902504,-21.076771305591112],[55.53986299436158,-21.076997713276974],[55.53998764735678,-21.077341150693766],[55.54057456681569,-21.07735974901405],[55.542614592511285,-21.077696158524695],[55.54355373707151,-21.07742237926229],[55.54476195965608,-21.076794986488128],[55.54784263645324,-21.075324539651074],[55.550710623328726,-21.075435774745092],[55.55179993241415,-21.0740638638992],[55.55221984319588,-21.073040346630094],[55.55286903744678,-21.071595115347126],[55.55454701913332,-21.07094906866754],[55.557126948528385,-21.068988178276],[55.55755457042821,-21.068257393679076],[55.55873273143561,-21.067540207698066],[55.5597782241283,-21.066107341920805],[55.56022434761762,-21.064851862845416],[55.56143453636166,-21.06370222500259],[55.56140958810965,-21.061092248289846],[55.56171476396312,-21.059178836668384],[55.56166766719625,-21.056469302846445],[55.56119879292939,-21.055691163953146],[55.56114706386021,-21.054164973964333],[55.56120108608306,-21.05254934484069],[55.560820817379145,-21.05136454645926],[55.560800818307136,-21.050341788751563],[55.56146921018342,-21.049682586454434],[55.561539682713466,-21.049158338606727],[55.560919080686475,-21.04885046182513],[55.56100507967638,-21.047712069858843],[55.56160678515851,-21.04658075418815],[55.561136493036344,-21.0456526481795],[55.561254777921505,-21.04435824981128],[55.56115240228506,-21.043896675851375],[55.56025614626351,-21.04363795411603],[55.559574806958516,-21.0428444615725],[55.559716609635004,-21.042407540157754],[55.55959822951924,-21.041109330395724],[55.5587906405236,-21.040537891874457],[55.55845956588759,-21.041444754251753],[55.557678295353924,-21.041937676060044],[55.556967880616504,-21.040868406549734],[55.55630799210695,-21.040847445296325],[55.555528215061976,-21.04048670780086],[55.55549513047727,-21.039726712587406],[55.55497844857091,-21.038027643290274],[55.554618596740326,-21.037627111303067],[55.55452765641084,-21.037079813605203],[55.55407921000936,-21.03628828171786],[55.554166500520736,-21.03601711707328],[55.55507690256519,-21.035800828497358],[55.55558790707749,-21.03409603976971],[55.55631246517767,-21.032894419846603],[55.55758239982285,-21.0313098880545],[55.55826441927447,-21.029526141056103],[55.558685468537625,-21.02806448024457],[55.558627956716556,-21.025740580960708],[55.558701804495435,-21.024664415523386],[55.55889158020688,-21.0241393716167],[55.55954001975046,-21.02324151649668],[55.55971858671367,-21.022480602317778],[55.5603961474994,-21.022255985004925],[55.56088204635978,-21.021651239776762],[55.5615355651129,-21.01941917098022],[55.56210223214597,-21.018717542611054],[55.563782766656104,-21.018842852838677],[55.56456889153235,-21.01822979009942],[55.565157071597156,-21.018294373808363],[55.56624313241809,-21.01810750444447],[55.56757884323894,-21.017669791986037],[55.56805774800698,-21.016886101183843],[55.568846012752026,-21.015945118272573],[55.569517748642646,-21.015519869026654],[55.56991868379181,-21.014940577419424],[55.56962525277442,-21.014234398703863],[55.56970940108616,-21.013581982080215],[55.570205604204624,-21.013201324587396],[55.57155042473907,-21.012811532271066],[55.57202149768759,-21.012442401697992],[55.57208767971399,-21.011250530213303],[55.57169422706246,-21.01043962952998],[55.57205218449721,-21.010027091199312],[55.57295809550698,-21.0096570892843],[55.574141880115704,-21.009505312763707],[55.57565242291885,-21.009591135722633],[55.57586640305237,-21.009852189688928],[55.57673783528573,-21.00976914553551],[55.577947005091644,-21.008968945303174],[55.57928907364753,-21.008355936778848],[55.580451838949564,-21.008085600286613],[55.58109136900601,-21.007498332087863],[55.581384588371876,-21.00680699862923],[55.58241751512102,-21.00632779329459],[55.58334228404035,-21.006197280420693],[55.58495669226076,-21.005059833726175],[55.58425634579885,-21.004040441403706],[55.58396765559533,-21.00262247759552],[55.58425884201745,-21.001940154374743],[55.58506205103561,-21.001333452943307],[55.58498773835391,-21.000950714492568],[55.58533904838858,-21.000114414358045],[55.58502564841712,-20.999480361693703],[55.58416916150052,-20.999107379791003],[55.583788249604645,-20.999206290668617],[55.58308950266465,-20.99985541057611],[55.58154677121829,-20.99972422203775],[55.58022667629429,-20.998836959882233],[55.57924900001996,-20.998667101845527],[55.57947193479424,-20.998082683496804],[55.57904049181656,-20.9976255973921],[55.57839551691011,-20.99747115861129],[55.57725684502659,-20.996628751059337],[55.57658259023919,-20.995809190506456],[55.5761912320016,-20.99559001572177],[55.574049022504084,-20.993458233463805],[55.57247854517298,-20.9946347927591],[55.57163524687472,-20.995106498209598],[55.57124681245718,-20.995591954021783],[55.570438572519336,-20.995916700417876],[55.56914653079142,-20.996739642290155],[55.56810302970439,-20.998028084904668],[55.565365974970035,-20.9994666654944],[55.56339544560136,-20.999912562830225],[55.562108991798304,-21.000747238033526],[55.5616214039585,-21.001435989167547],[55.56116514160248,-21.002569452369276],[55.55820965949444,-21.003097292378648],[55.5571745202465,-21.003201439051363],[55.55670420606491,-21.003591311978102],[55.55631880826807,-21.00425381211298],[55.55493366379345,-21.005738906490457],[55.554852790101,-21.006045358482346],[55.553441535794974,-21.00664312871143],[55.55003920748674,-21.005815613864876],[55.547923195880536,-21.006470565489675],[55.54595383005619,-21.00578979005045],[55.54505918223112,-21.005689098966474],[55.54271386930776,-21.005684388576242],[55.54068783558366,-21.00410785348294],[55.53977366902528,-21.00433397873408],[55.53900895746816,-21.004030215348024],[55.53835603582623,-21.004101393401164],[55.537476346467884,-21.004737920483507],[55.5369602446126,-21.004490484937694],[55.53537963624827,-21.00489062099722],[55.53289098485624,-21.0048881554792],[55.53142489414713,-21.005774335990953],[55.53036352071326,-21.0054110633992],[55.52893085900128,-21.005731114949484],[55.52828007154335,-21.005583663543323],[55.52764010297957,-21.005902427314314],[55.52665922425364,-21.005865934447993],[55.52574219279768,-21.00618500188005],[55.52444835948955,-21.006081647584455],[55.523080085964935,-21.006406723836648],[55.52212251408839,-21.007031651341695],[55.520482342562914,-21.007515138650984],[55.51898652846702,-21.008186857062444],[55.518559363085934,-21.008092804860976],[55.51720756369554,-21.00850017935534],[55.51699218373206,-21.00800237003163],[55.51618209618092,-21.007231987900898],[55.51619036806531,-21.006687347528647],[55.51528774354279,-21.005645153522302],[55.51502591402693,-21.00498162611],[55.51425791824119,-21.00375180453581],[55.51406917803185,-21.003188281031935],[55.51268152567976,-21.002072282479133],[55.5121595537579,-21.002034296938618],[55.511404718154076,-21.001518214982834],[55.51083032041805,-21.000850141477542],[55.50879504867281,-20.999955183543445],[55.50721938999697,-20.99985645887321],[55.506183611390234,-21.000025329051528],[55.50572411620236,-21.000283263009532],[55.50495694148028,-21.000043466018198],[55.50440693074076,-21.00021388113643],[55.50348697167855,-21.00015069198245],[55.502424156904375,-21.00032923790647],[55.50156960573017,-21.00026661384812],[55.50124644782575,-21.00045346874323],[55.50008707604664,-21.000571529580295],[55.497135166195925,-21.001403657132986],[55.496794135394495,-21.00135728564867],[55.4941887777556,-21.002737129320163],[55.49358698111244,-21.00327289908615],[55.492632457172554,-21.00339362399408],[55.49220383816945,-21.00306462826949],[55.490343780551434,-21.0035043209487],[55.48853486128895,-21.004118789413162],[55.487783616370805,-21.004781482566763],[55.48597339509573,-21.00514117219742],[55.48393555559288,-21.00622508987115],[55.48311638386673,-21.006467108273426],[55.48229080401533,-21.00696199699774],[55.48055234508951,-21.007546291757805],[55.48008719350016,-21.007406638700818],[55.47791517725792,-21.007865083632907],[55.47511037843598,-21.008774912798707],[55.474815503397814,-21.00872981370223],[55.47421391071191,-21.00923660516043],[55.47317853901241,-21.00964013669322],[55.47198001032222,-21.010288803749894],[55.47103716879535,-21.010201744684124],[55.46891734763976,-21.009781607202715]]]},"properties":{"ID":"COMMUNE_0000001400385503","NOM":"Salazie","NOM_M":"SALAZIE","INSEE_COM":"97421","STATUT":"Commune simple","POPULATION":7333,"INSEE_CAN":"06","INSEE_ARR":"3","INSEE_DEP":"974","INSEE_REG":"04","SIREN_EPCI":"249740093"}},
{"type":"Feature","geometry":{"type":"MultiPolygon","coordinates":[[[[55.422569131397736,-21.116134910202266],[55.42390641560375,-21.117124721867512],[55.42523430618906,-21.116999766795356],[55.42595905540226,-21.11664879469496],[55.42626526867213,-21.116002167336244],[55.42720767765093,-21.11573270104473],[55.42776555535726,-21.115229320760523],[55.427908992165484,-21.11422437629555],[55.42858351849978,-21.113521542402783],[55.42915632477859,-21.113336256636746],[55.42990903064549,-21.11371087499699],[55.430958995994594,-21.113647432236483],[55.43128927674827,-21.11382211693201],[55.43220759096415,-21.113553301786315],[55.43282043025438,-21.11258069537395],[55.433890316206856,-21.112361147026544],[55.43458411222379,-21.112387429540497],[55.43541185390325,-21.11194161571829],[55.435889019757155,-21.111879175786832],[55.436351931218255,-21.111339659441434],[55.436772231145596,-21.11119178182201],[55.43812615691637,-21.110045326806883],[55.43935251666069,-21.108852520043836],[55.43968289677927,-21.10837319759543],[55.44053326860936,-21.107784842857058],[55.4419045133806,-21.1072789561743],[55.4428488661701,-21.10718465711163],[55.44380829030831,-21.106752655013594],[55.44448008838993,-21.10611657100283],[55.44531654937739,-21.105844219733832],[55.44693779837958,-21.105084044038467],[55.4483411697401,-21.104076158421528],[55.448925225231726,-21.103914391309093],[55.45035668852543,-21.10297991248832],[55.45237564071849,-21.101178188475608],[55.45337852274816,-21.10119095290459],[55.45495766139077,-21.100398695292075],[55.455447586666786,-21.099750066275597],[55.45551185699609,-21.09921318259247],[55.45643623238396,-21.098066266624098],[55.45582605585844,-21.097312770753437],[55.45569517527832,-21.09665848593198],[55.45585462436028,-21.096225445866462],[55.45525061454105,-21.09506280513663],[55.45499439439331,-21.09414993485096],[55.45501732401859,-21.093608157828086],[55.45557906349731,-21.093179685292935],[55.45747878272128,-21.092838359431912],[55.45836282539504,-21.092329703429726],[55.45836785189866,-21.091562837993504],[55.45864293470941,-21.091022447973025],[55.459036454772,-21.09094382222283],[55.45937451092546,-21.09036335385885],[55.46107709543511,-21.089159338080236],[55.46225770101381,-21.0885431458303],[55.46228942678502,-21.088079130698624],[55.46276234041446,-21.08748632707484],[55.46294366715271,-21.086701184478194],[55.463939105976756,-21.085743655317003],[55.46223634760663,-21.086035355971855],[55.46078809119259,-21.086193851593716],[55.458785142694396,-21.086940772110758],[55.45806038615813,-21.086940509287036],[55.456467631314794,-21.08673723273059],[55.455683540833,-21.08642477770562],[55.45496522137308,-21.085616097381106],[55.453833380537205,-21.085053863188122],[55.452116567036605,-21.084471832886035],[55.45116295804254,-21.084266208449037],[55.450417444478035,-21.08394866254658],[55.449402958762285,-21.083766861823378],[55.4486712775129,-21.08378636916445],[55.44801372206508,-21.084175101324714],[55.446513400425154,-21.08480633229193],[55.446077019943665,-21.085305478419155],[55.44563914755841,-21.085207523189684],[55.445465870332086,-21.085858123649032],[55.44447595812827,-21.086181467042156],[55.444052212760646,-21.08676021418622],[55.44315913477331,-21.086010405734363],[55.44207702924917,-21.086036604182212],[55.44146963246301,-21.086320083213934],[55.44125128600776,-21.08722951305082],[55.44205673818422,-21.08816731761127],[55.44199018570236,-21.088919160455188],[55.442376992162046,-21.08948456926584],[55.44218496431789,-21.09008531102959],[55.44153864875014,-21.090407274035808],[55.440551364744735,-21.09139725591764],[55.439706156809166,-21.091408452234617],[55.43927501782785,-21.091954598342927],[55.43788984842618,-21.092700622312996],[55.437519373288325,-21.092323241686927],[55.43644772889535,-21.092173353768523],[55.43571916515601,-21.091615620457922],[55.43527568243897,-21.092052341975773],[55.43524736839512,-21.092641938070006],[55.434021861290255,-21.09293775034235],[55.43387329220956,-21.092327552134783],[55.43235487959531,-21.092560126127733],[55.43152695875795,-21.092116176585524],[55.430847811372495,-21.09235378631861],[55.430178800865015,-21.092359338407572],[55.4285049486814,-21.091355625562205],[55.427318668018266,-21.09185680205277],[55.42602554312932,-21.09400188873983],[55.42555078945181,-21.094388611053915],[55.42527372019963,-21.095562135474054],[55.42396151571446,-21.095860680662383],[55.42337928356293,-21.09575951886603],[55.42266259318574,-21.095903705244524],[55.421873978210094,-21.09702458867571],[55.420752368218174,-21.09659230642917],[55.420471306360625,-21.096137136156784],[55.41908801208776,-21.09587583909409],[55.4173704492151,-21.09482283294987],[55.41701312340628,-21.094117635733074],[55.41643708070448,-21.09343388157577],[55.41435210744136,-21.091997128227096],[55.414012648530424,-21.09088018921931],[55.41321809154789,-21.090563830348536],[55.411797072070854,-21.090326513129867],[55.41137696133068,-21.089374117926276],[55.41035854250982,-21.088840665179482],[55.40970598347264,-21.087392888415607],[55.40898990182576,-21.087482826504353],[55.40884687578682,-21.086542960821763],[55.409166142445045,-21.086207219129026],[55.40852582159002,-21.08560052173633],[55.407787170978345,-21.08564146551047],[55.407076206667305,-21.085884100837614],[55.40550825080473,-21.085712197766924],[55.404928965377394,-21.085430344049374],[55.40435397191272,-21.08483689226544],[55.404141888095076,-21.084328149281244],[55.40372146553197,-21.084131792426096],[55.40455103075639,-21.08278646029412],[55.40473860883354,-21.081984291720634],[55.40460303259507,-21.081521433339482],[55.4049689919044,-21.081048837493324],[55.40627781322315,-21.080335789553526],[55.40692904925169,-21.079734890218443],[55.407090972698185,-21.07926127672303],[55.40801924250481,-21.078040601866746],[55.4082642175366,-21.077449434141933],[55.4088931679036,-21.077131952083224],[55.40976522168497,-21.077122060081926],[55.410342592596045,-21.07658639443776],[55.41086369111813,-21.07636454714807],[55.41100294418859,-21.075486942619182],[55.411548120239004,-21.075444171309055],[55.412154702964585,-21.074331564706892],[55.41234793992433,-21.07344452711095],[55.413208740150075,-21.073132809275396],[55.41303003021162,-21.072379594152768],[55.41367447884047,-21.071596135241137],[55.41429972596501,-21.07144299677736],[55.415217683648535,-21.070004484183457],[55.41523664489668,-21.06957740057083],[55.41613058789264,-21.068677927474823],[55.41739104677793,-21.067790899174877],[55.41732336545007,-21.067184153686792],[55.41748138455572,-21.0657105370419],[55.41703462204178,-21.06436858414328],[55.41658915671602,-21.06345029034332],[55.416089223704766,-21.062950618892355],[55.414841641005474,-21.062080841523702],[55.4145259469539,-21.06126853733495],[55.41373571659642,-21.06055838996942],[55.412936559097574,-21.060146244725598],[55.41262279785328,-21.059425188926145],[55.41198712850982,-21.05902360073288],[55.4098264986471,-21.058233772371075],[55.40908284773218,-21.057490619245574],[55.40784009187806,-21.056989385448237],[55.406811530287555,-21.056887603480067],[55.40598563561909,-21.056550150318795],[55.4060664285621,-21.055830980254292],[55.406599849144186,-21.055349107802886],[55.40674783641459,-21.054645020242656],[55.406426748239035,-21.05443515278351],[55.40521112058381,-21.054552011549582],[55.40447401192006,-21.05428222945585],[55.404415016144604,-21.05367827256977],[55.404777659288506,-21.053148733140876],[55.404823787659495,-21.052612607514586],[55.40395894538586,-21.052140188779944],[55.403981495796096,-21.05137892084523],[55.40281352008837,-21.050278566761374],[55.40203974256995,-21.049930747043067],[55.40169423845906,-21.04948578454985],[55.402109630851676,-21.048611687279255],[55.4017773028634,-21.04720303085859],[55.402101441372736,-21.0467643672635],[55.40279411481754,-21.046505310806243],[55.403092107917615,-21.046081755322597],[55.402611619464224,-21.044670804145714],[55.4027653356227,-21.04324955499364],[55.403391682027674,-21.042080250273564],[55.40337339142515,-21.04108825686638],[55.40284341409051,-21.040529554954844],[55.40217452872903,-21.039192709239728],[55.40231440555485,-21.03843706032343],[55.403426298145625,-21.036575874084818],[55.403255219423336,-21.036016931643164],[55.402673588681274,-21.03534121912821],[55.401772793138434,-21.03482148478723],[55.4011977730509,-21.034158476077568],[55.40121342892128,-21.03296175295283],[55.40088790711204,-21.03245103741404],[55.40018379543164,-21.03180487742398],[55.40035379829809,-21.030840851260958],[55.40019750921677,-21.030430186463708],[55.39918108137518,-21.0298407013952],[55.39755873363059,-21.02851292641967],[55.39759850067154,-21.027852990573237],[55.40077563871274,-21.026652610589018],[55.401421745661686,-21.026330788604604],[55.401786277523506,-21.02588888875905],[55.40192957830578,-21.024630132869635],[55.40220288837447,-21.024351774981227],[55.40323181991632,-21.023855591797783],[55.40345786424704,-21.02331754070236],[55.40305213526486,-21.022299325144587],[55.40323613016725,-21.021825013620557],[55.40437822953472,-21.02072738316719],[55.40428480991666,-21.020194462576416],[55.40359855929412,-21.019048960579955],[55.40315717906146,-21.017585083584102],[55.403196328291564,-21.016889909615294],[55.40294303241188,-21.016193796720163],[55.40251413023569,-21.01563694938067],[55.40056745536061,-21.01406136762642],[55.40043845558845,-21.01325802424733],[55.40092312992225,-21.01246225658328],[55.401258372517546,-21.011154718211554],[55.400898925423824,-21.009949950439584],[55.400204333911034,-21.008961533330357],[55.39881394840444,-21.008181553162256],[55.39825732597553,-21.008057982070767],[55.39667284551839,-21.008069255085598],[55.39627866683517,-21.007687961307237],[55.39624627434416,-21.007118577438487],[55.3956646636177,-21.00555400037954],[55.394633431715114,-21.004566905579708],[55.393745555863596,-21.004297474228338],[55.39251112895787,-21.004680559975405],[55.390820342997976,-21.00447217811943],[55.390007465588724,-21.004027293765482],[55.38869748234866,-21.00230856728315],[55.38852778098352,-21.001718914019435],[55.38741571628857,-21.00011496511733],[55.386413295401454,-20.999140744021425],[55.38538224722857,-20.998414652658877],[55.384070430114754,-20.997947846340868],[55.38318685393002,-20.998177926314497],[55.38113797559032,-20.999251440161906],[55.37901036001676,-20.999329650655078],[55.37642109573398,-20.99877925571832],[55.37546065004684,-20.998111591146138],[55.37403119617914,-20.99669783880083],[55.37318182829729,-20.995279683841634],[55.37288304300751,-20.994359082900793],[55.372779293743996,-20.993459314919455],[55.37287294936234,-20.991828862902977],[55.37280848831863,-20.991031542362936],[55.37120972039853,-20.988653242192953],[55.36984979782721,-20.987579763508553],[55.36897072976537,-20.987310294642732],[55.368009595076366,-20.98636166270197],[55.36671513130178,-20.985464026966987],[55.3658871761023,-20.98403430381779],[55.364506770644,-20.982729347297493],[55.36158208102545,-20.981218938870974],[55.3606625732208,-20.9804296490382],[55.35973337038301,-20.97982453247879],[55.35811045805081,-20.97766087501956],[55.35763268240275,-20.977640913587916],[55.356059706643315,-20.976192222039156],[55.355116265683215,-20.975661918077112],[55.351495449249384,-20.974683888767807],[55.350936400766564,-20.97427109600147],[55.34931778115199,-20.973572536910456],[55.346816838565545,-20.973176135081616],[55.345028857487584,-20.97310096712802],[55.343788840191856,-20.973133179041977],[55.3422108944524,-20.97284955781372],[55.338613174570305,-20.97205937037353],[55.33775501092001,-20.97156593766887],[55.336388646207695,-20.971110897604703],[55.333504405764224,-20.97103122674911],[55.32560990858358,-20.970500388861193],[55.32415561424027,-20.969828505578114],[55.32315419152232,-20.969768973803962],[55.3215056707989,-20.969440209645168],[55.318855734026776,-20.969052776567903],[55.31635764799142,-20.96695780491719],[55.31585547339345,-20.96637293985332],[55.31557440003068,-20.965624056072965],[55.31397911536154,-20.96346932526526],[55.312719395648244,-20.963122647793718],[55.310779132273595,-20.96172232284532],[55.309752848443104,-20.960629123235655],[55.308177376476166,-20.95988816523094],[55.3014885723106,-20.958247248055983],[55.29758606297621,-20.95691303209915],[55.296406759581416,-20.956776600744895],[55.28513738043113,-20.956136112516123],[55.28038633097769,-20.957718651352153],[55.27732037597175,-20.95783493002332],[55.277569593360084,-20.95916434208389],[55.2782274445541,-20.960666792036996],[55.278692725084376,-20.962191683533266],[55.279298820006495,-20.96351295490259],[55.28058953919818,-20.96568207131504],[55.2815679637157,-20.969010531388204],[55.28213540895478,-20.970436183638913],[55.28251069342899,-20.972857100826047],[55.28253743000102,-20.974220395282423],[55.28267278453977,-20.975504394050766],[55.282642367362214,-20.978166004776075],[55.28238358468097,-20.979771204033437],[55.28200994183842,-20.981075360549966],[55.28161188731517,-20.983251820957637],[55.281016286132065,-20.985880626129383],[55.28024198512147,-20.99184968933569],[55.27977020570171,-20.993907067805416],[55.279028119983955,-20.996133330696097],[55.27835470067661,-20.99765393384993],[55.27732011701151,-20.999381337744648],[55.276322316032115,-21.000751415633893],[55.274456574304665,-21.002984332546053],[55.272408768772905,-21.005235248556257],[55.26926051272363,-21.007982575540968],[55.266784855729554,-21.00986956563434],[55.263997212254985,-21.011778623356065],[55.261640065296085,-21.013223242500466],[55.259291711731244,-21.01456946159386],[55.25571132211885,-21.016470256838755],[55.25460666687585,-21.0167452552072],[55.253691045441755,-21.017308517070433],[55.25270949932065,-21.017584766436304],[55.25012785251845,-21.018960969379968],[55.24752491901079,-21.01993225616768],[55.245360622793136,-21.01991716642644],[55.244420782246245,-21.01942242439074],[55.24281285661688,-21.01946091686971],[55.24135250996376,-21.0190556206236],[55.24024381280661,-21.018933956798502],[55.240118722785574,-21.019100665868933],[55.23886619662561,-21.018857373323392],[55.23771365200938,-21.01804696771957],[55.2371196558598,-21.018495143320674],[55.236950215158664,-21.018015571374526],[55.235824591443475,-21.018352551190112],[55.23538451836789,-21.017982172661842],[55.23444476796891,-21.01854597881458],[55.233777481238384,-21.01925351479679],[55.23294778401052,-21.021334093717897],[55.23213383509483,-21.02207713069416],[55.23088836856244,-21.022539282891014],[55.22955552449734,-21.02347561995717],[55.228088043040906,-21.025302039619383],[55.22745481468792,-21.02645971450083],[55.226952115460605,-21.026991900005694],[55.22651152967381,-21.026746140178638],[55.2256194366968,-21.026933738455426],[55.22597883607555,-21.027292461460277],[55.225806684128884,-21.027938286838303],[55.22546789643555,-21.028276175032737],[55.22513654151956,-21.029123566139116],[55.2231661509796,-21.031244558748195],[55.22254584971167,-21.031793564486776],[55.221410767381236,-21.032348924274668],[55.221052719169,-21.03301086244809],[55.22063520127071,-21.033333463718908],[55.22024532765751,-21.03400138925459],[55.21905955938965,-21.035338402393357],[55.21792813224866,-21.036311068875264],[55.217314421998374,-21.036302826396007],[55.216905436228686,-21.037119575813648],[55.21666264609231,-21.0380374236511],[55.216549992492595,-21.039176122404076],[55.21671659813369,-21.04021297652077],[55.217213232144715,-21.041894589184636],[55.21789700560413,-21.04377868154284],[55.21833951738142,-21.044673910757005],[55.219419895057875,-21.046381509971383],[55.220090094102176,-21.047873449657548],[55.22080091379615,-21.048944002334355],[55.22125101646875,-21.05001272593785],[55.22233618064475,-21.051079966772168],[55.22399606182585,-21.05342135364762],[55.22408142340001,-21.05401205865079],[55.223641094387844,-21.0548736560666],[55.225004250292294,-21.05400544712832],[55.22600517456381,-21.053498350503524],[55.226334634396565,-21.054115088374598],[55.22586605680514,-21.054195098556182],[55.22545692343369,-21.054861025050776],[55.22429465032378,-21.055585013652106],[55.22372023482298,-21.055420940791404],[55.223296159011994,-21.055966574735596],[55.22273780825062,-21.05558408388947],[55.22186699993407,-21.057933312591274],[55.22177532590733,-21.06054631075614],[55.22155622902256,-21.06351655683875],[55.22100320685904,-21.067053241969624],[55.220708222721626,-21.068068093358296],[55.22067164869162,-21.06879661848758],[55.220316442557994,-21.071394203050737],[55.220363422718236,-21.074319360195428],[55.22050640027469,-21.07491970203612],[55.2206047474539,-21.076439968811385],[55.22123249115497,-21.078355981736387],[55.2218071677918,-21.07931401122202],[55.22271491356718,-21.080345980354288],[55.22349097844003,-21.08144611540524],[55.224053128508956,-21.081921681363625],[55.22564739638842,-21.083575922986793],[55.22681878058569,-21.084698243682162],[55.22742533428865,-21.0861380135484],[55.22801920292502,-21.08726874346311],[55.22917108381643,-21.08866001010215],[55.229936403811536,-21.089943364366718],[55.23104671753564,-21.091434445304056],[55.231884261891366,-21.0922289926571],[55.233588639578365,-21.09354108839497],[55.234838047729056,-21.09475088399205],[55.236724920589126,-21.096017882454216],[55.23870450167097,-21.0977509912348],[55.24355981141297,-21.101224626804182],[55.24469506204116,-21.10175935915266],[55.24607732749279,-21.10265251595926],[55.24703265230379,-21.1044128732075],[55.24752802966157,-21.10485064644777],[55.24736398675412,-21.105131664104537],[55.2480228366309,-21.106157328083643],[55.24927718661201,-21.10671855427095],[55.25105656465464,-21.10814688046382],[55.25300736568483,-21.10915965990051],[55.253815521567276,-21.109687351323227],[55.254205505201305,-21.109675110554026],[55.25480663438088,-21.109551234882684],[55.255188308840346,-21.10975568406608],[55.256782178109574,-21.109850667362302],[55.257334674394286,-21.10935775982478],[55.25842627217915,-21.10902394177552],[55.25884046693087,-21.109081488632324],[55.25961944255682,-21.10980214764104],[55.26097593110253,-21.10936986971425],[55.261824295596014,-21.108844755561236],[55.26417503460197,-21.10816973604945],[55.26512850221195,-21.10779290940544],[55.26591269395766,-21.107901194350106],[55.26709285461539,-21.108642183240736],[55.267625795112174,-21.10808942564005],[55.267544367529446,-21.107060700030733],[55.26792371874821,-21.10647114452417],[55.26883048851563,-21.106135367904866],[55.26979940320483,-21.10600164446109],[55.27127468296749,-21.105280550245443],[55.271804740571525,-21.10480813728118],[55.27242949405011,-21.104802763212252],[55.27329162731785,-21.10441321492881],[55.27484249413531,-21.103478787602885],[55.27533822333705,-21.10339350677897],[55.27551063012134,-21.10296712078251],[55.27675552802495,-21.102353827999742],[55.27770953240976,-21.102759145802477],[55.278204249983425,-21.102594360092848],[55.2797385690304,-21.101254157360703],[55.28034130397888,-21.101153688478465],[55.28194535295423,-21.100358831307908],[55.283320418516546,-21.10030772557301],[55.28528839394141,-21.10008918160255],[55.28759006329104,-21.099728561212597],[55.28863757638917,-21.09936699708073],[55.29140230586253,-21.09866053406733],[55.29256918497672,-21.097959620165287],[55.293078600486695,-21.09785364863837],[55.29413233511539,-21.09795638501678],[55.29562767612273,-21.09731656140509],[55.29658538917151,-21.0966397099364],[55.29786340853857,-21.09640234118315],[55.29877676916357,-21.095646447722142],[55.29910739554213,-21.09475824887225],[55.2996719383124,-21.094458609007386],[55.30038871482011,-21.094482956103036],[55.301241300799916,-21.094752540476524],[55.30156141303675,-21.094533545189677],[55.30281297329801,-21.09433561594433],[55.3032734561717,-21.094553392953504],[55.30480392999574,-21.094458501056415],[55.30586768314349,-21.093761878380796],[55.30632922519231,-21.093631902566468],[55.30698914924632,-21.093831789609723],[55.30758280891269,-21.092914582434457],[55.308642622089046,-21.092563850626608],[55.30923687811268,-21.09210278972432],[55.31070179734194,-21.092525661763265],[55.31168067554524,-21.092011516942808],[55.312415081379214,-21.09217870358996],[55.31315887018129,-21.091941318662368],[55.313870914968916,-21.09204324171942],[55.314032884863295,-21.092360090777667],[55.3146555235579,-21.09245299250631],[55.31516701271378,-21.092245807575804],[55.31602534684627,-21.092434081747307],[55.31748194908364,-21.092145041476684],[55.31781109291822,-21.092318120151123],[55.319111036122344,-21.092350880589645],[55.32027751246101,-21.092098683935706],[55.32145090774819,-21.092172626461082],[55.32219504901806,-21.091988497222392],[55.32342128344893,-21.092242698847777],[55.3259688989402,-21.09370947865114],[55.326855522475796,-21.093866364049813],[55.328417004912616,-21.093580070613765],[55.32925930559414,-21.093569402011845],[55.33076352137156,-21.09418669446817],[55.33200624354845,-21.094002009172026],[55.33274759111582,-21.094240536048037],[55.33544718902148,-21.094864116539995],[55.3364345865666,-21.094962325988],[55.33752557017661,-21.094228729322804],[55.338597942153726,-21.094129039262683],[55.33920216253495,-21.093803456783288],[55.340232083245894,-21.093885801374977],[55.34105616577297,-21.093609333780865],[55.341834140322916,-21.093671138447352],[55.34249097367664,-21.09346077377934],[55.34427577395469,-21.093604666258383],[55.34608574828029,-21.093996282728032],[55.34791300340647,-21.094305850726688],[55.35126505823419,-21.094163236925496],[55.35186821330693,-21.094629770424014],[55.35367479087166,-21.094547054362778],[55.35563268643067,-21.094358296211748],[55.356120767551566,-21.094699950521377],[55.35737718310105,-21.094931621384912],[55.35840620173881,-21.094222576040742],[55.35949055428879,-21.093732652538623],[55.36066447620984,-21.093587736803546],[55.36254859956942,-21.094332175544316],[55.362898387990356,-21.094647184025977],[55.363641245410996,-21.094841332480062],[55.36429251631516,-21.095312804689968],[55.36467699012691,-21.095976810500105],[55.36564436544664,-21.096324866747548],[55.36635258179787,-21.09616729388053],[55.36740960757435,-21.09615127843406],[55.36891720919895,-21.09665355802896],[55.3703592212675,-21.09761044849988],[55.37143502471958,-21.097638849769115],[55.373122406723034,-21.098163595519658],[55.373731368248116,-21.09854700933528],[55.37475154491243,-21.098646215796975],[55.375669683244034,-21.099100332446277],[55.37662740481768,-21.09910137491013],[55.377647968009974,-21.098811252447682],[55.378506843779455,-21.098962186910576],[55.379470309459386,-21.098433943271388],[55.38113358859815,-21.09816710284888],[55.381781517511044,-21.09788784921952],[55.38206386706883,-21.09741360861204],[55.38366177423405,-21.097137989130925],[55.38424055991004,-21.097288030897015],[55.38524493323895,-21.097958804069776],[55.38634310584225,-21.098055973782667],[55.3869460155787,-21.09775549580187],[55.38806641131878,-21.09820153479426],[55.389481718912016,-21.098345959957697],[55.39053459973416,-21.098180718934138],[55.391975012472976,-21.09831813536113],[55.393810934479895,-21.0981070036358],[55.395859266283125,-21.098103811481216],[55.39661835673602,-21.098495792732653],[55.39718437183576,-21.099030472313462],[55.39902365701365,-21.09913456462035],[55.399765347526106,-21.09926531693299],[55.4008262371569,-21.100509222439168],[55.401090529299346,-21.10126686689499],[55.401780140791246,-21.101857798759124],[55.401897168548444,-21.102255447047796],[55.403359881768225,-21.103373051652852],[55.40434397511285,-21.10370208244845],[55.40482104051721,-21.10409769774586],[55.40488470380286,-21.104625819689197],[55.40543017653036,-21.105466497166393],[55.40655000472109,-21.10615720672848],[55.40832480149279,-21.10708259397464],[55.40870659819417,-21.10774829280412],[55.4096479117961,-21.10848247212173],[55.41013449878427,-21.109252126846698],[55.41192045460505,-21.110220038786405],[55.41250394422676,-21.11029776854786],[55.41315945515861,-21.11093531009691],[55.41441638978356,-21.11132284459751],[55.416012287278555,-21.112516568183537],[55.41607896784678,-21.112855023915102],[55.41681945656642,-21.11319796907576],[55.41763715002129,-21.113250770777352],[55.4195149059188,-21.114013512930708],[55.42033495455391,-21.114480937046118],[55.42143356435165,-21.114551695282398],[55.422014682637744,-21.11476486589492],[55.422569131397736,-21.116134910202266]]],[[[55.224160575911064,-21.055288253982862],[55.22528085467916,-21.05469750620096],[55.22485163593832,-21.054298306815483],[55.224160575911064,-21.055288253982862]]]]},"properties":{"ID":"COMMUNE_0000001400385506","NOM":"Saint-Paul","NOM_M":"SAINT-PAUL","INSEE_COM":"97415","STATUT":"Sous-préfecture","POPULATION":106220,"INSEE_CAN":"97","INSEE_ARR":"4","INSEE_DEP":"974","INSEE_REG":"04","SIREN_EPCI":"249740101"}},
{"type":"Feature","geometry":{"type":"Polygon","coordinates":[[[55.33025210635629,-20.927594846870278],[55.32895225568637,-20.92794163306815],[55.327842504889425,-20.928051804568387],[55.32532061433933,-20.928576275116853],[55.323841152190916,-20.92855994570933],[55.32222778447657,-20.926322923208748],[55.32213847781436,-20.92683149648022],[55.323270242198205,-20.928370971746435],[55.32273794406331,-20.929118175666883],[55.32342601779057,-20.929319141890517],[55.3250628489777,-20.929536645291694],[55.32505853594036,-20.93502585114462],[55.32486221984211,-20.935214516550435],[55.322356264378115,-20.935332615173603],[55.32163441157731,-20.93488200541753],[55.32150204439504,-20.93416349819245],[55.32099413472745,-20.933668923084145],[55.319505455679206,-20.93275098850717],[55.3145331888745,-20.93314636410758],[55.31351037215047,-20.933130839051437],[55.31312158071647,-20.93290569300358],[55.31299717718438,-20.93173742754015],[55.31937253557365,-20.931221328677182],[55.31946056891081,-20.929018190340408],[55.318664380980024,-20.928856791112786],[55.31896071436914,-20.92780377476073],[55.319268884227384,-20.927412979109548],[55.318905732476026,-20.927044477273828],[55.31831023174093,-20.92819842355555],[55.318003190426566,-20.928315534335116],[55.311776221370884,-20.92881318472978],[55.31076870535276,-20.92880773234225],[55.31007862157423,-20.92930222005056],[55.3078491163482,-20.929383103384698],[55.30539671106627,-20.92910856343882],[55.30419168272311,-20.929055043811797],[55.30262873579755,-20.928769427935052],[55.2997997662472,-20.92795813149872],[55.297451764519636,-20.92695648099273],[55.29501741350659,-20.926112010104482],[55.29318882808168,-20.925177817291182],[55.29150599995537,-20.924448301095627],[55.28898944625247,-20.92297605555933],[55.288531147377704,-20.922866682115885],[55.287983244326085,-20.9236208387587],[55.28670207863641,-20.92401174691986],[55.284267187040484,-20.925504783523962],[55.28356010058582,-20.92681102742539],[55.283616061401624,-20.928565737615813],[55.283827143566754,-20.929109821309826],[55.28388601650214,-20.93018710924898],[55.283567009875334,-20.931942564306453],[55.28409615710606,-20.933177233721523],[55.28396998497458,-20.93378747744893],[55.283306800484475,-20.934780724317996],[55.283236763839646,-20.935611025929795],[55.28358932427504,-20.935890069486007],[55.28441476938311,-20.93559216317545],[55.28638150187682,-20.935797999745965],[55.28633214883211,-20.93481203788646],[55.285454011916116,-20.93458733535541],[55.285413753421615,-20.934998821252343],[55.284638963792986,-20.934901610525774],[55.284743605185746,-20.93415565960076],[55.28544164812646,-20.93423764620905],[55.285778107377936,-20.933904107397417],[55.28595076956068,-20.932840887944977],[55.285474969968554,-20.932323954789744],[55.28575496304339,-20.930531069064163],[55.28672037526838,-20.93051908512928],[55.28815913740385,-20.930732242187833],[55.2880250607666,-20.931532097517675],[55.28655442378068,-20.931331264645117],[55.286396007934854,-20.93232597984325],[55.286549107693496,-20.932474750007813],[55.28954385376445,-20.932911264891118],[55.289475076456604,-20.933549187421185],[55.28805634991784,-20.933347080079287],[55.28789474217171,-20.934284858921515],[55.28949283875378,-20.934524897048327],[55.2893958071027,-20.93502614239416],[55.2871890016752,-20.934710442252886],[55.286906401275665,-20.935803270537633],[55.28780299317738,-20.936350618390136],[55.288089726161125,-20.936754547042284],[55.28803754744531,-20.937876787056858],[55.28768727085194,-20.93832580970874],[55.28806963333535,-20.938944773033025],[55.287805383636936,-20.940537294005072],[55.28690788645622,-20.940405439348037],[55.287165503677535,-20.938889631542313],[55.286712860921824,-20.938870634259725],[55.286433863226314,-20.94057500943196],[55.2853089003445,-20.94040744055198],[55.28558011636664,-20.938712022407984],[55.284986138922754,-20.938439588507087],[55.284143849258314,-20.938526865868536],[55.28385339011041,-20.940222087248106],[55.28347122386319,-20.940177595346164],[55.28334412830819,-20.94095222298859],[55.28389937446305,-20.941164657685206],[55.28384025534309,-20.94162743906434],[55.28323135572406,-20.941651120109547],[55.2834047241918,-20.942552518754447],[55.284059875145466,-20.942689180868626],[55.28380639263822,-20.944176118195564],[55.282991565998486,-20.944718910593416],[55.28255337755733,-20.945201359665575],[55.28205077554387,-20.94517732953685],[55.282514101963876,-20.9423231568774],[55.28245944544536,-20.941720127665732],[55.28284111390916,-20.94163996620179],[55.283396122184634,-20.938331464529334],[55.283633403693386,-20.938096292433116],[55.28478422252024,-20.93810244627347],[55.28436380066573,-20.937618583913526],[55.28337217204452,-20.937227430721173],[55.28261795995234,-20.937264100816112],[55.28148703002763,-20.93703231634507],[55.281835182433575,-20.93896158767755],[55.28191474337614,-20.940583752725804],[55.28174893098026,-20.94121165953311],[55.281375818536056,-20.94357445872289],[55.280746652007416,-20.944951018512896],[55.28088219678481,-20.94688988982737],[55.28066996938056,-20.947286993911867],[55.2805960959283,-20.9482825510294],[55.2803406744984,-20.9492618251159],[55.27944869902004,-20.950829928802072],[55.27848156248938,-20.951821888267858],[55.27792580331516,-20.952659925298093],[55.27738290679108,-20.9543056078415],[55.27722515596414,-20.95615751089501],[55.27732037597175,-20.95783493002332],[55.28038633097769,-20.957718651352153],[55.28513738043113,-20.956136112516123],[55.296406759581416,-20.956776600744895],[55.29758606297621,-20.95691303209915],[55.3014885723106,-20.958247248055983],[55.308177376476166,-20.95988816523094],[55.309752848443104,-20.960629123235655],[55.310779132273595,-20.96172232284532],[55.312719395648244,-20.963122647793718],[55.31397911536154,-20.96346932526526],[55.31557440003068,-20.965624056072965],[55.31585547339345,-20.96637293985332],[55.31635764799142,-20.96695780491719],[55.318855734026776,-20.969052776567903],[55.31986926797286,-20.966995170649483],[55.32095711107404,-20.964567041449843],[55.32030679296638,-20.963641096876824],[55.32014682441534,-20.96315446013691],[55.324029385802525,-20.95431795799135],[55.32511591394719,-20.951906035904038],[55.326497738496954,-20.948703921163684],[55.32727773261939,-20.947045018283802],[55.32966432701384,-20.94158367383515],[55.33015399892111,-20.940780029026897],[55.32620574780829,-20.937345898573184],[55.32588757983153,-20.937684217739253],[55.32513403512288,-20.937055364120248],[55.32946478310847,-20.932529011361634],[55.32942284814505,-20.931195353490658],[55.329617842802065,-20.929737554704797],[55.33003269836192,-20.92908763645661],[55.33027558166911,-20.928252667848845],[55.33025210635629,-20.927594846870278]]]},"properties":{"ID":"COMMUNE_0000001400385495","NOM":"Le Port","NOM_M":"LE PORT","INSEE_COM":"97407","STATUT":"Commune simple","POPULATION":33670,"INSEE_CAN":"02","INSEE_ARR":"4","INSEE_DEP":"974","INSEE_REG":"04","SIREN_EPCI":"249740101"}},
{"type":"Feature","geometry":{"type":"Polygon","coordinates":[[[55.422569131397736,-21.116134910202266],[55.422014682637744,-21.11476486589492],[55.42143356435165,-21.114551695282398],[55.42033495455391,-21.114480937046118],[55.4195149059188,-21.114013512930708],[55.41763715002129,-21.113250770777352],[55.41681945656642,-21.11319796907576],[55.41607896784678,-21.112855023915102],[55.416012287278555,-21.112516568183537],[55.41441638978356,-21.11132284459751],[55.41315945515861,-21.11093531009691],[55.41250394422676,-21.11029776854786],[55.41192045460505,-21.110220038786405],[55.41013449878427,-21.109252126846698],[55.4096479117961,-21.10848247212173],[55.40870659819417,-21.10774829280412],[55.40832480149279,-21.10708259397464],[55.40655000472109,-21.10615720672848],[55.40543017653036,-21.105466497166393],[55.40488470380286,-21.104625819689197],[55.40482104051721,-21.10409769774586],[55.40434397511285,-21.10370208244845],[55.403359881768225,-21.103373051652852],[55.401897168548444,-21.102255447047796],[55.401780140791246,-21.101857798759124],[55.401090529299346,-21.10126686689499],[55.4008262371569,-21.100509222439168],[55.399765347526106,-21.09926531693299],[55.39902365701365,-21.09913456462035],[55.39718437183576,-21.099030472313462],[55.39661835673602,-21.098495792732653],[55.395859266283125,-21.098103811481216],[55.393810934479895,-21.0981070036358],[55.391975012472976,-21.09831813536113],[55.39053459973416,-21.098180718934138],[55.389481718912016,-21.098345959957697],[55.38806641131878,-21.09820153479426],[55.3869460155787,-21.09775549580187],[55.38634310584225,-21.098055973782667],[55.38524493323895,-21.097958804069776],[55.38424055991004,-21.097288030897015],[55.38366177423405,-21.097137989130925],[55.38206386706883,-21.09741360861204],[55.381781517511044,-21.09788784921952],[55.38113358859815,-21.09816710284888],[55.379470309459386,-21.098433943271388],[55.378506843779455,-21.098962186910576],[55.377647968009974,-21.098811252447682],[55.37662740481768,-21.09910137491013],[55.375669683244034,-21.099100332446277],[55.37475154491243,-21.098646215796975],[55.373731368248116,-21.09854700933528],[55.373122406723034,-21.098163595519658],[55.37143502471958,-21.097638849769115],[55.3703592212675,-21.09761044849988],[55.36891720919895,-21.09665355802896],[55.36740960757435,-21.09615127843406],[55.36635258179787,-21.09616729388053],[55.36564436544664,-21.096324866747548],[55.36467699012691,-21.095976810500105],[55.36429251631516,-21.095312804689968],[55.363641245410996,-21.094841332480062],[55.362898387990356,-21.094647184025977],[55.36254859956942,-21.094332175544316],[55.36066447620984,-21.093587736803546],[55.35949055428879,-21.093732652538623],[55.35840620173881,-21.094222576040742],[55.35737718310105,-21.094931621384912],[55.356120767551566,-21.094699950521377],[55.35563268643067,-21.094358296211748],[55.35367479087166,-21.094547054362778],[55.35186821330693,-21.094629770424014],[55.35126505823419,-21.094163236925496],[55.34791300340647,-21.094305850726688],[55.34608574828029,-21.093996282728032],[55.34427577395469,-21.093604666258383],[55.34249097367664,-21.09346077377934],[55.341834140322916,-21.093671138447352],[55.34105616577297,-21.093609333780865],[55.340232083245894,-21.093885801374977],[55.33920216253495,-21.093803456783288],[55.338597942153726,-21.094129039262683],[55.33752557017661,-21.094228729322804],[55.3364345865666,-21.094962325988],[55.33544718902148,-21.094864116539995],[55.33274759111582,-21.094240536048037],[55.33200624354845,-21.094002009172026],[55.33076352137156,-21.09418669446817],[55.32925930559414,-21.093569402011845],[55.328417004912616,-21.093580070613765],[55.326855522475796,-21.093866364049813],[55.3259688989402,-21.09370947865114],[55.32342128344893,-21.092242698847777],[55.32219504901806,-21.091988497222392],[55.32145090774819,-21.092172626461082],[55.32027751246101,-21.092098683935706],[55.319111036122344,-21.092350880589645],[55.31781109291822,-21.092318120151123],[55.31748194908364,-21.092145041476684],[55.31602534684627,-21.092434081747307],[55.31516701271378,-21.092245807575804],[55.3146555235579,-21.09245299250631],[55.314032884863295,-21.092360090777667],[55.313870914968916,-21.09204324171942],[55.31315887018129,-21.091941318662368],[55.312415081379214,-21.09217870358996],[55.31168067554524,-21.092011516942808],[55.31070179734194,-21.092525661763265],[55.30923687811268,-21.09210278972432],[55.308642622089046,-21.092563850626608],[55.30758280891269,-21.092914582434457],[55.30698914924632,-21.093831789609723],[55.30632922519231,-21.093631902566468],[55.30586768314349,-21.093761878380796],[55.30480392999574,-21.094458501056415],[55.3032734561717,-21.094553392953504],[55.30281297329801,-21.09433561594433],[55.30156141303675,-21.094533545189677],[55.301241300799916,-21.094752540476524],[55.30038871482011,-21.094482956103036],[55.2996719383124,-21.094458609007386],[55.29910739554213,-21.09475824887225],[55.29877676916357,-21.095646447722142],[55.29786340853857,-21.09640234118315],[55.29658538917151,-21.0966397099364],[55.29562767612273,-21.09731656140509],[55.29413233511539,-21.09795638501678],[55.293078600486695,-21.09785364863837],[55.29256918497672,-21.097959620165287],[55.29140230586253,-21.09866053406733],[55.28863757638917,-21.09936699708073],[55.28759006329104,-21.099728561212597],[55.28528839394141,-21.10008918160255],[55.283320418516546,-21.10030772557301],[55.28194535295423,-21.100358831307908],[55.28034130397888,-21.101153688478465],[55.2797385690304,-21.101254157360703],[55.278204249983425,-21.102594360092848],[55.27770953240976,-21.102759145802477],[55.27675552802495,-21.102353827999742],[55.27551063012134,-21.10296712078251],[55.27533822333705,-21.10339350677897],[55.27484249413531,-21.103478787602885],[55.27329162731785,-21.10441321492881],[55.27242949405011,-21.104802763212252],[55.271804740571525,-21.10480813728118],[55.27127468296749,-21.105280550245443],[55.26979940320483,-21.10600164446109],[55.26883048851563,-21.106135367904866],[55.26792371874821,-21.10647114452417],[55.267544367529446,-21.107060700030733],[55.267625795112174,-21.10808942564005],[55.26709285461539,-21.108642183240736],[55.26591269395766,-21.107901194350106],[55.26512850221195,-21.10779290940544],[55.26417503460197,-21.10816973604945],[55.261824295596014,-21.108844755561236],[55.26097593110253,-21.10936986971425],[55.25961944255682,-21.10980214764104],[55.25884046693087,-21.109081488632324],[55.25842627217915,-21.10902394177552],[55.257334674394286,-21.10935775982478],[55.256782178109574,-21.109850667362302],[55.255188308840346,-21.10975568406608],[55.25480663438088,-21.109551234882684],[55.254205505201305,-21.109675110554026],[55.254508431308196,-21.110933734990727],[55.25430456964549,-21.11182132697135],[55.25340174663898,-21.112225708520945],[55.25294906067343,-21.113153185749724],[55.253410418076584,-21.113951889302967],[55.25500471429454,-21.115001621290304],[55.25562246451727,-21.115680895954476],[55.25617178069068,-21.11603881395325],[55.256027705416486,-21.116670502716296],[55.25662964668648,-21.117467936064486],[55.25718224739512,-21.11771027022306],[55.257256651141084,-21.118262915665095],[55.25849384428612,-21.119068682761387],[55.25905377417148,-21.11959109143082],[55.25973059175641,-21.120491350865827],[55.26070905145396,-21.12293202241945],[55.26137091971687,-21.123712895050215],[55.26326608893599,-21.125145007302883],[55.26317841748096,-21.12556411597389],[55.26358143210651,-21.126172517083763],[55.26429103255179,-21.12632882532082],[55.26406179756594,-21.126835001491482],[55.26527344727672,-21.126949482111048],[55.26578161951724,-21.12654642030112],[55.267170255453856,-21.127253420569467],[55.267760408878935,-21.12783121063932],[55.26769763269038,-21.12842851577723],[55.26812797984364,-21.12942106549453],[55.26797811897807,-21.1303878098918],[55.26971976596094,-21.130876203790706],[55.27031521584853,-21.13091660998557],[55.27106162729795,-21.131719990450062],[55.2708747977643,-21.132472291812952],[55.271012294669916,-21.133151128952825],[55.270787315424464,-21.133789231682016],[55.27135887335832,-21.134313529810864],[55.27148877011273,-21.13556494587226],[55.27193406862519,-21.135686913010808],[55.27299572634579,-21.134711401964005],[55.273564323311554,-21.134661199262695],[55.274619571011804,-21.134903186279878],[55.27503710848244,-21.134762017968445],[55.27692632000134,-21.133735294712743],[55.27777892981443,-21.134100751066132],[55.27943741827699,-21.13371024707934],[55.280704917640854,-21.133913706770606],[55.28250203152233,-21.13394097706483],[55.283774440135225,-21.13288262548424],[55.28482234674479,-21.132926663156976],[55.28620152783449,-21.131622785989926],[55.28679721304727,-21.13147616423148],[55.28777706392424,-21.130823088567475],[55.28873112448061,-21.130654791719742],[55.28931988894433,-21.129852330564347],[55.29042817853107,-21.129246601299258],[55.29181011385289,-21.12803121957149],[55.292925534963445,-21.127641421723833],[55.293547440941005,-21.127725368538467],[55.29543519212058,-21.12731352604578],[55.297550015802884,-21.127248987507713],[55.29919729515655,-21.127071337505207],[55.299792809031736,-21.12676840329291],[55.301198690936545,-21.126907159162485],[55.30259953472358,-21.126220277075745],[55.303126219994695,-21.125535466624022],[55.303878717438465,-21.125394869394395],[55.30423238426982,-21.124770647084194],[55.30536198593281,-21.124060249500292],[55.306185350802494,-21.123697245801168],[55.30708058077199,-21.123787488226878],[55.307716661418596,-21.123215758858723],[55.30926741905595,-21.12263148007447],[55.31074704014211,-21.122207257150688],[55.31319480115885,-21.121639109180624],[55.31426827262265,-21.121119580441796],[55.315316381821845,-21.119861828017907],[55.317581095039905,-21.11947244537429],[55.31831391543509,-21.119536626416814],[55.31929933429047,-21.11931065330837],[55.31965847264899,-21.119390089662826],[55.32104585794233,-21.119201513129724],[55.32144942818578,-21.11952436381797],[55.32238585226913,-21.11903232756987],[55.32308186949348,-21.118003174325015],[55.324276316684816,-21.117763884374988],[55.32521367566143,-21.117015313303604],[55.32603491000612,-21.11760693777971],[55.326987440031665,-21.117564859648766],[55.32896774119289,-21.116951212154788],[55.3293866000916,-21.11659764906281],[55.33056308107154,-21.116929904094185],[55.331586984290894,-21.11739162260102],[55.33238705526114,-21.117553957514456],[55.33420243394277,-21.11739748429415],[55.33519660514348,-21.117160663225565],[55.336188428746595,-21.116702512304215],[55.337440519374645,-21.116557633604774],[55.34076693982335,-21.11599498448519],[55.34146547152993,-21.115333403017612],[55.34257087412882,-21.11496032864032],[55.34311668935312,-21.115046960776],[55.34699821826667,-21.11477053043609],[55.34837828383267,-21.11428086410146],[55.350690040168985,-21.114064012264567],[55.350981974677374,-21.114214990230998],[55.35341661927629,-21.11472552941422],[55.354045407890695,-21.11462143859316],[55.354960606494046,-21.114209399377728],[55.35650602912165,-21.11452337885911],[55.35731750408088,-21.11505063066574],[55.35787175944163,-21.114983740613734],[55.35834700101884,-21.115273780621617],[55.35900999328092,-21.11529826790353],[55.35924960927407,-21.11504315440296],[55.3606514155503,-21.114937489120198],[55.362069779083235,-21.114463434956253],[55.363974461559515,-21.114849468508414],[55.36451576166894,-21.115437308128275],[55.366152356661786,-21.11516495007888],[55.366888848664736,-21.11533463984254],[55.36752429094264,-21.11497403139629],[55.36920794341284,-21.115415687574107],[55.37010892409015,-21.11489232414722],[55.371507891476845,-21.115222825658837],[55.37388248707213,-21.116041420301165],[55.374301398770726,-21.116733740288602],[55.37544400689393,-21.117270408916795],[55.37581311075447,-21.11723329971238],[55.37646935914912,-21.117613547699534],[55.37689342824012,-21.11756793000977],[55.37730772297387,-21.117978375169],[55.37778399759803,-21.1180010014353],[55.37823531619157,-21.118548194635768],[55.37898722304914,-21.118631265776152],[55.37975596050707,-21.11902612718737],[55.380519386104915,-21.11875792468466],[55.381309942516495,-21.119094274421133],[55.38310916616066,-21.118829629645443],[55.38395487798065,-21.11860736070767],[55.38617455121809,-21.11765206614497],[55.38714600752323,-21.11746259321262],[55.38883931356563,-21.117465153580426],[55.38951421475499,-21.117993669167426],[55.39068864667873,-21.1178178476602],[55.391538511710905,-21.118369696224306],[55.39205413300666,-21.118314973348397],[55.39291960440173,-21.118580621404238],[55.39384365227719,-21.118055540508234],[55.39496065100958,-21.11838588926502],[55.39595863825714,-21.118951765787],[55.39765596988463,-21.11920900443756],[55.39815629614794,-21.11905475657047],[55.39902954456146,-21.11994281399805],[55.40077764693536,-21.12013546510249],[55.40147415724898,-21.119371531775943],[55.40215845122905,-21.119208168002988],[55.40290232914221,-21.119413905588264],[55.40340327603371,-21.119291262981463],[55.404863098126256,-21.119884926090915],[55.4056400909928,-21.120595903645597],[55.40603690878789,-21.121389114182502],[55.407370865711094,-21.121872274608926],[55.4084800556665,-21.1221283938056],[55.40880535213242,-21.12195711407404],[55.41034435148652,-21.12217209304092],[55.411264413301964,-21.121927801845576],[55.41173055096293,-21.122362140143764],[55.4125811254649,-21.122405340860478],[55.41338541236781,-21.122636892196923],[55.413982332900986,-21.12236155730575],[55.41477261060605,-21.122733884875903],[55.41603184714637,-21.122733017364734],[55.4169629712493,-21.122171741832773],[55.41694677317671,-21.12179310992471],[55.41810676863182,-21.121073179421103],[55.418172820057755,-21.120473104717373],[55.41862052763766,-21.11928764387165],[55.419014127168744,-21.11902845800645],[55.41938940263571,-21.118227122606868],[55.41982315078742,-21.11772170926832],[55.421064615089776,-21.1173042165493],[55.42169353608429,-21.117276653927455],[55.42246208423459,-21.11660814468784],[55.422569131397736,-21.116134910202266]]]},"properties":{"ID":"COMMUNE_0000001400385504","NOM":"Les Trois-Bassins","NOM_M":"LES TROIS-BASSINS","INSEE_COM":"97423","STATUT":"Commune simple","POPULATION":7113,"INSEE_CAN":"14","INSEE_ARR":"4","INSEE_DEP":"974","INSEE_REG":"04","SIREN_EPCI":"249740101"}},
{"type":"Feature","geometry":{"type":"Polygon","coordinates":[[[55.40554959308538,-21.147417344207888],[55.40606872136797,-21.14875368166845],[55.40670388788692,-21.14923479259764],[55.40759921483232,-21.151140126453246],[55.40827656123762,-21.15182035268573],[55.40974715091242,-21.152969614084782],[55.41031214446224,-21.15371291059674],[55.41026503925762,-21.153976228587272],[55.41103211463189,-21.154822589965768],[55.41102983333053,-21.155577718704485],[55.41061113200016,-21.15664418398272],[55.4112496086175,-21.15727074072735],[55.4113148508965,-21.15891714681179],[55.41114642368576,-21.159359983386608],[55.41173235865353,-21.160219094041313],[55.41253634349958,-21.162393632324186],[55.412566294660024,-21.163106608767585],[55.413181830233526,-21.16444292993001],[55.41409216441503,-21.165316819649885],[55.41542783961201,-21.166943517985477],[55.41564812781226,-21.167327673492778],[55.41648454033671,-21.168092464385083],[55.41753539656458,-21.168615369943442],[55.41794428013752,-21.16901483688834],[55.41890972378061,-21.169420410850275],[55.4190736792041,-21.16966944541136],[55.420231038323564,-21.170231269088465],[55.42122738501248,-21.171174577608785],[55.42204963855772,-21.171463176423234],[55.42285328947177,-21.17268921479962],[55.42334953388246,-21.173026254262545],[55.42401269603334,-21.174061286464248],[55.42442077524892,-21.175176139042662],[55.42593343776104,-21.176751118430854],[55.426936371676895,-21.176988083337108],[55.42841801586563,-21.177766049450224],[55.429258423354696,-21.178711478619842],[55.43003383551245,-21.179063739945917],[55.429977397550935,-21.180669271381362],[55.43057215095466,-21.18235311368929],[55.43143277579284,-21.18385063369848],[55.43238104858047,-21.184984032389895],[55.43398415844809,-21.18557880936239],[55.43469905113851,-21.18555472024434],[55.43624552291992,-21.185950227065174],[55.437232061070695,-21.186380288155878],[55.43771584543282,-21.18772705775592],[55.43774024233833,-21.188888017404025],[55.43755143744934,-21.189990098061063],[55.43874004073786,-21.190075154772977],[55.44455258891492,-21.19063731731278],[55.445730909404716,-21.191522552013172],[55.44642065079631,-21.19132746008291],[55.44711627406331,-21.19139889211916],[55.44865096487016,-21.190902626365748],[55.44956124790634,-21.191355404383046],[55.45108706035282,-21.192819193218174],[55.45121752730117,-21.19333165637591],[55.45204547460281,-21.19364636580198],[55.45307490994328,-21.193296281385727],[55.453422512953765,-21.19275116084692],[55.45424255948898,-21.191973697745844],[55.45466280065038,-21.191759846525127],[55.45578875288387,-21.191574124570295],[55.456297758807025,-21.191994294023054],[55.45638476059281,-21.192612946463004],[55.45691774524302,-21.192765053049133],[55.46204822230255,-21.19494272177479],[55.46338940432518,-21.19387818912969],[55.46452090184137,-21.193715945544383],[55.46530653124513,-21.193468352266677],[55.46594455535613,-21.192683756064522],[55.466353217356684,-21.192470673155675],[55.46672822850128,-21.191784855915927],[55.4677273319875,-21.19110289170071],[55.468544900505115,-21.191212377200873],[55.469521488080645,-21.190564523206966],[55.47040022570528,-21.18959691060942],[55.470665283635455,-21.189110621544803],[55.47150271257865,-21.18906761338425],[55.47299537152454,-21.18993473267726],[55.47408847768093,-21.19031857619057],[55.47492460000799,-21.190121977441002],[55.47629492312717,-21.189490281791407],[55.478447149868295,-21.188969496997423],[55.47913426630601,-21.18808502081034],[55.48027614606801,-21.1879381180382],[55.48131569239178,-21.187625885595764],[55.48268329600213,-21.18687848731393],[55.4832599581859,-21.186715648284643],[55.48377989441812,-21.186259625944682],[55.48552400660296,-21.185612234890122],[55.486327884108825,-21.184889561693264],[55.487437430954294,-21.18432047298323],[55.488429631103415,-21.183261635591155],[55.48905152773112,-21.183100083522703],[55.49083248728476,-21.18185316435166],[55.491915611139135,-21.180751756859575],[55.49290848978503,-21.180190621516605],[55.49347444840147,-21.179559733836292],[55.49382113655062,-21.17889708111199],[55.49446149699707,-21.17833640762374],[55.49533217215898,-21.176905179986846],[55.49522176473416,-21.176109280779453],[55.49581937580711,-21.1748219557047],[55.49662565167086,-21.171087596056395],[55.49718077470792,-21.170666165615398],[55.497845606930014,-21.16958448066513],[55.49798093283033,-21.16877179513629],[55.497682070619355,-21.167658965320697],[55.49758312183847,-21.166776450013685],[55.497785127267605,-21.16660842098026],[55.498078904585356,-21.165076295917814],[55.499092066824595,-21.163827872912456],[55.499244889130736,-21.16280667430821],[55.49995862139432,-21.1617407677885],[55.500593018381274,-21.160328183845756],[55.50130321713865,-21.159706671305255],[55.50180832939781,-21.158220670633035],[55.50163570549927,-21.157575979415633],[55.50170677820098,-21.156063550880397],[55.501257034642514,-21.155206835284556],[55.50130879793571,-21.15465626964916],[55.500954912565426,-21.153556506500895],[55.501294450961936,-21.152924481276035],[55.50114054700235,-21.15214265098598],[55.50162571169952,-21.150339406836846],[55.50155233050009,-21.149689270881748],[55.502056781699935,-21.14855194131677],[55.5018178047224,-21.14713342165103],[55.50232021095498,-21.14677292703288],[55.503714176263465,-21.144886477522377],[55.50462210578562,-21.144413934540804],[55.504865637753305,-21.143462179396],[55.50621183376528,-21.141820083528707],[55.506408352552235,-21.141042251323686],[55.50631457095999,-21.140120036272602],[55.50670668574457,-21.139712484110767],[55.50704316416147,-21.139476071407117],[55.507304353219446,-21.13848923719533],[55.50695997594855,-21.136054458574954],[55.50730658452991,-21.13567089265159],[55.50724894009559,-21.133254901171735],[55.50670333403791,-21.130052330174113],[55.50631916523174,-21.129188979672698],[55.50603880640919,-21.127766484246724],[55.50532642881837,-21.12612608946192],[55.504695157231566,-21.125807968569983],[55.504208864523164,-21.124857896917955],[55.50409453261333,-21.123298656581287],[55.504158397483145,-21.122306469280257],[55.50320964990393,-21.120528481580916],[55.50267024923359,-21.11921299496947],[55.50196733395057,-21.118267326782885],[55.50161068147088,-21.11744937676739],[55.50062959411521,-21.11650034031068],[55.500662549081376,-21.116286544618276],[55.49816112995547,-21.1136411485455],[55.497535683881544,-21.113324862241072],[55.49709659710907,-21.112761813175364],[55.49596833899047,-21.112189035257106],[55.49586208209257,-21.11184302370156],[55.49522732634113,-21.11140108524194],[55.494668975587025,-21.111401546939206],[55.49362154036257,-21.110357938924732],[55.493423232460366,-21.109690429281457],[55.4927159025988,-21.10862002953932],[55.49240071614282,-21.107897280346727],[55.49238978971091,-21.10697760318796],[55.49180663169641,-21.106576761536985],[55.49135165961343,-21.105303548368994],[55.490867604814774,-21.105098702908936],[55.49027370483069,-21.104428571543245],[55.48969480865752,-21.10436921610843],[55.48878902404304,-21.103794763011177],[55.488000755729445,-21.102738077657747],[55.486863025323544,-21.10244609184287],[55.48661502843264,-21.101936213095485],[55.48615539334231,-21.10169815015634],[55.48507819446608,-21.1015132849501],[55.48359724274858,-21.10089662968882],[55.48257055251244,-21.100099751181972],[55.481489961267975,-21.10034481274218],[55.48061195060736,-21.10026287519281],[55.47981336218344,-21.09899829984741],[55.47956122664866,-21.097574218044375],[55.479998458235976,-21.095755243207375],[55.47988365305132,-21.095307975321916],[55.479316670253695,-21.09493343541187],[55.4788822764048,-21.093921437651883],[55.47840587162187,-21.093348977595614],[55.47738892172162,-21.092548545246636],[55.477020841082364,-21.091831620099136],[55.47643379513091,-21.092010624504248],[55.47578955654704,-21.091757327516707],[55.475369683460215,-21.091117619015765],[55.47428610238904,-21.09100128426438],[55.47300738187335,-21.089824499831117],[55.471988074057734,-21.089730409108668],[55.47117651596963,-21.089087162488656],[55.470840467495606,-21.088629765829065],[55.47004406168761,-21.08829377801572],[55.46983593658008,-21.087845663121847],[55.46901781844606,-21.087374881022292],[55.46791280342936,-21.087193275046886],[55.467453773463895,-21.086903681414643],[55.46720667186438,-21.08640914258326],[55.46642761346817,-21.08588540610755],[55.46550140907686,-21.085632232959146],[55.46478596537739,-21.085662796130258],[55.463939105976756,-21.085743655317003],[55.46294366715271,-21.086701184478194],[55.46276234041446,-21.08748632707484],[55.46228942678502,-21.088079130698624],[55.46225770101381,-21.0885431458303],[55.46107709543511,-21.089159338080236],[55.45937451092546,-21.09036335385885],[55.459036454772,-21.09094382222283],[55.45864293470941,-21.091022447973025],[55.45836785189866,-21.091562837993504],[55.45836282539504,-21.092329703429726],[55.45747878272128,-21.092838359431912],[55.45557906349731,-21.093179685292935],[55.45501732401859,-21.093608157828086],[55.45499439439331,-21.09414993485096],[55.45525061454105,-21.09506280513663],[55.45585462436028,-21.096225445866462],[55.45569517527832,-21.09665848593198],[55.45582605585844,-21.097312770753437],[55.45643623238396,-21.098066266624098],[55.45551185699609,-21.09921318259247],[55.455447586666786,-21.099750066275597],[55.45495766139077,-21.100398695292075],[55.45337852274816,-21.10119095290459],[55.45237564071849,-21.101178188475608],[55.45035668852543,-21.10297991248832],[55.448925225231726,-21.103914391309093],[55.4483411697401,-21.104076158421528],[55.44693779837958,-21.105084044038467],[55.44531654937739,-21.105844219733832],[55.44448008838993,-21.10611657100283],[55.44380829030831,-21.106752655013594],[55.4428488661701,-21.10718465711163],[55.4419045133806,-21.1072789561743],[55.44053326860936,-21.107784842857058],[55.43968289677927,-21.10837319759543],[55.43935251666069,-21.108852520043836],[55.43812615691637,-21.110045326806883],[55.436772231145596,-21.11119178182201],[55.436351931218255,-21.111339659441434],[55.435889019757155,-21.111879175786832],[55.43541185390325,-21.11194161571829],[55.43458411222379,-21.112387429540497],[55.433890316206856,-21.112361147026544],[55.43282043025438,-21.11258069537395],[55.43220759096415,-21.113553301786315],[55.43128927674827,-21.11382211693201],[55.430958995994594,-21.113647432236483],[55.42990903064549,-21.11371087499699],[55.42915632477859,-21.113336256636746],[55.42858351849978,-21.113521542402783],[55.427908992165484,-21.11422437629555],[55.42776555535726,-21.115229320760523],[55.42720767765093,-21.11573270104473],[55.42626526867213,-21.116002167336244],[55.42595905540226,-21.11664879469496],[55.42523430618906,-21.116999766795356],[55.42390641560375,-21.117124721867512],[55.422569131397736,-21.116134910202266],[55.42246208423459,-21.11660814468784],[55.42169353608429,-21.117276653927455],[55.421064615089776,-21.1173042165493],[55.41982315078742,-21.11772170926832],[55.41938940263571,-21.118227122606868],[55.419014127168744,-21.11902845800645],[55.41862052763766,-21.11928764387165],[55.418172820057755,-21.120473104717373],[55.41810676863182,-21.121073179421103],[55.41694677317671,-21.12179310992471],[55.4169629712493,-21.122171741832773],[55.41603184714637,-21.122733017364734],[55.41536005447334,-21.123259678342173],[55.41464728894486,-21.123474316510553],[55.414080089799185,-21.12412299210678],[55.4135735942374,-21.125037802291576],[55.413053699922216,-21.125220817480436],[55.412576499590486,-21.12636714150628],[55.41049690203465,-21.127007945914166],[55.40976698221549,-21.127926065563646],[55.4096752150772,-21.12885740114859],[55.409252182464634,-21.130066549077004],[55.408849033108005,-21.130494535216688],[55.40831597759666,-21.132539093715785],[55.40829634163241,-21.133386196078586],[55.408509434812345,-21.133716996845543],[55.40853420669828,-21.134643102856913],[55.40783250761913,-21.135618383281138],[55.406698374859886,-21.135614941417334],[55.40603164227644,-21.135839908498724],[55.40449901064428,-21.13726622015964],[55.40371619738273,-21.139069032647207],[55.40368574355682,-21.13966491613182],[55.404074230759505,-21.14114906919613],[55.40466038528389,-21.142427328124274],[55.404993706910204,-21.144029290438738],[55.40565931838675,-21.144812389661237],[55.40547739815756,-21.144986817335887],[55.40531113863494,-21.145856924678483],[55.40554959308538,-21.147417344207888]]]},"properties":{"ID":"COMMUNE_0000001400385508","NOM":"Cilaos","NOM_M":"CILAOS","INSEE_COM":"97424","STATUT":"Commune simple","POPULATION":5215,"INSEE_CAN":"16","INSEE_ARR":"2","INSEE_DEP":"974","INSEE_REG":"04","SIREN_EPCI":"249740077"}},
{"type":"Feature","geometry":{"type":"Polygon","coordinates":[[[55.660670189874786,-21.20352854790078],[55.661279321911955,-21.203279533008594],[55.66154730961006,-21.202724283806752],[55.66238281973137,-21.201618866153858],[55.66366986836425,-21.20096779350509],[55.66419436538951,-21.201023433722458],[55.66463964969983,-21.200568047132755],[55.665291422966824,-21.199537946388595],[55.66589029922536,-21.198926584642134],[55.66717755645949,-21.19792588386162],[55.66725275381052,-21.197704250057093],[55.66849849278313,-21.1966047441308],[55.669086110315114,-21.196279646975636],[55.670085661497325,-21.19620802236711],[55.67083186900314,-21.195275300370415],[55.67094787536637,-21.19490583400468],[55.67208117196121,-21.194526298772374],[55.67320895592562,-21.193037381244793],[55.674243819126666,-21.192460124101654],[55.675067305675555,-21.18966073201177],[55.67563806257284,-21.188844950421704],[55.676223810032354,-21.1874267391715],[55.67724791389188,-21.186320907656548],[55.678764002224746,-21.18556219503059],[55.67950222766895,-21.184973549107266],[55.68140686189001,-21.184495180357548],[55.682632720632505,-21.184636630945903],[55.68429492826193,-21.185429184825356],[55.68528151359759,-21.185725939883785],[55.68561865533033,-21.186159468752244],[55.686694743579096,-21.18635663800351],[55.68706338246224,-21.186278198980887],[55.688068167978244,-21.18658772677689],[55.68892087456013,-21.187103843943092],[55.69051632639179,-21.186624780406568],[55.691651804030215,-21.186532396945214],[55.69263655145995,-21.185945599813337],[55.69468103582853,-21.1859921168073],[55.69560765939038,-21.185551198823],[55.6970479531323,-21.184198217514442],[55.69813260489003,-21.183417931709908],[55.698430852270015,-21.183347055438382],[55.69924431658379,-21.182515891357376],[55.69942536410024,-21.18196893746993],[55.70072336398879,-21.180799114474187],[55.70141830674691,-21.179860429527917],[55.70191569241354,-21.17948483274087],[55.70260419481356,-21.17850995778788],[55.70328428682181,-21.177835838494357],[55.704261999169034,-21.177160383854925],[55.70524342111312,-21.176721635624755],[55.70596036183671,-21.1761272836909],[55.70724232198066,-21.175461365911225],[55.708656834034464,-21.17516864094111],[55.70949780643274,-21.175151573892645],[55.710787024924706,-21.174090004744105],[55.71184147631247,-21.17355511181777],[55.71311556418436,-21.173125771943745],[55.71404384223275,-21.173035269225604],[55.71569873270519,-21.172450713780574],[55.689869325922515,-21.143598505973603],[55.68647893309442,-21.13976451627145],[55.68399356225682,-21.137050455906],[55.67932471126697,-21.13181158767168],[55.67305472280244,-21.124874377302174],[55.67161941435184,-21.12322622089099],[55.66642531416639,-21.117497799623504],[55.6597036438368,-21.109961263511845],[55.65532897246064,-21.105166770176854],[55.65429651558691,-21.104898408081493],[55.653686024785834,-21.104595449812866],[55.65187990598439,-21.104292020112318],[55.65139618398745,-21.10402348645657],[55.65090802849167,-21.103286972069196],[55.65024255952722,-21.10321030958263],[55.649341921754164,-21.102845404013756],[55.64817558032422,-21.102907474646347],[55.645370070395195,-21.10241262262348],[55.644289447688706,-21.103212497501126],[55.64314377352698,-21.10343640084101],[55.64144324708819,-21.10443997141092],[55.64047898909367,-21.10450902773948],[55.63974804000845,-21.104857283315088],[55.6381270578199,-21.10484065629413],[55.63749293728867,-21.105232137671276],[55.63667794951449,-21.10603228885516],[55.636426134479265,-21.1072525133685],[55.63599837932047,-21.108130753871908],[55.634980980733225,-21.108849770785763],[55.63430401878802,-21.11002772203451],[55.63419428409942,-21.110867867613063],[55.63318543075898,-21.11159687809028],[55.633211053675346,-21.11384464742473],[55.6319755811728,-21.115242115066717],[55.63124596509432,-21.11575204245161],[55.63098499803924,-21.11701825218375],[55.63004968934378,-21.11759516717475],[55.628604994948304,-21.117447977326506],[55.6275843718446,-21.11787874680898],[55.62706264385528,-21.117765213969033],[55.62642776195863,-21.11802113947581],[55.62512550048612,-21.11798438079875],[55.62452810432004,-21.118142137081417],[55.624041015333546,-21.117404655700355],[55.623534079161495,-21.11819278356623],[55.62249829939611,-21.119011842073764],[55.621148228735585,-21.119147204995922],[55.620415148853795,-21.119088843169965],[55.62012761491694,-21.119469525154603],[55.61916359144636,-21.119502322681893],[55.61795057719456,-21.120015476170018],[55.617163959542516,-21.120643213934],[55.615444476548326,-21.121782756215325],[55.61455925594808,-21.122140475189585],[55.61394588570654,-21.12266753423985],[55.61385227172571,-21.123209684523122],[55.61321538909637,-21.124504399418118],[55.61281219940198,-21.12489496082017],[55.611879558394605,-21.125379649075757],[55.611597122360315,-21.126346633086897],[55.610565058735446,-21.126443863205296],[55.60983606451238,-21.127080166248646],[55.60923177182043,-21.126217020404166],[55.608498328096125,-21.126194736733154],[55.60768491456783,-21.125766187268184],[55.606932134932414,-21.125752771522397],[55.60632209026956,-21.125404479750472],[55.60510572275824,-21.125340267034183],[55.60370701729633,-21.125727121932815],[55.60295616672311,-21.125610722377335],[55.60225492136469,-21.126262577305553],[55.60114918454427,-21.126823464096727],[55.600677958470335,-21.127483534635928],[55.60030426222311,-21.128522913369277],[55.60000692255913,-21.129940522408962],[55.598112234570266,-21.129925753905656],[55.59691038951476,-21.130668291730665],[55.596458280898624,-21.13062389497604],[55.595312632443495,-21.13010129500375],[55.59373994476846,-21.128715154930973],[55.593179668308714,-21.128604810564653],[55.59267220134905,-21.127999868397318],[55.59152636767006,-21.126073439991114],[55.590061601826875,-21.126009763706655],[55.589638635610584,-21.12543081031763],[55.58748339147358,-21.124775089799275],[55.586779872355514,-21.12464456040301],[55.58488218260366,-21.124852748522894],[55.583353387018136,-21.125146204914763],[55.58198773194193,-21.125596388297367],[55.58170865978813,-21.12588583247789],[55.579949629273564,-21.126595577988553],[55.57962222630178,-21.126904486813515],[55.57846357736062,-21.129068212963887],[55.57804355820304,-21.1291938654501],[55.57672691457652,-21.129143962861423],[55.57556473780532,-21.129352801976058],[55.57332279225807,-21.130917491323977],[55.57349981632709,-21.13173650718114],[55.572887934943594,-21.132893953298208],[55.57270676386801,-21.133513925647403],[55.573195810805984,-21.134426808712355],[55.57454196343093,-21.135624233909713],[55.574726178844465,-21.13619579345231],[55.575451532677825,-21.136665311964084],[55.577634368684784,-21.13686252417521],[55.5788731093754,-21.137112311338466],[55.57969542365881,-21.13680575084465],[55.5804613038945,-21.13716718743755],[55.58069031183705,-21.137992053332635],[55.581062591773964,-21.13823094630695],[55.58175150240815,-21.13929543733859],[55.5817834380106,-21.139784413868803],[55.581496116608186,-21.141038557872573],[55.581247340543264,-21.14148001491601],[55.58136882236053,-21.142575885224634],[55.58049450436561,-21.142779035118096],[55.58017798517623,-21.14355867577625],[55.5800060647066,-21.14452290725971],[55.580246444730186,-21.145266568051497],[55.580911500430545,-21.145906291685467],[55.58178090860659,-21.146423063942926],[55.5825765873215,-21.14669440852899],[55.58270291087272,-21.14728263952696],[55.58266914560351,-21.14870602575094],[55.58405021874293,-21.14939147992693],[55.58492102307956,-21.149257841519688],[55.585710763740146,-21.149446918319654],[55.58615085424707,-21.149849873481298],[55.58705837059122,-21.150312738055092],[55.58691956388189,-21.15093669332027],[55.585953410334064,-21.1518825544051],[55.58602328339407,-21.152434177966555],[55.58800708816657,-21.155266466265605],[55.58869930175293,-21.156096994547205],[55.58980158830158,-21.157148644648853],[55.589458425194,-21.15982690958516],[55.58957879758453,-21.16135185448915],[55.58920042700225,-21.16256098671136],[55.58885984795326,-21.163135382433275],[55.58719313160613,-21.16351081079553],[55.58696184343776,-21.16393345002444],[55.58789564291212,-21.16610114147751],[55.58860011442819,-21.167268720842806],[55.590103706010325,-21.168461028385995],[55.59107312273293,-21.168909035640716],[55.59128322112364,-21.169300126958454],[55.59089617988108,-21.17101686834331],[55.59110636883791,-21.172517266228123],[55.591036413183375,-21.1728870540537],[55.59138818466639,-21.17347173789554],[55.59265975125616,-21.174053239225405],[55.59336939702879,-21.17417206230799],[55.594437602255645,-21.173955109487288],[55.59499653608672,-21.173613774008473],[55.595768603122416,-21.17477195174693],[55.596496578681744,-21.175092360028213],[55.59804917620384,-21.174881211367666],[55.59919048831706,-21.174264652590022],[55.60036674281284,-21.174027780077868],[55.600235556298784,-21.176403396357863],[55.60053591914947,-21.177543194853165],[55.60112894237844,-21.178287942779882],[55.6031890728377,-21.17982711496773],[55.60455129532493,-21.179688409808392],[55.605533704994464,-21.180201487253175],[55.606283051364294,-21.181021582461536],[55.60670575932346,-21.180931119046775],[55.607108302434625,-21.181348169388208],[55.607517436029156,-21.181164547362243],[55.60895497337865,-21.1817274251233],[55.61005154828124,-21.18249796774116],[55.610818919631114,-21.182629841500763],[55.6110510471171,-21.182423075721267],[55.611240755070924,-21.181498702711234],[55.61179852302468,-21.18148792733366],[55.61279395048864,-21.181022744612815],[55.613939246131565,-21.18101136243309],[55.614374817930525,-21.181193796491982],[55.61525214331747,-21.180998635475888],[55.61659639224911,-21.182895835893298],[55.62006480078629,-21.182372240201047],[55.62196532975142,-21.18162260661745],[55.624405403389275,-21.180955933775984],[55.62523208361003,-21.179153244508406],[55.625771446736074,-21.177276849853005],[55.62602804321016,-21.175877835217094],[55.62638970431332,-21.174886182198023],[55.626689416288905,-21.174553472775298],[55.62858226315375,-21.173369182339005],[55.6291724673793,-21.17286628324464],[55.6294561418239,-21.171973358757736],[55.629530054988216,-21.170745395971302],[55.62988876730514,-21.17006988342893],[55.630352978816475,-21.16975566290506],[55.63181940317686,-21.16916589856496],[55.63279491523613,-21.16854685906892],[55.63425251803659,-21.167866665629205],[55.63597818302393,-21.167359355439444],[55.63770298096734,-21.16705075861878],[55.638203988585346,-21.167238174822145],[55.63878692543744,-21.168155258301688],[55.638778216300516,-21.169317808845168],[55.638521612564894,-21.169679796115616],[55.6390898696466,-21.170307686386067],[55.63925822820837,-21.170959458260793],[55.63995468852807,-21.1716814232741],[55.642159297182936,-21.175366771904564],[55.64300818101116,-21.175748480452366],[55.643839609097746,-21.176460673853924],[55.64428889676613,-21.17714902236295],[55.64506187093712,-21.177724334468394],[55.6453041387219,-21.17819602209989],[55.64512258777496,-21.1785658473248],[55.645590124935644,-21.18021280179334],[55.64630481516139,-21.18073886064471],[55.64637643636115,-21.182287789722544],[55.64617239297329,-21.182588780484178],[55.64672614938583,-21.183019599732965],[55.64680358105626,-21.183401436685767],[55.64766964070146,-21.18401903807213],[55.64783074686651,-21.184626480263848],[55.648453277263194,-21.185121982943222],[55.64942279023396,-21.186440505970594],[55.65005450006648,-21.186562989548705],[55.65042161771867,-21.188245264956652],[55.65133464109723,-21.189848788405154],[55.65228560099027,-21.191094880092656],[55.652021551525145,-21.191958191358026],[55.65215528049881,-21.19282557890433],[55.65257550858783,-21.19311619856354],[55.65354781835801,-21.193391343769182],[55.653619124709365,-21.194132666150967],[55.65429274333434,-21.195587923595927],[55.655350906874624,-21.196809559865905],[55.65867580989716,-21.201217285123803],[55.660670189874786,-21.20352854790078]]]},"properties":{"ID":"COMMUNE_0000001400385499","NOM":"La Plaine-des-Palmistes","NOM_M":"LA PLAINE-DES-PALMISTES","INSEE_COM":"97406","STATUT":"Commune simple","POPULATION":6920,"INSEE_CAN":"07","INSEE_ARR":"3","INSEE_DEP":"974","INSEE_REG":"04","SIREN_EPCI":"249740093"}},
{"type":"Feature","geometry":{"type":"Polygon","coordinates":[[[55.50670668574457,-21.139712484110767],[55.50631457095999,-21.140120036272602],[55.506408352552235,-21.141042251323686],[55.50621183376528,-21.141820083528707],[55.504865637753305,-21.143462179396],[55.50462210578562,-21.144413934540804],[55.503714176263465,-21.144886477522377],[55.50232021095498,-21.14677292703288],[55.5018178047224,-21.14713342165103],[55.502056781699935,-21.14855194131677],[55.50155233050009,-21.149689270881748],[55.50162571169952,-21.150339406836846],[55.50114054700235,-21.15214265098598],[55.501294450961936,-21.152924481276035],[55.500954912565426,-21.153556506500895],[55.50130879793571,-21.15465626964916],[55.501257034642514,-21.155206835284556],[55.50170677820098,-21.156063550880397],[55.50163570549927,-21.157575979415633],[55.50180832939781,-21.158220670633035],[55.50130321713865,-21.159706671305255],[55.500593018381274,-21.160328183845756],[55.49995862139432,-21.1617407677885],[55.499244889130736,-21.16280667430821],[55.499092066824595,-21.163827872912456],[55.498078904585356,-21.165076295917814],[55.497785127267605,-21.16660842098026],[55.49758312183847,-21.166776450013685],[55.497682070619355,-21.167658965320697],[55.49798093283033,-21.16877179513629],[55.497845606930014,-21.16958448066513],[55.49718077470792,-21.170666165615398],[55.49662565167086,-21.171087596056395],[55.49581937580711,-21.1748219557047],[55.49522176473416,-21.176109280779453],[55.49533217215898,-21.176905179986846],[55.49446149699707,-21.17833640762374],[55.49382113655062,-21.17889708111199],[55.49347444840147,-21.179559733836292],[55.49290848978503,-21.180190621516605],[55.491915611139135,-21.180751756859575],[55.49083248728476,-21.18185316435166],[55.48905152773112,-21.183100083522703],[55.488429631103415,-21.183261635591155],[55.487437430954294,-21.18432047298323],[55.486327884108825,-21.184889561693264],[55.48552400660296,-21.185612234890122],[55.48377989441812,-21.186259625944682],[55.4832599581859,-21.186715648284643],[55.48268329600213,-21.18687848731393],[55.48131569239178,-21.187625885595764],[55.48027614606801,-21.1879381180382],[55.47913426630601,-21.18808502081034],[55.478447149868295,-21.188969496997423],[55.47629492312717,-21.189490281791407],[55.47492460000799,-21.190121977441002],[55.47408847768093,-21.19031857619057],[55.47299537152454,-21.18993473267726],[55.47150271257865,-21.18906761338425],[55.470665283635455,-21.189110621544803],[55.47040022570528,-21.18959691060942],[55.469521488080645,-21.190564523206966],[55.468544900505115,-21.191212377200873],[55.4677273319875,-21.19110289170071],[55.46672822850128,-21.191784855915927],[55.466353217356684,-21.192470673155675],[55.46594455535613,-21.192683756064522],[55.46530653124513,-21.193468352266677],[55.46452090184137,-21.193715945544383],[55.46338940432518,-21.19387818912969],[55.46204822230255,-21.19494272177479],[55.462234056451834,-21.195507170607133],[55.462189166055204,-21.196214950776973],[55.462426205438945,-21.196578429202027],[55.462419466472284,-21.197415728808966],[55.462224627903325,-21.19846539859855],[55.461569184984626,-21.19906735239066],[55.46131139568062,-21.200335046062648],[55.460602368588226,-21.2009943184706],[55.46079851239656,-21.202051161627057],[55.461065992989866,-21.202544994802885],[55.46097287174261,-21.202979537333015],[55.461064463731965,-21.20520249205838],[55.4612415583393,-21.206053208508262],[55.46202184689737,-21.207630253666835],[55.46238043968949,-21.20890807684743],[55.462193653219344,-21.20927130930402],[55.46254635822496,-21.21093207803942],[55.46298212160949,-21.211363306799864],[55.46291767968312,-21.212563206714687],[55.46336162334266,-21.213600623946174],[55.46335497766253,-21.216010569234776],[55.46270618927159,-21.216799566221177],[55.4625041731863,-21.2177949695237],[55.46139595594176,-21.219131691152146],[55.461199302319194,-21.22025902260091],[55.46058381109929,-21.22210697948137],[55.4607982203483,-21.223076368247114],[55.4604842632285,-21.22436612496577],[55.46056476581612,-21.2253351955076],[55.461083665474135,-21.225927975973278],[55.46108177346846,-21.227039016049602],[55.461370352779575,-21.22773176789],[55.461173769055776,-21.230615110273533],[55.46028495206878,-21.232151640478204],[55.4600150550233,-21.233463475096965],[55.459393109417626,-21.234626663099142],[55.459348764997294,-21.235741830183546],[55.45916451335435,-21.2361348880399],[55.45936706227268,-21.23750432993908],[55.45988857663525,-21.23812694793271],[55.460070695691584,-21.239237859656946],[55.459817570761345,-21.239675453926193],[55.45950209673957,-21.242589317691106],[55.46060041768168,-21.243153068305297],[55.46153975542304,-21.24483183688927],[55.46224461921026,-21.246266379146938],[55.46213307128088,-21.246894959781496],[55.46219437116496,-21.24841576755026],[55.461526627935655,-21.248973332744182],[55.461420589705966,-21.24972029457106],[55.46160521644556,-21.25049881435673],[55.46201730316294,-21.250714848960747],[55.46209003770595,-21.25159803318905],[55.46268910188181,-21.25255286201168],[55.46344661410477,-21.25300328722909],[55.4636505738726,-21.253591385865864],[55.464289001683916,-21.25437584538977],[55.46425139103377,-21.255772902874703],[55.4644100911357,-21.256358781783646],[55.463826405255396,-21.25689182771012],[55.463563712687844,-21.25750638465758],[55.46388197371473,-21.257944674536645],[55.463977089478334,-21.25927248378777],[55.46378519235547,-21.260214679193705],[55.46346057897451,-21.260573941495096],[55.463202829085816,-21.261918405312052],[55.46330536114235,-21.26262391106607],[55.46313452929282,-21.26320678539022],[55.46214909531703,-21.26493392818459],[55.46216157943812,-21.265401949010883],[55.46177644615297,-21.26676150543946],[55.46147489152872,-21.267125489663375],[55.46139696952569,-21.268503205690646],[55.46078394056924,-21.269720666413438],[55.459171764377814,-21.27054779821431],[55.456980884410086,-21.270865576175186],[55.45663275175081,-21.271443204251113],[55.457990406301946,-21.27238602971244],[55.45923628673915,-21.27286623967531],[55.46000618884738,-21.273523651757277],[55.46046380164855,-21.274371511344015],[55.46025369166021,-21.274836593523037],[55.45894631707058,-21.2766501920333],[55.45890450458931,-21.277333602193924],[55.458386657204315,-21.278382102032484],[55.45818615416006,-21.27940369692148],[55.45746702042227,-21.280715014549347],[55.456570868585196,-21.280517111788978],[55.45661307206061,-21.280905914101304],[55.456063343234156,-21.282235939630215],[55.45540388588824,-21.28465884164671],[55.45549089251002,-21.285833014893793],[55.456157584678095,-21.285672020866304],[55.46137562406069,-21.282604331223784],[55.462382902911216,-21.280921663693572],[55.462707438303774,-21.27964736934495],[55.46325503220686,-21.27888727728097],[55.46520849519918,-21.277590798064953],[55.46547845954007,-21.277300590547576],[55.466758128789856,-21.275084718849396],[55.46694606659328,-21.273967246200385],[55.4667226199251,-21.273675254378606],[55.46668926313594,-21.27205805125693],[55.467168577698594,-21.271000137392548],[55.470476608659666,-21.269632805127586],[55.470808439028026,-21.269228430437245],[55.470716288573165,-21.26882020680472],[55.47129302189976,-21.267656573931962],[55.47071175593711,-21.2661807301125],[55.470662983802946,-21.265678053880226],[55.470982879633375,-21.2647487537735],[55.47051618460786,-21.26356390776913],[55.46980901467923,-21.26289717670982],[55.47014196143554,-21.26098430486284],[55.46995933759779,-21.260193164370023],[55.47074678607108,-21.257750566453975],[55.47115452733213,-21.25736404058216],[55.472524237475156,-21.25704223897354],[55.47374322547931,-21.256945789319662],[55.47604685146431,-21.256230444284697],[55.47691525287527,-21.255086585377292],[55.478216979980544,-21.25518867291145],[55.47944074604327,-21.254531273887935],[55.47963981283458,-21.254194331394466],[55.48057565620532,-21.253423220042965],[55.48173929202528,-21.25289533647344],[55.48265943760716,-21.251867533068786],[55.48334392899643,-21.251926987553407],[55.4838381530493,-21.251653215864724],[55.4840677437779,-21.251062713598937],[55.48458072361246,-21.250462112248716],[55.48489048694593,-21.249757609595537],[55.48554046240437,-21.24932805706987],[55.48672277783868,-21.249136333327623],[55.48785463931698,-21.24860089279835],[55.48862486560652,-21.247811084042134],[55.48881033828616,-21.24729244273627],[55.48980499367123,-21.246130670637662],[55.49023929503899,-21.24625018302499],[55.491141271194394,-21.24491504067107],[55.491819462738796,-21.2448334871344],[55.492084407579824,-21.244362524010697],[55.49145072978174,-21.243952175011547],[55.48988034809033,-21.24393631250532],[55.489032238463366,-21.243484288938824],[55.48902963644666,-21.242605349171175],[55.48830134882086,-21.241270059707453],[55.488368731143616,-21.240614863744216],[55.48806909468865,-21.239857917550783],[55.487943619804184,-21.239029364618673],[55.48884233719823,-21.238767330799174],[55.49099763428744,-21.238675521061054],[55.491551139549756,-21.239292914357325],[55.49257333175159,-21.239300246913743],[55.49328665496788,-21.239551417191926],[55.49407847578647,-21.239378730910715],[55.495225105236266,-21.23937180221315],[55.496425679908775,-21.238985957116174],[55.497485202940155,-21.23844709078298],[55.49794223022872,-21.238033832774285],[55.49889191720976,-21.23758882623879],[55.49911487532046,-21.2370741173786],[55.49995136216962,-21.236484470798946],[55.50036066549454,-21.2356444188043],[55.500321256187995,-21.234968392595672],[55.499774880836334,-21.23450103963161],[55.49981488065293,-21.233309026245234],[55.49966551539393,-21.23293101765572],[55.50052437971434,-21.232317176305607],[55.50036826511584,-21.2320348591595],[55.50089254834076,-21.2315417946406],[55.50220531601805,-21.231582360410783],[55.50258739462272,-21.23114583958926],[55.50411717122746,-21.230016721137037],[55.50454692886399,-21.229436991447265],[55.50553038998639,-21.229361697333935],[55.50671555039133,-21.229826556922582],[55.50745768519805,-21.22989364561045],[55.50909455007539,-21.229224309715914],[55.510681463085284,-21.22777134314566],[55.51151074047213,-21.227314357202946],[55.512032516214596,-21.226489716584027],[55.51183690678748,-21.225628939602984],[55.51125973385131,-21.22477382984898],[55.51118822848679,-21.22402706135398],[55.5108770544278,-21.223450711236534],[55.511563332155475,-21.222840704880678],[55.512392571668094,-21.22296093072321],[55.512963597579144,-21.22231467299776],[55.51325136589387,-21.221093216131145],[55.5129326754548,-21.220113021380392],[55.51255812565235,-21.219804400443365],[55.51051489647384,-21.219603912290324],[55.51164699654207,-21.218821691645672],[55.511774167439036,-21.21853284880406],[55.51280114857882,-21.217568126334747],[55.513141311855804,-21.21630828763875],[55.51363470801309,-21.21561888610933],[55.51337176582476,-21.215036641913283],[55.51401375428099,-21.2140341932996],[55.512236157948635,-21.212424185040337],[55.51182888559661,-21.21182621385773],[55.51060637946547,-21.21163928741238],[55.51011336599017,-21.21123476890666],[55.50854028957595,-21.209314885804424],[55.50862821133081,-21.208521648396097],[55.5081692265303,-21.207512204284917],[55.50710083827191,-21.205988806494727],[55.50676078308771,-21.20570306240337],[55.50772807674038,-21.204249145309255],[55.50895103449943,-21.20438460452915],[55.509268498023694,-21.20490591029638],[55.51090161780917,-21.205541799677114],[55.51092262329591,-21.205176141844223],[55.51219473212752,-21.204829640387974],[55.51395378806516,-21.203085466110327],[55.514445089512506,-21.20288925175475],[55.51504833840661,-21.202286623904232],[55.51507671303284,-21.201953549117686],[55.5156293628352,-21.200822936228537],[55.5140857115228,-21.19866037065735],[55.51508484497166,-21.197670990002752],[55.51508659170598,-21.19672523114415],[55.5155382331232,-21.196350709994046],[55.5157804702319,-21.19350738450581],[55.51552003470769,-21.191133884410828],[55.51531253479073,-21.190789703419412],[55.51521114704903,-21.189754512302073],[55.5155219016933,-21.189404044779753],[55.51539071276491,-21.18710936470458],[55.51570774908301,-21.186032682729273],[55.51635472984131,-21.18519014640705],[55.5172890111278,-21.185284160855222],[55.518557442596475,-21.184031538628656],[55.51885979659864,-21.183362117888798],[55.51944285161358,-21.183616542828503],[55.52323747224625,-21.182856623256733],[55.52521466724666,-21.18286936985577],[55.527986940953085,-21.183416560418824],[55.52835353584093,-21.18481538764769],[55.529112370424976,-21.18570454064875],[55.53008726120855,-21.186271276667185],[55.53027278235215,-21.186016346153203],[55.530184685905915,-21.184892748286117],[55.5298977466541,-21.184202823095717],[55.53063366573634,-21.18390299561936],[55.53046986213009,-21.181766112765214],[55.53086725329364,-21.180732550495595],[55.53135666519535,-21.178865114130158],[55.53120102252735,-21.178241370978046],[55.531583650265574,-21.176262799393225],[55.53188894259046,-21.17538561170906],[55.53159917515741,-21.174690244691693],[55.5315185060607,-21.17398404686067],[55.53052425602916,-21.17226451066235],[55.52933186251224,-21.17100936211975],[55.528622066224834,-21.170037533095694],[55.528134936654965,-21.169143518858217],[55.52830752786881,-21.16698065382914],[55.52824927236571,-21.166346915873692],[55.528475142861716,-21.16551511185039],[55.52838440638283,-21.16378355069485],[55.52851589830017,-21.16334116174577],[55.52768487580625,-21.162751285479295],[55.527205275459956,-21.1616829930268],[55.52626709385158,-21.160051546673532],[55.52608560812819,-21.159318272054055],[55.525564403268156,-21.15846641127177],[55.52532112418918,-21.15706955665447],[55.52448199453009,-21.155942117456572],[55.524240601314894,-21.15474491293615],[55.52469736117004,-21.154226773946142],[55.52480624754066,-21.153441830069557],[55.525288645110116,-21.15227893799829],[55.524673171343295,-21.148892424741447],[55.5248173815546,-21.148137597880698],[55.524482502434296,-21.14743550437304],[55.52329842262981,-21.1464342292806],[55.52336871128224,-21.145948853193445],[55.522198343365545,-21.145314441006096],[55.521793411378496,-21.144784266458576],[55.52170928528023,-21.144043708177005],[55.521093127538975,-21.143258756269613],[55.52207505316032,-21.142600677553812],[55.522407835382964,-21.142152822920323],[55.52364900638762,-21.142150101817034],[55.524159888871495,-21.14248246395472],[55.525241320204515,-21.14247020866154],[55.524570280116166,-21.14110033820327],[55.52368355799439,-21.13963463892181],[55.524128123944905,-21.13898179637256],[55.52410660305532,-21.13823817079532],[55.524940175977555,-21.138069286190245],[55.52569299375932,-21.137011723372204],[55.52652634412607,-21.136864508423898],[55.52659649236991,-21.13629421569861],[55.52694985680768,-21.13580678310107],[55.52556266044159,-21.135684503730015],[55.52368764047431,-21.136015044131817],[55.52259382279579,-21.136601699473868],[55.5219061476329,-21.136622797649302],[55.52073812747394,-21.13731177175994],[55.52022532456275,-21.13746627618029],[55.51947879549684,-21.137305281462442],[55.518781296786656,-21.13753946562816],[55.518196810753906,-21.13744672887455],[55.51759051266018,-21.13780455832008],[55.51629189559109,-21.138068697493097],[55.51548350949941,-21.138511467069847],[55.514481083879275,-21.13852164461548],[55.51321635426224,-21.13799384214808],[55.51231688989478,-21.138203642256997],[55.51128484649829,-21.13790189428238],[55.511156941982364,-21.138272035346187],[55.509921090697944,-21.139479745402827],[55.509112774335605,-21.139816795049846],[55.507750372852584,-21.140197737059555],[55.50670668574457,-21.139712484110767]]]},"properties":{"ID":"COMMUNE_0000001400385510","NOM":"Entre-Deux","NOM_M":"ENTRE-DEUX","INSEE_COM":"97403","STATUT":"Commune simple","POPULATION":7115,"INSEE_CAN":"16","INSEE_ARR":"2","INSEE_DEP":"974","INSEE_REG":"04","SIREN_EPCI":"249740085"}},
{"type":"Feature","geometry":{"type":"Polygon","coordinates":[[[55.45549089251002,-21.285833014893793],[55.45540388588824,-21.28465884164671],[55.456063343234156,-21.282235939630215],[55.45661307206061,-21.280905914101304],[55.456570868585196,-21.280517111788978],[55.45746702042227,-21.280715014549347],[55.45818615416006,-21.27940369692148],[55.458386657204315,-21.278382102032484],[55.45890450458931,-21.277333602193924],[55.45894631707058,-21.2766501920333],[55.46025369166021,-21.274836593523037],[55.46046380164855,-21.274371511344015],[55.46000618884738,-21.273523651757277],[55.45923628673915,-21.27286623967531],[55.457990406301946,-21.27238602971244],[55.45663275175081,-21.271443204251113],[55.456980884410086,-21.270865576175186],[55.459171764377814,-21.27054779821431],[55.46078394056924,-21.269720666413438],[55.46139696952569,-21.268503205690646],[55.46147489152872,-21.267125489663375],[55.46177644615297,-21.26676150543946],[55.46216157943812,-21.265401949010883],[55.46214909531703,-21.26493392818459],[55.46313452929282,-21.26320678539022],[55.46330536114235,-21.26262391106607],[55.463202829085816,-21.261918405312052],[55.46346057897451,-21.260573941495096],[55.46378519235547,-21.260214679193705],[55.463977089478334,-21.25927248378777],[55.46388197371473,-21.257944674536645],[55.463563712687844,-21.25750638465758],[55.463826405255396,-21.25689182771012],[55.4644100911357,-21.256358781783646],[55.46425139103377,-21.255772902874703],[55.464289001683916,-21.25437584538977],[55.4636505738726,-21.253591385865864],[55.46344661410477,-21.25300328722909],[55.46268910188181,-21.25255286201168],[55.46209003770595,-21.25159803318905],[55.46201730316294,-21.250714848960747],[55.46160521644556,-21.25049881435673],[55.461420589705966,-21.24972029457106],[55.461526627935655,-21.248973332744182],[55.46219437116496,-21.24841576755026],[55.46213307128088,-21.246894959781496],[55.46224461921026,-21.246266379146938],[55.46153975542304,-21.24483183688927],[55.46060041768168,-21.243153068305297],[55.45950209673957,-21.242589317691106],[55.459817570761345,-21.239675453926193],[55.460070695691584,-21.239237859656946],[55.45988857663525,-21.23812694793271],[55.45936706227268,-21.23750432993908],[55.45916451335435,-21.2361348880399],[55.459348764997294,-21.235741830183546],[55.459393109417626,-21.234626663099142],[55.4600150550233,-21.233463475096965],[55.46028495206878,-21.232151640478204],[55.461173769055776,-21.230615110273533],[55.461370352779575,-21.22773176789],[55.46108177346846,-21.227039016049602],[55.461083665474135,-21.225927975973278],[55.46056476581612,-21.2253351955076],[55.4604842632285,-21.22436612496577],[55.4607982203483,-21.223076368247114],[55.46058381109929,-21.22210697948137],[55.461199302319194,-21.22025902260091],[55.46139595594176,-21.219131691152146],[55.4625041731863,-21.2177949695237],[55.46270618927159,-21.216799566221177],[55.46335497766253,-21.216010569234776],[55.46336162334266,-21.213600623946174],[55.46291767968312,-21.212563206714687],[55.46298212160949,-21.211363306799864],[55.46254635822496,-21.21093207803942],[55.462193653219344,-21.20927130930402],[55.46238043968949,-21.20890807684743],[55.46202184689737,-21.207630253666835],[55.4612415583393,-21.206053208508262],[55.461064463731965,-21.20520249205838],[55.46097287174261,-21.202979537333015],[55.461065992989866,-21.202544994802885],[55.46079851239656,-21.202051161627057],[55.460602368588226,-21.2009943184706],[55.46131139568062,-21.200335046062648],[55.461569184984626,-21.19906735239066],[55.462224627903325,-21.19846539859855],[55.462419466472284,-21.197415728808966],[55.462426205438945,-21.196578429202027],[55.462189166055204,-21.196214950776973],[55.462234056451834,-21.195507170607133],[55.46204822230255,-21.19494272177479],[55.45691774524302,-21.192765053049133],[55.45638476059281,-21.192612946463004],[55.456297758807025,-21.191994294023054],[55.45578875288387,-21.191574124570295],[55.45466280065038,-21.191759846525127],[55.45424255948898,-21.191973697745844],[55.453422512953765,-21.19275116084692],[55.45307490994328,-21.193296281385727],[55.45204547460281,-21.19364636580198],[55.45121752730117,-21.19333165637591],[55.45108706035282,-21.192819193218174],[55.44956124790634,-21.191355404383046],[55.44865096487016,-21.190902626365748],[55.44711627406331,-21.19139889211916],[55.44642065079631,-21.19132746008291],[55.445730909404716,-21.191522552013172],[55.44455258891492,-21.19063731731278],[55.43874004073786,-21.190075154772977],[55.43755143744934,-21.189990098061063],[55.43774024233833,-21.188888017404025],[55.43771584543282,-21.18772705775592],[55.437232061070695,-21.186380288155878],[55.43624552291992,-21.185950227065174],[55.43469905113851,-21.18555472024434],[55.43398415844809,-21.18557880936239],[55.43238104858047,-21.184984032389895],[55.43143277579284,-21.18385063369848],[55.43057215095466,-21.18235311368929],[55.429977397550935,-21.180669271381362],[55.43003383551245,-21.179063739945917],[55.429258423354696,-21.178711478619842],[55.42841801586563,-21.177766049450224],[55.426936371676895,-21.176988083337108],[55.42593343776104,-21.176751118430854],[55.42442077524892,-21.175176139042662],[55.42401269603334,-21.174061286464248],[55.42334953388246,-21.173026254262545],[55.42285328947177,-21.17268921479962],[55.42204963855772,-21.171463176423234],[55.42122738501248,-21.171174577608785],[55.420231038323564,-21.170231269088465],[55.4190736792041,-21.16966944541136],[55.41890972378061,-21.169420410850275],[55.41794428013752,-21.16901483688834],[55.41753539656458,-21.168615369943442],[55.41648454033671,-21.168092464385083],[55.41564812781226,-21.167327673492778],[55.41542783961201,-21.166943517985477],[55.41409216441503,-21.165316819649885],[55.413181830233526,-21.16444292993001],[55.412566294660024,-21.163106608767585],[55.41253634349958,-21.162393632324186],[55.41173235865353,-21.160219094041313],[55.41114642368576,-21.159359983386608],[55.4113148508965,-21.15891714681179],[55.4112496086175,-21.15727074072735],[55.41061113200016,-21.15664418398272],[55.41102983333053,-21.155577718704485],[55.41103211463189,-21.154822589965768],[55.41026503925762,-21.153976228587272],[55.41031214446224,-21.15371291059674],[55.40974715091242,-21.152969614084782],[55.40827656123762,-21.15182035268573],[55.40759921483232,-21.151140126453246],[55.40670388788692,-21.14923479259764],[55.40606872136797,-21.14875368166845],[55.40554959308538,-21.147417344207888],[55.40503554544258,-21.148304949626702],[55.40453768894213,-21.148759127390974],[55.40423632831729,-21.149655960984816],[55.40332219145157,-21.15139610353705],[55.40227590295092,-21.154143060153416],[55.401970959023004,-21.154563821905967],[55.40208452245744,-21.155376949236388],[55.40200767543937,-21.156884712132236],[55.40175626407931,-21.15761038617774],[55.400746046563036,-21.158785047625805],[55.400453640219816,-21.15947149023226],[55.40006287546884,-21.159722521516116],[55.39972852872691,-21.160547671810885],[55.40013464459785,-21.160839661289028],[55.40021077308493,-21.161551266998465],[55.39968767871115,-21.162824467667214],[55.399759952651394,-21.164073491554444],[55.39891691596575,-21.164561416743183],[55.39860948050177,-21.165210677713908],[55.39749871228801,-21.166415074186926],[55.39695762530243,-21.166672801964445],[55.39612952015417,-21.166577332109284],[55.39540967380598,-21.167426816571822],[55.395088508826994,-21.16827556509624],[55.39479401349046,-21.168437167513787],[55.39396669043715,-21.168268528135364],[55.39370866242031,-21.168620164285468],[55.39274775247357,-21.169228879401874],[55.39224340445585,-21.169204212879126],[55.39142364992948,-21.169671543367865],[55.39109341068399,-21.170110106402298],[55.390631112110405,-21.17118332198168],[55.39099892432138,-21.17207926442504],[55.390670968078695,-21.173018265710105],[55.38995145441224,-21.173564223707558],[55.38971893209143,-21.17404887771215],[55.388764129326304,-21.175244757462146],[55.38849707309095,-21.175982901967572],[55.3886870681468,-21.17684644227696],[55.38854637228945,-21.178276800165502],[55.38929250849866,-21.17945456232096],[55.38935959953383,-21.18001794513017],[55.38843785467234,-21.183579824264726],[55.38734063556687,-21.18564509365893],[55.38593238427168,-21.185750882375594],[55.38538640507521,-21.186184660160365],[55.385145674783956,-21.18697814799665],[55.38558858471218,-21.1885856984939],[55.385589002568985,-21.189965911226935],[55.382806281583484,-21.19388029773634],[55.382691234264605,-21.194096886077677],[55.38275838836698,-21.19536030948161],[55.38265285198062,-21.195676349147007],[55.381834503275265,-21.195909687116238],[55.38160324212616,-21.196360916294555],[55.382546896635006,-21.198419487812117],[55.38287384747511,-21.20006116104863],[55.38268111999389,-21.20130764301256],[55.38292608140424,-21.201721882331604],[55.383758062598616,-21.202186000494077],[55.384099143803994,-21.202707744724655],[55.38476627199494,-21.202920073415605],[55.38547622874089,-21.203800330370214],[55.386162299622164,-21.20519522412304],[55.3867026009142,-21.205290714354632],[55.387221176826806,-21.20508068780253],[55.38778101812475,-21.205239590605707],[55.38877275974284,-21.205098208496],[55.38929651592024,-21.205564779730956],[55.389431662112635,-21.207846844468314],[55.3904010084212,-21.209772842600998],[55.39122098205748,-21.212240282656335],[55.39105768599978,-21.213441892078286],[55.39072219019194,-21.21488845421818],[55.38972621642121,-21.216834550703897],[55.389643482327266,-21.21726823746093],[55.38974377619947,-21.2188562510948],[55.38916060182767,-21.220664464939286],[55.38920306819181,-21.222343157045845],[55.38889532890166,-21.2235361565568],[55.38840615648222,-21.227329758524043],[55.38768888158035,-21.229238751990398],[55.38766240758991,-21.230610573198994],[55.38806194494732,-21.231522182120035],[55.38770646207058,-21.23214114126858],[55.387667967696785,-21.232934751563608],[55.38792401504676,-21.234727488377555],[55.38824439316644,-21.2356545995219],[55.38804086083837,-21.236209071487448],[55.38838400223496,-21.238144453910916],[55.388898816196715,-21.23944376428044],[55.38879490041119,-21.240051578279907],[55.38941940070403,-21.241365484371478],[55.38941548817487,-21.241902895082877],[55.38884042986836,-21.24392886463439],[55.38903722783216,-21.244703947158772],[55.38890905319277,-21.24514984297085],[55.389214942882404,-21.245905192344626],[55.3896151269822,-21.246406718744012],[55.38947372956357,-21.24744864916967],[55.38989016234072,-21.247607989611584],[55.39039952402869,-21.249501598536078],[55.39120113538634,-21.24994914442386],[55.39163065891342,-21.25067857178149],[55.3915136765348,-21.25124742145108],[55.3919899697849,-21.251929420819636],[55.39188179689945,-21.25319568208614],[55.392075254410855,-21.254192031992265],[55.391890781462685,-21.25520826150267],[55.39236492448568,-21.255556931798985],[55.39228879315306,-21.25626798524573],[55.3927245003965,-21.257228707624],[55.3928506769876,-21.258121441935895],[55.39240252649478,-21.258661841589632],[55.39208566954208,-21.2594455697935],[55.39241373111889,-21.260203836011375],[55.39214924762183,-21.260778504295384],[55.39134672262875,-21.26174005698912],[55.390872957290945,-21.262507831609824],[55.3895727939848,-21.263062665593015],[55.3888905908115,-21.263944963545516],[55.388675531687895,-21.265023219882558],[55.38892850158331,-21.26665965715197],[55.389322535349606,-21.267908132796386],[55.38901064349268,-21.26858621720648],[55.38906695480229,-21.269698682599003],[55.38692889848647,-21.27303116272725],[55.38232396330738,-21.279245746071343],[55.380663053124636,-21.28139762436939],[55.380483070077645,-21.28172829571103],[55.38057364645317,-21.282609852354096],[55.381676635744505,-21.283183192856594],[55.38341708012763,-21.284336223391833],[55.384217253364525,-21.285370920329804],[55.38519532163616,-21.28732594417633],[55.3868555025762,-21.288510690430137],[55.38981486703797,-21.290229040527485],[55.391635880097915,-21.291431540290287],[55.39150288670317,-21.292316377115938],[55.39118146333822,-21.29262583641969],[55.39263803795681,-21.293310882503494],[55.39508687534032,-21.29475057996221],[55.396908026184676,-21.295682950540627],[55.397978450607354,-21.296608157607118],[55.399038674399044,-21.298654221568395],[55.400305535786465,-21.29977819750962],[55.400911310449835,-21.300714325664796],[55.40224049724189,-21.30187139860487],[55.402682101566455,-21.302124894754026],[55.40303640786842,-21.30287526440087],[55.40354106753908,-21.30327026752685],[55.40420608694974,-21.303275673236463],[55.40526220828794,-21.30187387108338],[55.40871186161667,-21.300177664638593],[55.41616862256866,-21.297000736821968],[55.41742096642021,-21.296161631006346],[55.418124790664436,-21.29515025375286],[55.41877008081907,-21.294744422834395],[55.420456395997434,-21.294600377436744],[55.423086394562446,-21.293634142000062],[55.427507742009176,-21.29360776248826],[55.429656449571006,-21.292668538490293],[55.43381735275818,-21.292660336887835],[55.436996898935185,-21.29166737481685],[55.44081115336917,-21.29126104346869],[55.44332565727446,-21.28998810027709],[55.4481224598814,-21.287974700224048],[55.449942784991855,-21.286990626637355],[55.45016457521609,-21.286611480527082],[55.45307110043973,-21.286083592225005],[55.45549089251002,-21.285833014893793]]]},"properties":{"ID":"COMMUNE_0000001400385509","NOM":"Saint-Louis","NOM_M":"SAINT-LOUIS","INSEE_COM":"97414","STATUT":"Commune simple","POPULATION":54478,"INSEE_CAN":"96","INSEE_ARR":"2","INSEE_DEP":"974","INSEE_REG":"04","SIREN_EPCI":"249740077"}},
{"type":"Feature","geometry":{"type":"Polygon","coordinates":[[[55.47944074604327,-21.254531273887935],[55.480888415273505,-21.25552982935284],[55.48220568760596,-21.256560621248735],[55.48643539579305,-21.260005014332734],[55.486947178894525,-21.260372737931885],[55.48608307124608,-21.260723588821666],[55.488707368074124,-21.26371268989586],[55.488593898278246,-21.264066670423894],[55.48937556109117,-21.264714122261346],[55.49019938530957,-21.265952709263825],[55.49166759378082,-21.266655983717463],[55.49141661442869,-21.26688678911537],[55.492035460399805,-21.267437924862232],[55.49278593493723,-21.267271205846672],[55.492827557436,-21.267915634255065],[55.493123525369064,-21.268945338854245],[55.49489308532567,-21.27053381119569],[55.49549866255927,-21.270876153418598],[55.496171136035294,-21.270894804264195],[55.49643071639832,-21.27180945957865],[55.497040491521446,-21.272972938571687],[55.49761868040673,-21.27335658148877],[55.497534565471234,-21.27404776305461],[55.4969577823761,-21.27475893800701],[55.49696698974685,-21.2754654046448],[55.49737046206676,-21.277016366119447],[55.49787879770133,-21.27744726071576],[55.4981934648421,-21.27844370254355],[55.49994920251005,-21.27875021480267],[55.500044025008826,-21.27947370378765],[55.50253936323325,-21.282313322930115],[55.503108025666045,-21.282595694129554],[55.50316467084778,-21.282998168894164],[55.5037222467999,-21.283614662921018],[55.504014302597376,-21.283611838194677],[55.50585232865103,-21.284748259046204],[55.50697296409125,-21.285155655222056],[55.508965055505605,-21.2863105730008],[55.50981484062692,-21.28691337659329],[55.51116825340405,-21.287561279695687],[55.51203420289786,-21.288379203110555],[55.513084914600334,-21.288843754299954],[55.51380993779176,-21.288341593796513],[55.514168205511346,-21.288560647086346],[55.51421091566205,-21.289393874785112],[55.51649874267414,-21.291729233833642],[55.51633502439541,-21.292099954231546],[55.516622099142694,-21.293267753238176],[55.51573521097434,-21.294529986825626],[55.51445726366541,-21.29566772015009],[55.514091128774844,-21.29584605288932],[55.51258341242989,-21.297209375230704],[55.511966357826445,-21.29760950527967],[55.51109206004004,-21.29761532186214],[55.510721864908014,-21.297430481485677],[55.509987816459414,-21.29757935261603],[55.5095449566466,-21.29790965437345],[55.5094725267363,-21.298879163990062],[55.5092235665381,-21.29928886631699],[55.50977334575221,-21.300782384879387],[55.51095909410979,-21.300576088494815],[55.511823163834855,-21.300056201352625],[55.51272570806013,-21.29983112767574],[55.51469433410188,-21.300371531055575],[55.515715673013446,-21.300218851101505],[55.51667782216619,-21.299912983952925],[55.51724269558109,-21.30067854821687],[55.51883761015292,-21.300424312089614],[55.52062186168383,-21.302246627260725],[55.520951860105676,-21.30250155174949],[55.52481125174296,-21.306086346838043],[55.52723905923325,-21.308152713994037],[55.52907588984887,-21.30994198539253],[55.532059301645894,-21.313246166731137],[55.532974420611424,-21.31447813910072],[55.533107088343165,-21.31490294959934],[55.53481828625578,-21.316544731967618],[55.53525962791346,-21.316173701983047],[55.53673424529055,-21.315621968701507],[55.53698759462403,-21.315348662414312],[55.53828794352503,-21.312631059296674],[55.54029135624932,-21.312606002662054],[55.54072762974701,-21.311769705964483],[55.541120534877,-21.311810150214743],[55.54207083177686,-21.312610597147444],[55.54268239918988,-21.311690902610223],[55.54323497577909,-21.31137591576035],[55.544576949673164,-21.311560066360347],[55.54538059554606,-21.311396291636058],[55.546391359776884,-21.310952468360885],[55.54726889203762,-21.31121478492452],[55.54761354096142,-21.31106510073478],[55.548029954589836,-21.31038127176592],[55.54870145264176,-21.31012691150854],[55.54976841982137,-21.3104369185333],[55.55033383416539,-21.31018705688067],[55.5507542922734,-21.309482478913843],[55.55185183083727,-21.30844408222531],[55.55212131058787,-21.307701164308032],[55.55284020591401,-21.307428224749106],[55.55348053020348,-21.306811345268603],[55.55325259021483,-21.305872643627364],[55.55367861007426,-21.30548336289675],[55.554858564391246,-21.305376071115735],[55.55549409246518,-21.305149375842397],[55.555870648595146,-21.304297164751105],[55.55540032044281,-21.30350091574727],[55.55693261241391,-21.30264958754383],[55.557574965942216,-21.302907121892606],[55.55896789732813,-21.303198183605556],[55.55960797852792,-21.303096169258453],[55.560097350166636,-21.302138320932244],[55.5610477980228,-21.302136515244506],[55.56151782081333,-21.301382647320157],[55.56256093360052,-21.301367171848305],[55.563261252737085,-21.30091787859159],[55.56332601339855,-21.300106344772292],[55.563978329705066,-21.29993395826291],[55.56535353426847,-21.299964658134964],[55.566287918193375,-21.299133434426512],[55.566926584125824,-21.298777545113694],[55.56821265536489,-21.298356703400362],[55.56909400808244,-21.298221474510875],[55.57004931924487,-21.29841206619262],[55.5709002824026,-21.29793059615768],[55.57236692250038,-21.296277312625243],[55.57280810386641,-21.296106712651596],[55.573969116189275,-21.296056031276954],[55.574323346515165,-21.295806101075907],[55.57438492787068,-21.294917749878113],[55.57475673809747,-21.29434367334996],[55.574655286486006,-21.293769202055966],[55.57502497079172,-21.293315249089787],[55.57551728240209,-21.293138750956867],[55.57591532328988,-21.292542310145343],[55.576125621350414,-21.291523329836817],[55.57650928238049,-21.291118270900892],[55.57669913918538,-21.290419797738505],[55.577512507273966,-21.290132188137203],[55.57816330950298,-21.28920906537849],[55.5780716855202,-21.288212824262907],[55.57914684564798,-21.286557971282097],[55.5790584131639,-21.28613175730848],[55.57946546858038,-21.285797347400624],[55.58018321694689,-21.285828694858356],[55.58089125917104,-21.285364933206345],[55.580778556861276,-21.285056851410086],[55.58174874964116,-21.28429177666932],[55.5828761192866,-21.283618351669393],[55.584818717233304,-21.28336278741257],[55.58509814834718,-21.282262169243378],[55.5859481406746,-21.282169942864332],[55.58730034488242,-21.28136377789614],[55.58783085745643,-21.281723236869855],[55.588389951335195,-21.281410855255704],[55.588812626007446,-21.28165829744958],[55.5889577386109,-21.280692045227834],[55.59001931804249,-21.28034231420531],[55.5902643790367,-21.279708419998357],[55.59112925797559,-21.27956931790119],[55.591233774677185,-21.27881590956232],[55.59190334226568,-21.2786408426421],[55.59291825021652,-21.27792665874702],[55.59376006255128,-21.276461256212354],[55.593821830385735,-21.275945065099858],[55.59467420265237,-21.27559807232057],[55.595537542224655,-21.275516746719997],[55.59571586111368,-21.275108119786005],[55.597970687721585,-21.27402844846025],[55.59799845213307,-21.273335821571244],[55.59837603282074,-21.273052606543978],[55.59958814772166,-21.273285811841415],[55.600023851479904,-21.273072633017456],[55.60037352046739,-21.27247933712104],[55.60074258120903,-21.272383036199752],[55.601656810570354,-21.272625495219877],[55.601489275267234,-21.271793035092426],[55.60168128809764,-21.27105479660305],[55.60157663680434,-21.270502892723655],[55.60162452008476,-21.26931088605782],[55.602213823325606,-21.26793457452803],[55.60243377874465,-21.265154121146967],[55.60282919357871,-21.26450970748084],[55.6019231066387,-21.262389286348682],[55.60178277209292,-21.26133031401472],[55.60117327928793,-21.26076609027605],[55.600198381579254,-21.258385832261965],[55.60020060575149,-21.256926961002748],[55.600386833955675,-21.256493098855852],[55.60042910701544,-21.25497674611782],[55.60025964169156,-21.25292295575568],[55.600635548380446,-21.251790580784903],[55.60080070947395,-21.250627548822678],[55.60112511247987,-21.249335757010446],[55.60151313677701,-21.248959573821722],[55.60132584686269,-21.247567782178386],[55.601031594162045,-21.246789373173684],[55.60135787926809,-21.246317827125313],[55.60215867903519,-21.244675873775968],[55.603392094209624,-21.243443098284253],[55.60374096451338,-21.242822682721265],[55.60450805560527,-21.24219759736024],[55.60486302480292,-21.241644980015447],[55.604791258132444,-21.240670585509626],[55.60495250408986,-21.239713475168692],[55.604949699944,-21.23857795294814],[55.605360014849566,-21.23767168201398],[55.60514578181613,-21.236887617458233],[55.60472044835052,-21.236113550111103],[55.60448444699495,-21.234776460223568],[55.604616678112706,-21.233420735979138],[55.6049732330246,-21.23279947604717],[55.604862599419384,-21.2313477952157],[55.60510940748983,-21.229282087356335],[55.60544055970289,-21.229106866378118],[55.60525858971112,-21.22837636558046],[55.606490328034795,-21.226586181631447],[55.606905377915304,-21.226196654685882],[55.60685328405548,-21.22487011793776],[55.60718939518925,-21.224370633816704],[55.60721545952585,-21.223749349165672],[55.60821733723943,-21.221807296780206],[55.60899751609841,-21.22100523615959],[55.610112805948674,-21.21877864782175],[55.611219904863646,-21.21732072880686],[55.61180960297915,-21.216176524783766],[55.61305723891352,-21.214726973910466],[55.61362157675258,-21.214541906670046],[55.61344455161872,-21.21348534535522],[55.613505475834344,-21.21294474170739],[55.614019383977826,-21.21176286820032],[55.61483984832145,-21.210557310667905],[55.615060283501535,-21.20985270205869],[55.61611215338715,-21.208829704285108],[55.61694727192428,-21.208322541933054],[55.617508020075235,-21.207485214097378],[55.61840028389961,-21.206736414567317],[55.61942310088349,-21.206139536259535],[55.62052997545426,-21.20582608597188],[55.62209427892116,-21.205112564053746],[55.623004916451855,-21.20435214460692],[55.62396387768256,-21.203053717157],[55.624639434655485,-21.202398870975806],[55.625111510878554,-21.20218410370792],[55.62624107775439,-21.20118334901311],[55.62732227524855,-21.20093287734129],[55.62798231321914,-21.200286923889614],[55.62845935280752,-21.199011652735262],[55.6298679042626,-21.197627404900114],[55.632373077998,-21.195983729113216],[55.6336207118098,-21.19533166651995],[55.63466676670506,-21.19502123956502],[55.63503146315065,-21.195062127218637],[55.63692999068553,-21.194646555093602],[55.63775199493349,-21.194923287718822],[55.63903402502086,-21.195560547850906],[55.63982540215826,-21.19634290265826],[55.6403134753252,-21.196586220498865],[55.64033284342704,-21.197101288580704],[55.64080493033918,-21.19740771130439],[55.64157599404969,-21.197569290306504],[55.64251668371145,-21.19835373738831],[55.6425887468613,-21.198900846346586],[55.643218783663556,-21.198895067587646],[55.64401150878763,-21.199745166785384],[55.64456630232582,-21.199857118722456],[55.64657558797723,-21.20071696412844],[55.64681807179079,-21.200534622193366],[55.649048847079925,-21.201722325128255],[55.65139640315671,-21.205648104411768],[55.65328160011168,-21.21000648949523],[55.65413671376761,-21.212276216944844],[55.65459100702616,-21.21062127375662],[55.65509597534564,-21.210177231297106],[55.65524340934296,-21.209640907786746],[55.65641575944385,-21.207942893551177],[55.65647846037426,-21.207294781283064],[55.65799422604668,-21.204794593115924],[55.658355052696045,-21.204521032056437],[55.65894792554529,-21.204579942264726],[55.65980991618942,-21.203639160593678],[55.660670189874786,-21.20352854790078],[55.65867580989716,-21.201217285123803],[55.655350906874624,-21.196809559865905],[55.65429274333434,-21.195587923595927],[55.653619124709365,-21.194132666150967],[55.65354781835801,-21.193391343769182],[55.65257550858783,-21.19311619856354],[55.65215528049881,-21.19282557890433],[55.652021551525145,-21.191958191358026],[55.65228560099027,-21.191094880092656],[55.65133464109723,-21.189848788405154],[55.65042161771867,-21.188245264956652],[55.65005450006648,-21.186562989548705],[55.64942279023396,-21.186440505970594],[55.648453277263194,-21.185121982943222],[55.64783074686651,-21.184626480263848],[55.64766964070146,-21.18401903807213],[55.64680358105626,-21.183401436685767],[55.64672614938583,-21.183019599732965],[55.64617239297329,-21.182588780484178],[55.64637643636115,-21.182287789722544],[55.64630481516139,-21.18073886064471],[55.645590124935644,-21.18021280179334],[55.64512258777496,-21.1785658473248],[55.6453041387219,-21.17819602209989],[55.64506187093712,-21.177724334468394],[55.64428889676613,-21.17714902236295],[55.643839609097746,-21.176460673853924],[55.64300818101116,-21.175748480452366],[55.642159297182936,-21.175366771904564],[55.63995468852807,-21.1716814232741],[55.63925822820837,-21.170959458260793],[55.6390898696466,-21.170307686386067],[55.638521612564894,-21.169679796115616],[55.638778216300516,-21.169317808845168],[55.63878692543744,-21.168155258301688],[55.638203988585346,-21.167238174822145],[55.63770298096734,-21.16705075861878],[55.63597818302393,-21.167359355439444],[55.63425251803659,-21.167866665629205],[55.63279491523613,-21.16854685906892],[55.63181940317686,-21.16916589856496],[55.630352978816475,-21.16975566290506],[55.62988876730514,-21.17006988342893],[55.629530054988216,-21.170745395971302],[55.6294561418239,-21.171973358757736],[55.6291724673793,-21.17286628324464],[55.62858226315375,-21.173369182339005],[55.626689416288905,-21.174553472775298],[55.62638970431332,-21.174886182198023],[55.62602804321016,-21.175877835217094],[55.625771446736074,-21.177276849853005],[55.62523208361003,-21.179153244508406],[55.624405403389275,-21.180955933775984],[55.62196532975142,-21.18162260661745],[55.62006480078629,-21.182372240201047],[55.61659639224911,-21.182895835893298],[55.61525214331747,-21.180998635475888],[55.614374817930525,-21.181193796491982],[55.613939246131565,-21.18101136243309],[55.61279395048864,-21.181022744612815],[55.61179852302468,-21.18148792733366],[55.611240755070924,-21.181498702711234],[55.6110510471171,-21.182423075721267],[55.610818919631114,-21.182629841500763],[55.61005154828124,-21.18249796774116],[55.60895497337865,-21.1817274251233],[55.607517436029156,-21.181164547362243],[55.607108302434625,-21.181348169388208],[55.60670575932346,-21.180931119046775],[55.606283051364294,-21.181021582461536],[55.605533704994464,-21.180201487253175],[55.60455129532493,-21.179688409808392],[55.6031890728377,-21.17982711496773],[55.60112894237844,-21.178287942779882],[55.60053591914947,-21.177543194853165],[55.600235556298784,-21.176403396357863],[55.60036674281284,-21.174027780077868],[55.59919048831706,-21.174264652590022],[55.59804917620384,-21.174881211367666],[55.596496578681744,-21.175092360028213],[55.595768603122416,-21.17477195174693],[55.59499653608672,-21.173613774008473],[55.594437602255645,-21.173955109487288],[55.59336939702879,-21.17417206230799],[55.59265975125616,-21.174053239225405],[55.59138818466639,-21.17347173789554],[55.591036413183375,-21.1728870540537],[55.59110636883791,-21.172517266228123],[55.59089617988108,-21.17101686834331],[55.59128322112364,-21.169300126958454],[55.59107312273293,-21.168909035640716],[55.590103706010325,-21.168461028385995],[55.58860011442819,-21.167268720842806],[55.58789564291212,-21.16610114147751],[55.58696184343776,-21.16393345002444],[55.58719313160613,-21.16351081079553],[55.58885984795326,-21.163135382433275],[55.58920042700225,-21.16256098671136],[55.58957879758453,-21.16135185448915],[55.589458425194,-21.15982690958516],[55.58980158830158,-21.157148644648853],[55.58869930175293,-21.156096994547205],[55.58800708816657,-21.155266466265605],[55.58602328339407,-21.152434177966555],[55.585953410334064,-21.1518825544051],[55.58691956388189,-21.15093669332027],[55.58705837059122,-21.150312738055092],[55.58615085424707,-21.149849873481298],[55.585710763740146,-21.149446918319654],[55.58492102307956,-21.149257841519688],[55.58405021874293,-21.14939147992693],[55.58266914560351,-21.14870602575094],[55.58270291087272,-21.14728263952696],[55.5825765873215,-21.14669440852899],[55.58178090860659,-21.146423063942926],[55.580911500430545,-21.145906291685467],[55.580246444730186,-21.145266568051497],[55.5800060647066,-21.14452290725971],[55.58017798517623,-21.14355867577625],[55.58049450436561,-21.142779035118096],[55.58136882236053,-21.142575885224634],[55.581247340543264,-21.14148001491601],[55.581496116608186,-21.141038557872573],[55.5817834380106,-21.139784413868803],[55.58175150240815,-21.13929543733859],[55.581062591773964,-21.13823094630695],[55.58069031183705,-21.137992053332635],[55.5804613038945,-21.13716718743755],[55.57969542365881,-21.13680575084465],[55.5788731093754,-21.137112311338466],[55.577634368684784,-21.13686252417521],[55.575451532677825,-21.136665311964084],[55.574726178844465,-21.13619579345231],[55.57454196343093,-21.135624233909713],[55.573195810805984,-21.134426808712355],[55.57270676386801,-21.133513925647403],[55.57258221493754,-21.134253616080574],[55.5708351474689,-21.13450446288749],[55.56973641579453,-21.135120298231918],[55.56842245645128,-21.13618959000347],[55.56745178671661,-21.136802878623637],[55.56604139954412,-21.137283260340155],[55.56524592199386,-21.137199737830333],[55.562905275807736,-21.13759361710364],[55.56177332984606,-21.137155823606935],[55.558590434209975,-21.137125144638873],[55.55791263269647,-21.13771738238614],[55.55531869146892,-21.13861215603837],[55.554011699337934,-21.138553122061747],[55.553152519127856,-21.138287428194044],[55.551564944603676,-21.136981181743145],[55.550965172328986,-21.136774606322103],[55.550599039423425,-21.136305351789467],[55.54954048601821,-21.135949406946565],[55.54811360891086,-21.135153084187934],[55.546952551694595,-21.134251534445834],[55.54658021202932,-21.133828288788788],[55.54614171650882,-21.134363815064393],[55.5456591870649,-21.134478008337208],[55.544588436151855,-21.135373948940234],[55.54356126627757,-21.13565147384539],[55.542703220828315,-21.136258357699948],[55.5418526604772,-21.136493128346988],[55.540123900368485,-21.136638121969472],[55.53819804655823,-21.137047879031066],[55.53756701752467,-21.1368888637036],[55.536392266625526,-21.137191265728163],[55.535183744611004,-21.137304571159422],[55.534339529002644,-21.136892573698344],[55.53375898350155,-21.136300383005274],[55.532407913402324,-21.13583249685654],[55.53178640179394,-21.135783749184355],[55.53109606620872,-21.135977397782426],[55.53087513615448,-21.136315132833023],[55.52980490670105,-21.135977032093795],[55.52941164884542,-21.136019686917813],[55.52813402484962,-21.135526208747685],[55.52694985680768,-21.13580678310107],[55.52659649236991,-21.13629421569861],[55.52652634412607,-21.136864508423898],[55.52569299375932,-21.137011723372204],[55.524940175977555,-21.138069286190245],[55.52410660305532,-21.13823817079532],[55.524128123944905,-21.13898179637256],[55.52368355799439,-21.13963463892181],[55.524570280116166,-21.14110033820327],[55.525241320204515,-21.14247020866154],[55.524159888871495,-21.14248246395472],[55.52364900638762,-21.142150101817034],[55.522407835382964,-21.142152822920323],[55.52207505316032,-21.142600677553812],[55.521093127538975,-21.143258756269613],[55.52170928528023,-21.144043708177005],[55.521793411378496,-21.144784266458576],[55.522198343365545,-21.145314441006096],[55.52336871128224,-21.145948853193445],[55.52329842262981,-21.1464342292806],[55.524482502434296,-21.14743550437304],[55.5248173815546,-21.148137597880698],[55.524673171343295,-21.148892424741447],[55.525288645110116,-21.15227893799829],[55.52480624754066,-21.153441830069557],[55.52469736117004,-21.154226773946142],[55.524240601314894,-21.15474491293615],[55.52448199453009,-21.155942117456572],[55.52532112418918,-21.15706955665447],[55.525564403268156,-21.15846641127177],[55.52608560812819,-21.159318272054055],[55.52626709385158,-21.160051546673532],[55.527205275459956,-21.1616829930268],[55.52768487580625,-21.162751285479295],[55.52851589830017,-21.16334116174577],[55.52838440638283,-21.16378355069485],[55.528475142861716,-21.16551511185039],[55.52824927236571,-21.166346915873692],[55.52830752786881,-21.16698065382914],[55.528134936654965,-21.169143518858217],[55.528622066224834,-21.170037533095694],[55.52933186251224,-21.17100936211975],[55.53052425602916,-21.17226451066235],[55.5315185060607,-21.17398404686067],[55.53159917515741,-21.174690244691693],[55.53188894259046,-21.17538561170906],[55.531583650265574,-21.176262799393225],[55.53120102252735,-21.178241370978046],[55.53135666519535,-21.178865114130158],[55.53086725329364,-21.180732550495595],[55.53046986213009,-21.181766112765214],[55.53063366573634,-21.18390299561936],[55.5298977466541,-21.184202823095717],[55.530184685905915,-21.184892748286117],[55.53027278235215,-21.186016346153203],[55.53008726120855,-21.186271276667185],[55.529112370424976,-21.18570454064875],[55.52835353584093,-21.18481538764769],[55.527986940953085,-21.183416560418824],[55.52521466724666,-21.18286936985577],[55.52323747224625,-21.182856623256733],[55.51944285161358,-21.183616542828503],[55.51885979659864,-21.183362117888798],[55.518557442596475,-21.184031538628656],[55.5172890111278,-21.185284160855222],[55.51635472984131,-21.18519014640705],[55.51570774908301,-21.186032682729273],[55.51539071276491,-21.18710936470458],[55.5155219016933,-21.189404044779753],[55.51521114704903,-21.189754512302073],[55.51531253479073,-21.190789703419412],[55.51552003470769,-21.191133884410828],[55.5157804702319,-21.19350738450581],[55.5155382331232,-21.196350709994046],[55.51508659170598,-21.19672523114415],[55.51508484497166,-21.197670990002752],[55.5140857115228,-21.19866037065735],[55.5156293628352,-21.200822936228537],[55.51507671303284,-21.201953549117686],[55.51504833840661,-21.202286623904232],[55.514445089512506,-21.20288925175475],[55.51395378806516,-21.203085466110327],[55.51219473212752,-21.204829640387974],[55.51092262329591,-21.205176141844223],[55.51090161780917,-21.205541799677114],[55.509268498023694,-21.20490591029638],[55.50895103449943,-21.20438460452915],[55.50772807674038,-21.204249145309255],[55.50676078308771,-21.20570306240337],[55.50710083827191,-21.205988806494727],[55.5081692265303,-21.207512204284917],[55.50862821133081,-21.208521648396097],[55.50854028957595,-21.209314885804424],[55.51011336599017,-21.21123476890666],[55.51060637946547,-21.21163928741238],[55.51182888559661,-21.21182621385773],[55.512236157948635,-21.212424185040337],[55.51401375428099,-21.2140341932996],[55.51337176582476,-21.215036641913283],[55.51363470801309,-21.21561888610933],[55.513141311855804,-21.21630828763875],[55.51280114857882,-21.217568126334747],[55.511774167439036,-21.21853284880406],[55.51164699654207,-21.218821691645672],[55.51051489647384,-21.219603912290324],[55.51255812565235,-21.219804400443365],[55.5129326754548,-21.220113021380392],[55.51325136589387,-21.221093216131145],[55.512963597579144,-21.22231467299776],[55.512392571668094,-21.22296093072321],[55.511563332155475,-21.222840704880678],[55.5108770544278,-21.223450711236534],[55.51118822848679,-21.22402706135398],[55.51125973385131,-21.22477382984898],[55.51183690678748,-21.225628939602984],[55.512032516214596,-21.226489716584027],[55.51151074047213,-21.227314357202946],[55.510681463085284,-21.22777134314566],[55.50909455007539,-21.229224309715914],[55.50745768519805,-21.22989364561045],[55.50671555039133,-21.229826556922582],[55.50553038998639,-21.229361697333935],[55.50454692886399,-21.229436991447265],[55.50411717122746,-21.230016721137037],[55.50258739462272,-21.23114583958926],[55.50220531601805,-21.231582360410783],[55.50089254834076,-21.2315417946406],[55.50036826511584,-21.2320348591595],[55.50052437971434,-21.232317176305607],[55.49966551539393,-21.23293101765572],[55.49981488065293,-21.233309026245234],[55.499774880836334,-21.23450103963161],[55.500321256187995,-21.234968392595672],[55.50036066549454,-21.2356444188043],[55.49995136216962,-21.236484470798946],[55.49911487532046,-21.2370741173786],[55.49889191720976,-21.23758882623879],[55.49794223022872,-21.238033832774285],[55.497485202940155,-21.23844709078298],[55.496425679908775,-21.238985957116174],[55.495225105236266,-21.23937180221315],[55.49407847578647,-21.239378730910715],[55.49328665496788,-21.239551417191926],[55.49257333175159,-21.239300246913743],[55.491551139549756,-21.239292914357325],[55.49099763428744,-21.238675521061054],[55.48884233719823,-21.238767330799174],[55.487943619804184,-21.239029364618673],[55.48806909468865,-21.239857917550783],[55.488368731143616,-21.240614863744216],[55.48830134882086,-21.241270059707453],[55.48902963644666,-21.242605349171175],[55.489032238463366,-21.243484288938824],[55.48988034809033,-21.24393631250532],[55.49145072978174,-21.243952175011547],[55.492084407579824,-21.244362524010697],[55.491819462738796,-21.2448334871344],[55.491141271194394,-21.24491504067107],[55.49023929503899,-21.24625018302499],[55.48980499367123,-21.246130670637662],[55.48881033828616,-21.24729244273627],[55.48862486560652,-21.247811084042134],[55.48785463931698,-21.24860089279835],[55.48672277783868,-21.249136333327623],[55.48554046240437,-21.24932805706987],[55.48489048694593,-21.249757609595537],[55.48458072361246,-21.250462112248716],[55.4840677437779,-21.251062713598937],[55.4838381530493,-21.251653215864724],[55.48334392899643,-21.251926987553407],[55.48265943760716,-21.251867533068786],[55.48173929202528,-21.25289533647344],[55.48057565620532,-21.253423220042965],[55.47963981283458,-21.254194331394466],[55.47944074604327,-21.254531273887935]]]},"properties":{"ID":"COMMUNE_0000001400385502","NOM":"Le Tampon","NOM_M":"LE TAMPON","INSEE_COM":"97422","STATUT":"Commune simple","POPULATION":81964,"INSEE_CAN":"99","INSEE_ARR":"2","INSEE_DEP":"974","INSEE_REG":"04","SIREN_EPCI":"249740085"}}
]}